"","x"
"1","36522"
"2","35586"
"3","33161"
"4","32204"
"5","11709"
"6","92678"
"7","95677"
"8","94931"
"9","96713"
"10","96793"
"11","50629"
"12","51537"
"13","50105"
"14","52066"
"15","46039"
"16","07670"
"17","71485"
"18","70601"
"19","04284"
"20","04555"
"21","71430"
"22","91301"
"23","90262"
"24","96106"
"25","91767"
"26","91106"
"27","58552"
"28","62513"
"29","60433"
"30","62615"
"31","60030"
"32","50062"
"33","52581"
"34","50116"
"35","67452"
"36","71454"
"37","21713"
"38","28734"
"39","93648"
"40","95310"
"41","91723"
"42","91755"
"43","81089"
"44","80030"
"45","60051"
"46","60175"
"47","52245"
"48","50035"
"49","56349"
"50","52224"
"51","50214"
"52","50843"
"53","52543"
"54","20706"
"55","21862"
"56","04348"
"57","04040"
"58","80110"
"59","80643"
"60","74948"
"61","80016"
"62","80124"
"63","06335"
"64","60073"
"65","62702"
"66","60060"
"67","51465"
"68","66870"
"69","67028"
"70","66218"
"71","03032"
"72","04091"
"73","20902"
"74","04496"
"75","04461"
"76","06375"
"77","06118"
"78","06473"
"79","06787"
"80","06248"
"81","06451"
"82","73439"
"83","62561"
"84","62214"
"85","62635"
"86","67017"
"87","67420"
"88","66754"
"89","50146"
"90","04457"
"91","04042"
"92","04572"
"93","03862"
"94","06073"
"95","06330"
"96","81241"
"97","62838"
"98","60970"
"99","62532"
"100","67060"
"101","66439"
"102","67460"
"103","67427"
"104","11229"
"105","01082"
"106","01760"
"107","01026"
"108","21778"
"109","21077"
"110","34761"
"111","33954"
"112","34240"
"113","33563"
"114","60959"
"115","30276"
"116","07974"
"117","62345"
"118","60008"
"119","60056"
"120","67548"
"121","40229"
"122","40272"
"123","21628"
"124","48209"
"125","01721"
"126","01904"
"127","03052"
"128","01821"
"129","01012"
"130","32145"
"131","33412"
"132","06010"
"133","06756"
"134","06085"
"135","34474"
"136","61723"
"137","62033"
"138","75412"
"139","62324"
"140","40489"
"141","41095"
"142","72201"
"143","72123"
"144","72760"
"145","72944"
"146","32773"
"147","33843"
"148","32081"
"149","75932"
"150","62418"
"151","62271"
"152","62872"
"153","40740"
"154","40515"
"155","91207"
"156","90011"
"157","91352"
"158","93701"
"159","95991"
"160","75633"
"161","34786"
"162","34289"
"163","34688"
"164","31810"
"165","46901"
"166","47320"
"167","46939"
"168","46049"
"169","67672"
"170","66213"
"171","75488"
"172","67347"
"173","90504"
"174","90650"
"175","92027"
"176","30228"
"177","30605"
"178","47975"
"179","47024"
"180","47456"
"181","41317"
"182","97459"
"183","40022"
"184","41659"
"185","95620"
"186","92110"
"187","30733"
"188","31051"
"189","30634"
"190","46121"
"191","46783"
"192","46562"
"193","98331"
"194","40873"
"195","40146"
"196","72824"
"197","95333"
"198","95128"
"199","30126"
"200","30046"
"201","30756"
"202","46203"
"203","47244"
"204","98353"
"205","47145"
"206","40037"
"207","42047"
"208","16055"
"209","19473"
"210","15238"
"211","56175"
"212","56083"
"213","55448"
"214","56442"
"215","24093"
"216","87562"
"217","08224"
"218","87111"
"219","27855"
"220","27812"
"221","18923"
"222","15120"
"223","16720"
"224","56003"
"225","39323"
"226","31557"
"227","24740"
"228","87579"
"229","88053"
"230","08758"
"231","27209"
"232","27938"
"233","18411"
"234","19390"
"235","02860"
"236","15228"
"237","15561"
"238","97138"
"239","38941"
"240","55310"
"241","38860"
"242","87023"
"243","10992"
"244","12209"
"245","12477"
"246","11427"
"247","28610"
"248","44264"
"249","16937"
"250","44865"
"251","19344"
"252","19606"
"253","19153"
"254","38745"
"255","38722"
"256","38856"
"257","10953"
"258","11218"
"259","10596"
"260","57641"
"261","11369"
"262","10458"
"263","12427"
"264","14065"
"265","58267"
"266","58281"
"267","58257"
"268","43044"
"269","17212"
"270","17026"
"271","15901"
"272","15433"
"273","15301"
"274","38756"
"275","38642"
"276","14836"
"277","10589"
"278","14812"
"279","58750"
"280","58641"
"281","45102"
"282","35150"
"283","15633"
"284","19152"
"285","15214"
"286","19440"
"287","16683"
"288","18452"
"289","39149"
"290","38627"
"291","65752"
"292","63057"
"293","36265"
"294","65078"
"295","11548"
"296","12084"
"297","11713"
"298","11746"
"299","58847"
"300","58520"
"301","16602"
"302","15340"
"303","15126"
"304","35053"
"305","44254"
"306","43711"
"307","65274"
"308","65360"
"309","65790"
"310","13810"
"311","14416"
"312","88126"
"313","11566"
"314","10461"
"315","36688"
"316","43728"
"317","58734"
"318","44614"
"319","58343"
"320","44889"
"321","43431"
"322","44032"
"323","39741"
"324","63447"
"325","63124"
"326","36742"
"327","12856"
"328","11001"
"329","10465"
"330","68726"
"331","13739"
"332","13042"
"333","14813"
"334","10503"
"335","43071"
"336","44830"
"337","30303"
"338","99669"
"339","43009"
"340","43931"
"341","43469"
"342","63041"
"343","64647"
"344","65604"
"345","63005"
"346","68527"
"347","69040"
"348","13324"
"349","36075"
"350","13345"
"351","13472"
"352","72131"
"353","49412"
"354","64017"
"355","64659"
"356","63750"
"357","64423"
"358","59830"
"359","59214"
"360","35559"
"361","10524"
"362","74748"
"363","43035"
"364","73165"
"365","48739"
"366","48380"
"367","48855"
"368","64466"
"369","03053"
"370","03275"
"371","99692"
"372","02830"
"373","68450"
"374","68816"
"375","68031"
"376","74962"
"377","45345"
"378","49886"
"379","48820"
"380","49082"
"381","89115"
"382","99662"
"383","03860"
"384","08403"
"385","07869"
"386","64441"
"387","59338"
"388","11225"
"389","74332"
"390","73092"
"391","74060"
"392","48455"
"393","85646"
"394","49060"
"395","89430"
"396","03856"
"397","03287"
"398","03887"
"399","03261"
"400","03817"
"401","28704"
"402","28778"
"403","14462"
"404","86434"
"405","74860"
"406","73487"
"407","74145"
"408","73566"
"409","55313"
"410","55352"
"411","68358"
"412","08882"
"413","29926"
"414","03465"
"415","71852"
"416","03818"
"417","12985"
"418","27615"
"419","15057"
"420","97214"
"421","97034"
"422","55388"
"423","56725"
"424","56357"
"425","55368"
"426","72223"
"427","55102"
"428","89014"
"429","87001"
"430","14870"
"431","28227"
"432","27028"
"433","12092"
"434","28371"
"435","15613"
"436","97223"
"437","71638"
"438","15052"
"439","56362"
"440","56069"
"441","08098"
"442","87552"
"443","14507"
"444","13209"
"445","13674"
"446","27510"
"447","97824"
"448","31804"
"449","71865"
"450","15085"
"451","76890"
"452","76660"
"453","75415"
"454","76114"
"455","78643"
"456","25088"
"457","25130"
"458","25093"
"459","25639"
"460","71772"
"461","24946"
"462","98168"
"463","57585"
"464","29849"
"465","75602"
"466","78623"
"467","78204"
"468","79381"
"469","26519"
"470","25160"
"471","93254"
"472","24894"
"473","24826"
"474","82432"
"475","57623"
"476","37312"
"477","75566"
"478","37178"
"479","24870"
"480","25125"
"481","05822"
"482","93604"
"483","25183"
"484","53952"
"485","37075"
"486","37804"
"487","29074"
"488","37692"
"489","78751"
"490","38016"
"491","76251"
"492","25534"
"493","95963"
"494","25022"
"495","25411"
"496","26266"
"497","99185"
"498","37366"
"499","57260"
"500","37880"
"501","78142"
"502","38104"
"503","26374"
"504","94534"
"505","25515"
"506","54928"
"507","82411"
"508","54129"
"509","37150"
"510","37814"
"511","37848"
"512","38260"
"513","78343"
"514","37762"
"515","95338"
"516","99032"
"517","98650"
"518","82845"
"519","62092"
"520","53405"
"521","37060"
"522","37016"
"523","75756"
"524","37175"
"525","25420"
"526","95642"
"527","24881"
"528","26136"
"529","61232"
"530","30251"
"531","62520"
"532","65325"
"533","37080"
"534","15357"
"535","15845"
"536","79035"
"537","93620"
"538","22936"
"539","98503"
"540","84014"
"541","84043"
"542","95938"
"543","06779"
"544","12791"
"545","12058"
"546","16668"
"547","17047"
"548","95947"
"549","16851"
"550","22066"
"551","23075"
"552","24352"
"553","84522"
"554","84652"
"555","05059"
"556","05736"
"557","12976"
"558","01605"
"559","30222"
"560","92544"
"561","69165"
"562","07094"
"563","16914"
"564","17868"
"565","16733"
"566","17221"
"567","17049"
"568","24641"
"569","75692"
"570","05669"
"571","90712"
"572","84115"
"573","84776"
"574","33409"
"575","32061"
"576","83123"
"577","19116"
"578","79560"
"579","75238"
"580","77074"
"581","84328"
"582","93226"
"583","84653"
"584","82005"
"585","05757"
"586","05761"
"587","53220"
"588","15337"
"589","02826"
"590","15345"
"591","29204"
"592","76049"
"593","95140"
"594","77044"
"595","05855"
"596","23153"
"597","54519"
"598","53580"
"599","53922"
"600","53097"
"601","15030"
"602","15129"
"603","29436"
"604","90278"
"605","75931"
"606","78877"
"607","20152"
"608","54981"
"609","54486"
"610","16403"
"611","16341"
"612","17271"
"613","75147"
"614","75041"
"615","90035"
"616","79903"
"617","75223"
"618","77028"
"619","24101"
"620","99208"
"621","53521"
"622","53027"
"623","53058"
"624","29118"
"625","29516"
"626","90813"
"627","75078"
"628","77367"
"629","75762"
"630","99353"
"631","22460"
"632","06777"
"633","54560"
"634","94950"
"635","57104"
"636","02802"
"637","80920"
"638","29449"
"639","79540"
"640","75667"
"641","79344"
"642","76466"
"643","79699"
"644","98936"
"645","98568"
"646","60110"
"647","80727"
"648","80544"
"649","80825"
"650","35203"
"651","36606"
"652","19530"
"653","36748"
"654","35046"
"655","35228"
"656","57317"
"657","38066"
"658","42451"
"659","80466"
"660","46356"
"661","01830"
"662","21403"
"663","04750"
"664","45771"
"665","08069"
"666","07760"
"667","10526"
"668","35457"
"669","36703"
"670","30464"
"671","06906"
"672","36580"
"673","36535"
"674","36526"
"675","62443"
"676","20676"
"677","51241"
"678","88231"
"679","38460"
"680","10304"
"681","35671"
"682","06111"
"683","95648"
"684","91759"
"685","71676"
"686","94577"
"687","36112"
"688","06405"
"689","04849"
"690","04650"
"691","56036"
"692","56138"
"693","33020"
"694","57068"
"695","13152"
"696","07832"
"697","36013"
"698","36039"
"699","99648"
"700","85650"
"701","81067"
"702","06071"
"703","19803"
"704","06350"
"705","49670"
"706","50060"
"707","07732"
"708","08535"
"709","08542"
"710","87322"
"711","19021"
"712","87566"
"713","85616"
"714","85284"
"715","06608"
"716","99565"
"717","19953"
"718","92308"
"719","06355"
"720","94109"
"721","85053"
"722","19810"
"723","71044"
"724","51561"
"725","68942"
"726","32603"
"727","08540"
"728","08060"
"729","71847"
"730","72540"
"731","06897"
"732","81025"
"733","63953"
"734","02564"
"735","49043"
"736","68421"
"737","32962"
"738","18042"
"739","77611"
"740","72057"
"741","72928"
"742","71820"
"743","62821"
"744","32219"
"745","32423"
"746","02790"
"747","04090"
"748","30072"
"749","04691"
"750","21612"
"751","12062"
"752","28526"
"753","12749"
"754","72640"
"755","72584"
"756","33905"
"757","95369"
"758","20746"
"759","30429"
"760","01463"
"761","02053"
"762","64461"
"763","12771"
"764","28134"
"765","10598"
"766","78401"
"767","71644"
"768","93705"
"769","94924"
"770","31836"
"771","90631"
"772","33914"
"773","30757"
"774","48348"
"775","08203"
"776","48145"
"777","49654"
"778","14437"
"779","58237"
"780","15428"
"781","31650"
"782","96755"
"783","42713"
"784","47557"
"785","30629"
"786","62433"
"787","61019"
"788","01604"
"789","01581"
"790","49253"
"791","48191"
"792","23488"
"793","96796"
"794","45056"
"795","43502"
"796","43119"
"797","49719"
"798","50556"
"799","99031"
"800","02071"
"801","06250"
"802","60637"
"803","06076"
"804","96772"
"805","06883"
"806","32825"
"807","63627"
"808","56057"
"809","43001"
"810","44906"
"811","44410"
"812","73007"
"813","75163"
"814","47342"
"815","60632"
"816","24270"
"817","32765"
"818","04643"
"819","47561"
"820","38870"
"821","13618"
"822","73840"
"823","24941"
"824","98651"
"825","24871"
"826","60458"
"827","25303"
"828","25270"
"829","25112"
"830","04005"
"831","04859"
"832","62885"
"833","65658"
"834","14885"
"835","64431"
"836","68023"
"837","83354"
"838","27936"
"839","74730"
"840","15417"
"841","26050"
"842","44511"
"843","55407"
"844","45674"
"845","68350"
"846","04684"
"847","04479"
"848","61466"
"849","58273"
"850","04655"
"851","47665"
"852","04063"
"853","04109"
"854","28411"
"855","07874"
"856","07036"
"857","53083"
"858","53820"
"859","61528"
"860","73931"
"861","19135"
"862","15022"
"863","05763"
"864","84311"
"865","15711"
"866","78144"
"867","23163"
"868","75764"
"869","66541"
"870","62856"
"871","68978"
"872","30043"
"873","68939"
"874","97211"
"875","11754"
"876","97135"
"877","25264"
"878","15644"
"879","58219"
"880","79326"
"881","62279"
"882","45859"
"883","29709"
"884","31792"
"885","66618"
"886","08731"
"887","07458"
"888","58844"
"889","36330"
"890","35117"
"891","31016"
"892","96716"
"893","60301"
"894","30092"
"895","46767"
"896","46217"
"897","46383"
"898","41772"
"899","42028"
"900","92352"
"901","92571"
"902","95695"
"903","95653"
"904","47437"
"905","30187"
"906","30540"
"907","47143"
"908","46933"
"909","46104"
"910","46044"
"911","70529"
"912","48626"
"913","48316"
"914","48360"
"915","47654"
"916","96040"
"917","94402"
"918","30316"
"919","31307"
"920","30753"
"921","46763"
"922","47955"
"923","47115"
"924","50630"
"925","70354"
"926","46146"
"927","70665"
"928","70721"
"929","70552"
"930","04574"
"931","95387"
"932","92113"
"933","93255"
"934","30038"
"935","31641"
"936","31629"
"937","46016"
"938","50170"
"939","50025"
"940","50101"
"941","50067"
"942","04451"
"943","04475"
"944","70581"
"945","20740"
"946","21234"
"947","95957"
"948","50667"
"949","92843"
"950","83605"
"951","96729"
"952","50128"
"953","50468"
"954","50027"
"955","50668"
"956","52807"
"957","21213"
"958","04227"
"959","50039"
"960","20876"
"961","04468"
"962","93465"
"963","93926"
"964","96749"
"965","96857"
"966","39866"
"967","31807"
"968","52255"
"969","50569"
"970","50314"
"971","51575"
"972","50233"
"973","50438"
"974","04418"
"975","04493"
"976","04267"
"977","21401"
"978","92612"
"979","95325"
"980","60404"
"981","51436"
"982","60478"
"983","60187"
"984","60126"
"985","60025"
"986","60137"
"987","52154"
"988","52347"
"989","50517"
"990","01039"
"991","01109"
"992","52401"
"993","20777"
"994","49450"
"995","01876"
"996","01503"
"997","94586"
"998","94963"
"999","80516"
"1000","60436"
"1001","61414"
"1002","60526"
"1003","83401"
"1004","52312"
"1005","61016"
"1006","60551"
"1007","52032"
"1008","52211"
"1009","66763"
"1010","01245"
"1011","49008"
"1012","01985"
"1013","01236"
"1014","02108"
"1015","50673"
"1016","01264"
"1017","80910"
"1018","80542"
"1019","80906"
"1020","80211"
"1021","80861"
"1022","06798"
"1023","61911"
"1024","62627"
"1025","67871"
"1026","40744"
"1027","66550"
"1028","67738"
"1029","67646"
"1030","49316"
"1031","48350"
"1032","48741"
"1033","49080"
"1034","06447"
"1035","06417"
"1036","06517"
"1037","42431"
"1038","06260"
"1039","06455"
"1040","06461"
"1041","62440"
"1042","60964"
"1043","62518"
"1044","62413"
"1045","66503"
"1046","67354"
"1047","67657"
"1048","41311"
"1049","66095"
"1050","49650"
"1051","48070"
"1052","48025"
"1053","49616"
"1054","48722"
"1055","49769"
"1056","06063"
"1057","06105"
"1058","80652"
"1059","41146"
"1060","32607"
"1061","19805"
"1062","60146"
"1063","60490"
"1064","62854"
"1065","61367"
"1066","62933"
"1067","42553"
"1068","40175"
"1069","93458"
"1070","41729"
"1071","95134"
"1072","92309"
"1073","33126"
"1074","34737"
"1075","33709"
"1076","34669"
"1077","19931"
"1078","61078"
"1079","62275"
"1080","61748"
"1081","42061"
"1082","40299"
"1083","40461"
"1084","95124"
"1085","95340"
"1086","34481"
"1087","32810"
"1088","06095"
"1089","06477"
"1090","62694"
"1091","62063"
"1092","71018"
"1093","67146"
"1094","67349"
"1095","41226"
"1096","71658"
"1097","72926"
"1098","32065"
"1099","32024"
"1100","32955"
"1101","61041"
"1102","62217"
"1103","70084"
"1104","61616"
"1105","47224"
"1106","41352"
"1107","41562"
"1108","72004"
"1109","72373"
"1110","33610"
"1111","33406"
"1112","32547"
"1113","32503"
"1114","81621"
"1115","62812"
"1116","71203"
"1117","33909"
"1118","47125"
"1119","47436"
"1120","46550"
"1121","40813"
"1122","42528"
"1123","72141"
"1124","94530"
"1125","95231"
"1126","91406"
"1127","04928"
"1128","32202"
"1129","30277"
"1130","46160"
"1131","46920"
"1132","40014"
"1133","42634"
"1134","16362"
"1135","15106"
"1136","19040"
"1137","15951"
"1138","21040"
"1139","63146"
"1140","63049"
"1141","64870"
"1142","63823"
"1143","10010"
"1144","65571"
"1145","68042"
"1146","68505"
"1147","68001"
"1148","45381"
"1149","20629"
"1150","44707"
"1151","58423"
"1152","44074"
"1153","17229"
"1154","17061"
"1155","15458"
"1156","64120"
"1157","39156"
"1158","63040"
"1159","63740"
"1160","04739"
"1161","59482"
"1162","59401"
"1163","58442"
"1164","45732"
"1165","15205"
"1166","16881"
"1167","65011"
"1168","64019"
"1169","65483"
"1170","68335"
"1171","04497"
"1172","68856"
"1173","14560"
"1174","10001"
"1175","12042"
"1176","13164"
"1177","17847"
"1178","17812"
"1179","18106"
"1180","65339"
"1181","65647"
"1182","04434"
"1183","65564"
"1184","02874"
"1185","65764"
"1186","12197"
"1187","12777"
"1188","13756"
"1189","11804"
"1190","15801"
"1191","15551"
"1192","63441"
"1193","04448"
"1194","02814"
"1195","03816"
"1196","03243"
"1197","27544"
"1198","28401"
"1199","12992"
"1200","13402"
"1201","12745"
"1202","15360"
"1203","15734"
"1204","04847"
"1205","15429"
"1206","17870"
"1207","03301"
"1208","68854"
"1209","03244"
"1210","68742"
"1211","89117"
"1212","27316"
"1213","27557"
"1214","13809"
"1215","02584"
"1216","73020"
"1217","74333"
"1218","44127"
"1219","45242"
"1220","45734"
"1221","45429"
"1222","02859"
"1223","03063"
"1224","03103"
"1225","08804"
"1226","62231"
"1227","02462"
"1228","68786"
"1229","07103"
"1230","12043"
"1231","12783"
"1232","74724"
"1233","44818"
"1234","43209"
"1235","43735"
"1236","44634"
"1237","45204"
"1238","48234"
"1239","43604"
"1240","43824"
"1241","68736"
"1242","08091"
"1243","03273"
"1244","07801"
"1245","07107"
"1246","03246"
"1247","12928"
"1248","27455"
"1249","01079"
"1250","12567"
"1251","74422"
"1252","74873"
"1253","44506"
"1254","44676"
"1255","45851"
"1256","29212"
"1257","15047"
"1258","03241"
"1259","07076"
"1260","49866"
"1261","03751"
"1262","08558"
"1263","87110"
"1264","07457"
"1265","28373"
"1266","28213"
"1267","27616"
"1268","74361"
"1269","73570"
"1270","73058"
"1271","48049"
"1272","94928"
"1273","49818"
"1274","48032"
"1275","55405"
"1276","87940"
"1277","88027"
"1278","07029"
"1279","07970"
"1280","08805"
"1281","07621"
"1282","48063"
"1283","12455"
"1284","27350"
"1285","27606"
"1286","74839"
"1287","43788"
"1288","97127"
"1289","55396"
"1290","56277"
"1291","56301"
"1292","13041"
"1293","48667"
"1294","13207"
"1295","11753"
"1296","12977"
"1297","14030"
"1298","28670"
"1299","28080"
"1300","97362"
"1301","17360"
"1302","15827"
"1303","97218"
"1304","56710"
"1305","55387"
"1306","56098"
"1307","48822"
"1308","48884"
"1309","13478"
"1310","13339"
"1311","28455"
"1312","27830"
"1313","97352"
"1314","15612"
"1315","55603"
"1316","97489"
"1317","55003"
"1318","55333"
"1319","56534"
"1320","10941"
"1321","12549"
"1322","28708"
"1323","97022"
"1324","97419"
"1325","55008"
"1326","55431"
"1327","56658"
"1328","56576"
"1329","10567"
"1330","13502"
"1331","12787"
"1332","27229"
"1333","58425"
"1334","97106"
"1335","73638"
"1336","56386"
"1337","60104"
"1338","55905"
"1339","39114"
"1340","38736"
"1341","39174"
"1342","13813"
"1343","10032"
"1344","12443"
"1345","12941"
"1346","13603"
"1347","43723"
"1348","58830"
"1349","56032"
"1350","43545"
"1351","17555"
"1352","18080"
"1353","38652"
"1354","39750"
"1355","38945"
"1356","11596"
"1357","14847"
"1358","12859"
"1359","14470"
"1360","56653"
"1361","14170"
"1362","12056"
"1363","45153"
"1364","43154"
"1365","43135"
"1366","15690"
"1367","18017"
"1368","19547"
"1369","79329"
"1370","76093"
"1371","39354"
"1372","76208"
"1373","77478"
"1374","78247"
"1375","26437"
"1376","25839"
"1377","25209"
"1378","25102"
"1379","24811"
"1380","54420"
"1381","54107"
"1382","56456"
"1383","57262"
"1384","57767"
"1385","78748"
"1386","78122"
"1387","78742"
"1388","37057"
"1389","26855"
"1390","26761"
"1391","98621"
"1392","25251"
"1393","38630"
"1394","23004"
"1395","01701"
"1396","29065"
"1397","37303"
"1398","37863"
"1399","57337"
"1400","15225"
"1401","77640"
"1402","77962"
"1403","99036"
"1404","39039"
"1405","25526"
"1406","05674"
"1407","26294"
"1408","05457"
"1409","62661"
"1410","82430"
"1411","38572"
"1412","37031"
"1413","38076"
"1414","98564"
"1415","39330"
"1416","05837"
"1417","82732"
"1418","82060"
"1419","54846"
"1420","61070"
"1421","37167"
"1422","37618"
"1423","38475"
"1424","75149"
"1425","37708"
"1426","65802"
"1427","84033"
"1428","76680"
"1429","05640"
"1430","69367"
"1431","07977"
"1432","31309"
"1433","06031"
"1434","57568"
"1435","38548"
"1436","38573"
"1437","63540"
"1438","75038"
"1439","76831"
"1440","77857"
"1441","84646"
"1442","23220"
"1443","42153"
"1444","12910"
"1445","03450"
"1446","64448"
"1447","16636"
"1448","83657"
"1449","63826"
"1450","17353"
"1451","16645"
"1452","16563"
"1453","15049"
"1454","22554"
"1455","22153"
"1456","38367"
"1457","05458"
"1458","84664"
"1459","68865"
"1460","63837"
"1461","03256"
"1462","54932"
"1463","17304"
"1464","19534"
"1465","15444"
"1466","17970"
"1467","84404"
"1468","24076"
"1469","05759"
"1470","23423"
"1471","63767"
"1472","83857"
"1473","36609"
"1474","92066"
"1475","17023"
"1476","76360"
"1477","77450"
"1478","78759"
"1479","05851"
"1480","22733"
"1481","84336"
"1482","68749"
"1483","54603"
"1484","53943"
"1485","41754"
"1486","64114"
"1487","50574"
"1488","52548"
"1489","77532"
"1490","78224"
"1491","24069"
"1492","20197"
"1493","03240"
"1494","23857"
"1495","54449"
"1496","82929"
"1497","25555"
"1498","05652"
"1499","04216"
"1500","50136"
"1501","66740"
"1502","50274"
"1503","78065"
"1504","03871"
"1505","78526"
"1506","05641"
"1507","05858"
"1508","84120"
"1509","23023"
"1510","20170"
"1511","15853"
"1512","29650"
"1513","79041"
"1514","77872"
"1515","69340"
"1516","22642"
"1517","23462"
"1518","22181"
"1519","54409"
"1520","53523"
"1521","54829"
"1522","17967"
"1523","15832"
"1524","02828"
"1525","02904"
"1526","08320"
"1527","75058"
"1528","77070"
"1529","75770"
"1530","98935"
"1531","98860"
"1532","22193"
"1533","54437"
"1534","02808"
"1535","29033"
"1536","29605"
"1537","68113"
"1538","75034"
"1539","77546"
"1540","23106"
"1541","98849"
"1542","54619"
"1543","54965"
"1544","18347"
"1545","16034"
"1546","15961"
"1547","57231"
"1548","88061"
"1549","78017"
"1550","76380"
"1551","99009"
"1552","98604"
"1553","98665"
"1554","54558"
"1555","53574"
"1556","91934"
"1557","06332"
"1558","57401"
"1559","83546"
"1560","87413"
"1561","29016"
"1562","75442"
"1563","75252"
"1564","75021"
"1565","22832"
"1566","98003"
"1567","25654"
"1568","96785"
"1569","31561"
"1570","54006"
"1571","87701"
"1572","05076"
"1573","05830"
"1574","25674"
"1575","16405"
"1576","15923"
"1577","15926"
"1578","21795"
"1579","01367"
"1580","47341"
"1581","46743"
"1582","07606"
"1583","49806"
"1584","08330"
"1585","18014"
"1586","16150"
"1587","17569"
"1588","36587"
"1589","71826"
"1590","46797"
"1591","67869"
"1592","51648"
"1593","87013"
"1594","20722"
"1595","68636"
"1596","03878"
"1597","43963"
"1598","07833"
"1599","69149"
"1600","68420"
"1601","15327"
"1602","85618"
"1603","85282"
"1604","07939"
"1605","38769"
"1606","72333"
"1607","93042"
"1608","61024"
"1609","20645"
"1610","40826"
"1611","11952"
"1612","29341"
"1613","12526"
"1614","99025"
"1615","07046"
"1616","73430"
"1617","93950"
"1618","06516"
"1619","19933"
"1620","01970"
"1621","70658"
"1622","42722"
"1623","41563"
"1624","57270"
"1625","57457"
"1626","14135"
"1627","08012"
"1628","35673"
"1629","36783"
"1630","94945"
"1631","20037"
"1632","94303"
"1633","67547"
"1634","67651"
"1635","66536"
"1636","08067"
"1637","11570"
"1638","89005"
"1639","07306"
"1640","35766"
"1641","36551"
"1642","85087"
"1643","94971"
"1644","04760"
"1645","68730"
"1646","02649"
"1647","02852"
"1648","12722"
"1649","08088"
"1650","15411"
"1651","36583"
"1652","15530"
"1653","92675"
"1654","62914"
"1655","20837"
"1656","20664"
"1657","15545"
"1658","02861"
"1659","11221"
"1660","07401"
"1661","79934"
"1662","15478"
"1663","35651"
"1664","36607"
"1665","19958"
"1666","32541"
"1667","34138"
"1668","32227"
"1669","33764"
"1670","60555"
"1671","11421"
"1672","21626"
"1673","04619"
"1674","64501"
"1675","28383"
"1676","13068"
"1677","36435"
"1678","35754"
"1679","85043"
"1680","85020"
"1681","95628"
"1682","11416"
"1683","95821"
"1684","30582"
"1685","47712"
"1686","38326"
"1687","38672"
"1688","20748"
"1689","37724"
"1690","13865"
"1691","29642"
"1692","01105"
"1693","11042"
"1694","01103"
"1695","48893"
"1696","47802"
"1697","32439"
"1698","64426"
"1699","10464"
"1700","13622"
"1701","13640"
"1702","13693"
"1703","22831"
"1704","59301"
"1705","98040"
"1706","25113"
"1707","60045"
"1708","62423"
"1709","06339"
"1710","33981"
"1711","33896"
"1712","49302"
"1713","56164"
"1714","14131"
"1715","59808"
"1716","55609"
"1717","43754"
"1718","58783"
"1719","98166"
"1720","05081"
"1721","26203"
"1722","99321"
"1723","13636"
"1724","69129"
"1725","04009"
"1726","59054"
"1727","05079"
"1728","06078"
"1729","06238"
"1730","62910"
"1731","61089"
"1732","48028"
"1733","49337"
"1734","03801"
"1735","45669"
"1736","44625"
"1737","59910"
"1738","44878"
"1739","05062"
"1740","16040"
"1741","37345"
"1742","78117"
"1743","04607"
"1744","71033"
"1745","04096"
"1746","03907"
"1747","02458"
"1748","59436"
"1749","07711"
"1750","03820"
"1751","48879"
"1752","23692"
"1753","05042"
"1754","97454"
"1755","05039"
"1756","05846"
"1757","04103"
"1758","47016"
"1759","59422"
"1760","04107"
"1761","61259"
"1762","27953"
"1763","39352"
"1764","45767"
"1765","05446"
"1766","23607"
"1767","53128"
"1768","74470"
"1769","97466"
"1770","59851"
"1771","17933"
"1772","19602"
"1773","60957"
"1774","67332"
"1775","41101"
"1776","41174"
"1777","01036"
"1778","65641"
"1779","63555"
"1780","27853"
"1781","61852"
"1782","28127"
"1783","08752"
"1784","18660"
"1785","53541"
"1786","15677"
"1787","16045"
"1788","22722"
"1789","06039"
"1790","78619"
"1791","66936"
"1792","51526"
"1793","12473"
"1794","42286"
"1795","28539"
"1796","64832"
"1797","74652"
"1798","73075"
"1799","33617"
"1800","31002"
"1801","30173"
"1802","47837"
"1803","46204"
"1804","27809"
"1805","46011"
"1806","46105"
"1807","47124"
"1808","70131"
"1809","70756"
"1810","70710"
"1811","71106"
"1812","71341"
"1813","91384"
"1814","90248"
"1815","27207"
"1816","91741"
"1817","33190"
"1818","30265"
"1819","46792"
"1820","46012"
"1821","46065"
"1822","47406"
"1823","70395"
"1824","48393"
"1825","48134"
"1826","58069"
"1827","48445"
"1828","71855"
"1829","71711"
"1830","92404"
"1831","92595"
"1832","31709"
"1833","30058"
"1834","46164"
"1835","46950"
"1836","50055"
"1837","45353"
"1838","50023"
"1839","50428"
"1840","70762"
"1841","71456"
"1842","04950"
"1843","04256"
"1844","93633"
"1845","94720"
"1846","95326"
"1847","95234"
"1848","43549"
"1849","30147"
"1850","31719"
"1851","50248"
"1852","50252"
"1853","52227"
"1854","50109"
"1855","50235"
"1856","21001"
"1857","04021"
"1858","20853"
"1859","28366"
"1860","20841"
"1861","91311"
"1862","90043"
"1863","90280"
"1864","90717"
"1865","95135"
"1866","30097"
"1867","39837"
"1868","50243"
"1869","50561"
"1870","58355"
"1871","50244"
"1872","50484"
"1873","52353"
"1874","50277"
"1875","21074"
"1876","04224"
"1877","04253"
"1878","95728"
"1879","94514"
"1880","93562"
"1881","11701"
"1882","92401"
"1883","90201"
"1884","31795"
"1885","31050"
"1886","31532"
"1887","30527"
"1888","50155"
"1889","50071"
"1890","51248"
"1891","52553"
"1892","62046"
"1893","11514"
"1894","51431"
"1895","04049"
"1896","04957"
"1897","04088"
"1898","01775"
"1899","91790"
"1900","95323"
"1901","95652"
"1902","96034"
"1903","93954"
"1904","14627"
"1905","31094"
"1906","96792"
"1907","50020"
"1908","50003"
"1909","50044"
"1910","21779"
"1911","20606"
"1912","02421"
"1913","02062"
"1914","48428"
"1915","13211"
"1916","94538"
"1917","80919"
"1918","80222"
"1919","80911"
"1920","81330"
"1921","96710"
"1922","96791"
"1923","50207"
"1924","50675"
"1925","52214"
"1926","14893"
"1927","50056"
"1928","49321"
"1929","48858"
"1930","01520"
"1931","01610"
"1932","81126"
"1933","80929"
"1934","80644"
"1935","83425"
"1936","96752"
"1937","14112"
"1938","96783"
"1939","67054"
"1940","66738"
"1941","66952"
"1942","02341"
"1943","48917"
"1944","01238"
"1945","48105"
"1946","80443"
"1947","06469"
"1948","74546"
"1949","06423"
"1950","96816"
"1951","96705"
"1952","60124"
"1953","61049"
"1954","60142"
"1955","66086"
"1956","67301"
"1957","66860"
"1958","48632"
"1959","97625"
"1960","48747"
"1961","48103"
"1962","06750"
"1963","06259"
"1964","06032"
"1965","06515"
"1966","06518"
"1967","60480"
"1968","61928"
"1969","62079"
"1970","97638"
"1971","62664"
"1972","61320"
"1973","67210"
"1974","66938"
"1975","66865"
"1976","67581"
"1977","99720"
"1978","99550"
"1979","72526"
"1980","72411"
"1981","97541"
"1982","32808"
"1983","34461"
"1984","20008"
"1985","34797"
"1986","33319"
"1987","62935"
"1988","62469"
"1989","61109"
"1990","40245"
"1991","41030"
"1992","97039"
"1993","72390"
"1994","72023"
"1995","34117"
"1996","34293"
"1997","34772"
"1998","62016"
"1999","61443"
"2000","62097"
"2001","42368"
"2002","41739"
"2003","60141"
"2004","97128"
"2005","72904"
"2006","72125"
"2007","72663"
"2008","72036"
"2009","06489"
"2010","06033"
"2011","33597"
"2012","62851"
"2013","62442"
"2014","60193"
"2015","74468"
"2016","42441"
"2017","40328"
"2018","72102"
"2019","72443"
"2020","72832"
"2021","32827"
"2022","32563"
"2023","32466"
"2024","33185"
"2025","33403"
"2026","15454"
"2027","33944"
"2028","62539"
"2029","61460"
"2030","61230"
"2031","61472"
"2032","61416"
"2033","47368"
"2034","40346"
"2035","67111"
"2036","41204"
"2037","19442"
"2038","40203"
"2039","90250"
"2040","92503"
"2041","94951"
"2042","33167"
"2043","34997"
"2044","30558"
"2045","46953"
"2046","46036"
"2047","47432"
"2048","15142"
"2049","42458"
"2050","41604"
"2051","41642"
"2052","40863"
"2053","70586"
"2054","70065"
"2055","17048"
"2056","16156"
"2057","15233"
"2058","15954"
"2059","17748"
"2060","45115"
"2061","56118"
"2062","55353"
"2063","56449"
"2064","10980"
"2065","12589"
"2066","11414"
"2067","12160"
"2068","58054"
"2069","28617"
"2070","17222"
"2071","43206"
"2072","43432"
"2073","44613"
"2074","44443"
"2075","45652"
"2076","44138"
"2077","56667"
"2078","56544"
"2079","38762"
"2080","12936"
"2081","18079"
"2082","11203"
"2083","11949"
"2084","14626"
"2085","10473"
"2086","45177"
"2087","58016"
"2088","12824"
"2089","14204"
"2090","45773"
"2091","37138"
"2092","17934"
"2093","38390"
"2094","56660"
"2095","38771"
"2096","12451"
"2097","14837"
"2098","13424"
"2099","12406"
"2100","10606"
"2101","12067"
"2102","16504"
"2103","17005"
"2104","19038"
"2105","02906"
"2106","29617"
"2107","38721"
"2108","39217"
"2109","38759"
"2110","64480"
"2111","63134"
"2112","10518"
"2113","13030"
"2114","62947"
"2115","16151"
"2116","12842"
"2117","12496"
"2118","14731"
"2119","12442"
"2120","29505"
"2121","16255"
"2122","15217"
"2123","65774"
"2124","64637"
"2125","39772"
"2126","16333"
"2127","14103"
"2128","14427"
"2129","12472"
"2130","10923"
"2131","12474"
"2132","12781"
"2133","45775"
"2134","45135"
"2135","16334"
"2136","29826"
"2137","45838"
"2138","29834"
"2139","29229"
"2140","15363"
"2141","38952"
"2142","02888"
"2143","64036"
"2144","11756"
"2145","59485"
"2146","65255"
"2147","59312"
"2148","45330"
"2149","68044"
"2150","74026"
"2151","43005"
"2152","73078"
"2153","73647"
"2154","74646"
"2155","43332"
"2156","29726"
"2157","57266"
"2158","29205"
"2159","45618"
"2160","63862"
"2161","65755"
"2162","63557"
"2163","65680"
"2164","59932"
"2165","02825"
"2166","73544"
"2167","97305"
"2168","29129"
"2169","29166"
"2170","43925"
"2171","64771"
"2172","63079"
"2173","64084"
"2174","63739"
"2175","59028"
"2176","28091"
"2177","74451"
"2178","73072"
"2179","74106"
"2180","57355"
"2181","15432"
"2182","29929"
"2183","57537"
"2184","64861"
"2185","63876"
"2186","64658"
"2187","63303"
"2188","13775"
"2189","27713"
"2190","44306"
"2191","73057"
"2192","29125"
"2193","97401"
"2194","16053"
"2195","97722"
"2196","85379"
"2197","49230"
"2198","49503"
"2199","48091"
"2200","49632"
"2201","65333"
"2202","03837"
"2203","29331"
"2204","08827"
"2205","14145"
"2206","12031"
"2207","12817"
"2208","13219"
"2209","11581"
"2210","18342"
"2211","97327"
"2212","15450"
"2213","49091"
"2214","29554"
"2215","48659"
"2216","68834"
"2217","07435"
"2218","89701"
"2219","27536"
"2220","12210"
"2221","12175"
"2222","12918"
"2223","16933"
"2224","17082"
"2225","20017"
"2226","61471"
"2227","19536"
"2228","49751"
"2229","48602"
"2230","55449"
"2231","08720"
"2232","07933"
"2233","68733"
"2234","03812"
"2235","68445"
"2236","03254"
"2237","13302"
"2238","57799"
"2239","28032"
"2240","27849"
"2241","17509"
"2242","19446"
"2243","16360"
"2244","55331"
"2245","56252"
"2246","55079"
"2247","55011"
"2248","68649"
"2249","29056"
"2250","03227"
"2251","68111"
"2252","03303"
"2253","08230"
"2254","28635"
"2255","28137"
"2256","43605"
"2257","15237"
"2258","16801"
"2259","15461"
"2260","29620"
"2261","55110"
"2262","56477"
"2263","56377"
"2264","07106"
"2265","68660"
"2266","69145"
"2267","68152"
"2268","58756"
"2269","44708"
"2270","58626"
"2271","57358"
"2272","17547"
"2273","18078"
"2274","19310"
"2275","56072"
"2276","56320"
"2277","48137"
"2278","03746"
"2279","07921"
"2280","08326"
"2281","87416"
"2282","57439"
"2283","07666"
"2284","07652"
"2285","07112"
"2286","07417"
"2287","88421"
"2288","58067"
"2289","43713"
"2290","58566"
"2291","16803"
"2292","15639"
"2293","57461"
"2294","15090"
"2295","56145"
"2296","56160"
"2297","55752"
"2298","56009"
"2299","88314"
"2300","07042"
"2301","29577"
"2302","87062"
"2303","87107"
"2304","38472"
"2305","58524"
"2306","43930"
"2307","58227"
"2308","45338"
"2309","58241"
"2310","16840"
"2311","15413"
"2312","15330"
"2313","15521"
"2314","22534"
"2315","37616"
"2316","05156"
"2317","22625"
"2318","05148"
"2319","05401"
"2320","05489"
"2321","05474"
"2322","63433"
"2323","58077"
"2324","45303"
"2325","07057"
"2326","37726"
"2327","07032"
"2328","76579"
"2329","75154"
"2330","78222"
"2331","77511"
"2332","23111"
"2333","05255"
"2334","05454"
"2335","05663"
"2336","84340"
"2337","61057"
"2338","37243"
"2339","07086"
"2340","97909"
"2341","17538"
"2342","36542"
"2343","79759"
"2344","76112"
"2345","77498"
"2346","79766"
"2347","24526"
"2348","84040"
"2349","38077"
"2350","05677"
"2351","05065"
"2352","05355"
"2353","78536"
"2354","82714"
"2355","82440"
"2356","82630"
"2357","76858"
"2358","78596"
"2359","75230"
"2360","19477"
"2361","23844"
"2362","05483"
"2363","84635"
"2364","83122"
"2365","05358"
"2366","05742"
"2367","05767"
"2368","54513"
"2369","51006"
"2370","02081"
"2371","15625"
"2372","04910"
"2373","50833"
"2374","77406"
"2375","76566"
"2376","05091"
"2377","22469"
"2378","23138"
"2379","22610"
"2380","67621"
"2381","04741"
"2382","19103"
"2383","25174"
"2384","24719"
"2385","76483"
"2386","24729"
"2387","77306"
"2388","76058"
"2389","78370"
"2390","98108"
"2391","98188"
"2392","05486"
"2393","15348"
"2394","24555"
"2395","53555"
"2396","82412"
"2397","26638"
"2398","26631"
"2399","32053"
"2400","14026"
"2401","04435"
"2402","44874"
"2403","79563"
"2404","15075"
"2405","75759"
"2406","76645"
"2407","75413"
"2408","79410"
"2409","78145"
"2410","98938"
"2411","98565"
"2412","98203"
"2413","98364"
"2414","98311"
"2415","15638"
"2416","98444"
"2417","54730"
"2418","96029"
"2419","21541"
"2420","28660"
"2421","75468"
"2422","78558"
"2423","75062"
"2424","77075"
"2425","23039"
"2426","17822"
"2427","98844"
"2428","53508"
"2429","54822"
"2430","05660"
"2431","02893"
"2432","38552"
"2433","75433"
"2434","79229"
"2435","22039"
"2436","05739"
"2437","77833"
"2438","25827"
"2439","30344"
"2440","54631"
"2441","54911"
"2442","29911"
"2443","05340"
"2444","73564"
"2445","84621"
"2446","79357"
"2447","75438"
"2448","47265"
"2449","76523"
"2450","78344"
"2451","24970"
"2452","25206"
"2453","53048"
"2454","32062"
"2455","71968"
"2456","17302"
"2457","77664"
"2458","75701"
"2459","78113"
"2460","79339"
"2461","24925"
"2462","25437"
"2463","54169"
"2464","53546"
"2465","05828"
"2466","05086"
"2467","38476"
"2468","37072"
"2469","75640"
"2470","76354"
"2471","75785"
"2472","76856"
"2473","98834"
"2474","25611"
"2475","25005"
"2476","05408"
"2477","53177"
"2478","05061"
"2479","54489"
"2480","53005"
"2481","57634"
"2482","78383"
"2483","57058"
"2484","57040"
"2485","20111"
"2486","22980"
"2487","23510"
"2488","25019"
"2489","25444"
"2490","99135"
"2491","84320"
"2492","05404"
"2493","75390"
"2494","05495"
"2495","05868"
"2496","37756"
"2497","38560"
"2498","84715"
"2499","22025"
"2500","25634"
"2501","25512"
"2502","82635"
"2503","06704"
"2504","77012"
"2505","82945"
"2506","06614"
"2507","15442"
"2508","15436"
"2509","17721"
"2510","15611"
"2511","15759"
"2512","22572"
"2513","26133"
"2514","25875"
"2515","79244"
"2516","05444"
"2517","54556"
"2518","53961"
"2519","15747"
"2520","16622"
"2521","15729"
"2522","19008"
"2523","79925"
"2524","24124"
"2525","79225"
"2526","76661"
"2527","05778"
"2528","84744"
"2529","84304"
"2530","59867"
"2531","19733"
"2532","04226"
"2533","59026"
"2534","72539"
"2535","72227"
"2536","72179"
"2537","78070"
"2538","71677"
"2539","96136"
"2540","94548"
"2541","30736"
"2542","21838"
"2543","48001"
"2544","13080"
"2545","06390"
"2546","72561"
"2547","71722"
"2548","75563"
"2549","91321"
"2550","30541"
"2551","50514"
"2552","62982"
"2553","55033"
"2554","49437"
"2555","58249"
"2556","98683"
"2557","44430"
"2558","92236"
"2559","47017"
"2560","75654"
"2561","95250"
"2562","93625"
"2563","96129"
"2564","30041"
"2565","62024"
"2566","48601"
"2567","48371"
"2568","49038"
"2569","01984"
"2570","74445"
"2571","75803"
"2572","43822"
"2573","90061"
"2574","92870"
"2575","93654"
"2576","92253"
"2577","62355"
"2578","33525"
"2579","60401"
"2580","48465"
"2581","03865"
"2582","75482"
"2583","49534"
"2584","48168"
"2585","23602"
"2586","45238"
"2587","44119"
"2588","05775"
"2589","72471"
"2590","93003"
"2591","90241"
"2592","92507"
"2593","78880"
"2594","06374"
"2595","32835"
"2596","04677"
"2597","83286"
"2598","04110"
"2599","27288"
"2600","58102"
"2601","56156"
"2602","05001"
"2603","73055"
"2604","79908"
"2605","74946"
"2606","92325"
"2607","93065"
"2608","93505"
"2609","61065"
"2610","04735"
"2611","62439"
"2612","68039"
"2613","28584"
"2614","53181"
"2615","78363"
"2616","17327"
"2617","17363"
"2618","90240"
"2619","94542"
"2620","92585"
"2621","90065"
"2622","93703"
"2623","95562"
"2624","04609"
"2625","60953"
"2626","75936"
"2627","67003"
"2628","56048"
"2629","14858"
"2630","08750"
"2631","18249"
"2632","17225"
"2633","53070"
"2634","90006"
"2635","90012"
"2636","96016"
"2637","77625"
"2638","90014"
"2639","95925"
"2640","83803"
"2641","02093"
"2642","02762"
"2643","52555"
"2644","08311"
"2645","03076"
"2646","68114"
"2647","87112"
"2648","76825"
"2649","03447"
"2650","73531"
"2651","16865"
"2652","26541"
"2653","93012"
"2654","93219"
"2655","96093"
"2656","60901"
"2657","51347"
"2658","01566"
"2659","78703"
"2660","03902"
"2661","45167"
"2662","63736"
"2663","44140"
"2664","98248"
"2665","99019"
"2666","17830"
"2667","37415"
"2668","36584"
"2669","71635"
"2670","47528"
"2671","79738"
"2672","95488"
"2673","94015"
"2674","20854"
"2675","47150"
"2676","67342"
"2677","44004"
"2678","58542"
"2679","68746"
"2680","98278"
"2681","35044"
"2682","79505"
"2683","35135"
"2684","36038"
"2685","06460"
"2686","06615"
"2687","19975"
"2688","95315"
"2689","06320"
"2690","61615"
"2691","21875"
"2692","56756"
"2693","24184"
"2694","04106"
"2695","64442"
"2696","55303"
"2697","11764"
"2698","35747"
"2699","36322"
"2700","93212"
"2701","92882"
"2702","19938"
"2703","55026"
"2704","23043"
"2705","04578"
"2706","39553"
"2707","04915"
"2708","29707"
"2709","29915"
"2710","12592"
"2711","18337"
"2712","16929"
"2713","06443"
"2714","94607"
"2715","24380"
"2716","72769"
"2717","85086"
"2718","71007"
"2719","04037"
"2720","49675"
"2721","01590"
"2722","02152"
"2723","57770"
"2724","08080"
"2725","35080"
"2726","23890"
"2727","35618"
"2728","99750"
"2729","99626"
"2730","33606"
"2731","33762"
"2732","31626"
"2733","32311"
"2734","20776"
"2735","69168"
"2736","49955"
"2737","23460"
"2738","48622"
"2739","19350"
"2740","02840"
"2741","15059"
"2742","36024"
"2743","15037"
"2744","85225"
"2745","80504"
"2746","30809"
"2747","64856"
"2748","98045"
"2749","21629"
"2750","08691"
"2751","15377"
"2752","85022"
"2753","85268"
"2754","99554"
"2755","72745"
"2756","72442"
"2757","30708"
"2758","33031"
"2759","98294"
"2760","19956"
"2761","20020"
"2762","01340"
"2763","04444"
"2764","04011"
"2765","04287"
"2766","16435"
"2767","37743"
"2768","14546"
"2769","14889"
"2770","99037"
"2771","13144"
"2772","72065"
"2773","72933"
"2774","85135"
"2775","47537"
"2776","46161"
"2777","46070"
"2778","46938"
"2779","46017"
"2780","71411"
"2781","50163"
"2782","99129"
"2783","70732"
"2784","20882"
"2785","64471"
"2786","63088"
"2787","64133"
"2788","65065"
"2789","33470"
"2790","33138"
"2791","33176"
"2792","33890"
"2793","98241"
"2794","46990"
"2795","46701"
"2796","47989"
"2797","50225"
"2798","20783"
"2799","21521"
"2800","21810"
"2801","21653"
"2802","21904"
"2803","65725"
"2804","25071"
"2805","63044"
"2806","13736"
"2807","32505"
"2808","33713"
"2809","32044"
"2810","32086"
"2811","31401"
"2812","51601"
"2813","50148"
"2814","50229"
"2815","26056"
"2816","52330"
"2817","04765"
"2818","20850"
"2819","04238"
"2820","04292"
"2821","65043"
"2822","65757"
"2823","64052"
"2824","30345"
"2825","31005"
"2826","26366"
"2827","31028"
"2828","51338"
"2829","52342"
"2830","50072"
"2831","04415"
"2832","04265"
"2833","04776"
"2834","04029"
"2835","63452"
"2836","64489"
"2837","25201"
"2838","65788"
"2839","30116"
"2840","50051"
"2841","50548"
"2842","52035"
"2843","50835"
"2844","04263"
"2845","01104"
"2846","21756"
"2847","01752"
"2848","26426"
"2849","01748"
"2850","02333"
"2851","65023"
"2852","03740"
"2853","68454"
"2854","03055"
"2855","31768"
"2856","30340"
"2857","30021"
"2858","52208"
"2859","26405"
"2860","51105"
"2861","50149"
"2862","52077"
"2863","48506"
"2864","49727"
"2865","02124"
"2866","49814"
"2867","89448"
"2868","03826"
"2869","89166"
"2870","25211"
"2871","03238"
"2872","03269"
"2873","30093"
"2874","96746"
"2875","83642"
"2876","96734"
"2877","67072"
"2878","51357"
"2879","50007"
"2880","50528"
"2881","05481"
"2882","66608"
"2883","66873"
"2884","48415"
"2885","02478"
"2886","02188"
"2887","48126"
"2888","03890"
"2889","68628"
"2890","07901"
"2891","03448"
"2892","52638"
"2893","84319"
"2894","03262"
"2895","07501"
"2896","83283"
"2897","96731"
"2898","67752"
"2899","67632"
"2900","67351"
"2901","67466"
"2902","49203"
"2903","48464"
"2904","79511"
"2905","49680"
"2906","08533"
"2907","03268"
"2908","69122"
"2909","68640"
"2910","88022"
"2911","96753"
"2912","62226"
"2913","67013"
"2914","66616"
"2915","84760"
"2916","67483"
"2917","67206"
"2918","40502"
"2919","40209"
"2920","48872"
"2921","49284"
"2922","48637"
"2923","87044"
"2924","88002"
"2925","87513"
"2926","37845"
"2927","60481"
"2928","60048"
"2929","83813"
"2930","40508"
"2931","42214"
"2932","41094"
"2933","49752"
"2934","55113"
"2935","55077"
"2936","56209"
"2937","54830"
"2938","55123"
"2939","87049"
"2940","07016"
"2941","07826"
"2942","87072"
"2943","62897"
"2944","60083"
"2945","60107"
"2946","60077"
"2947","83209"
"2948","53581"
"2949","42274"
"2950","66415"
"2951","67626"
"2952","56041"
"2953","56737"
"2954","56511"
"2955","56022"
"2956","55301"
"2957","49032"
"2958","80733"
"2959","54521"
"2960","80007"
"2961","81233"
"2962","60440"
"2963","60609"
"2964","61240"
"2965","60449"
"2966","60922"
"2967","67352"
"2968","42051"
"2969","49815"
"2970","19735"
"2971","56291"
"2972","55019"
"2973","56255"
"2974","81125"
"2975","81242"
"2976","80648"
"2977","06333"
"2978","06331"
"2979","60468"
"2980","60195"
"2981","20053"
"2982","61764"
"2983","41831"
"2984","40847"
"2985","41260"
"2986","41360"
"2987","70090"
"2988","55366"
"2989","55414"
"2990","56540"
"2991","55049"
"2992","05034"
"2993","56547"
"2994","06365"
"2995","06457"
"2996","06037"
"2997","06778"
"2998","06416"
"2999","80520"
"3000","62640"
"3001","61739"
"3002","62613"
"3003","50426"
"3004","25161"
"3005","61311"
"3006","70070"
"3007","71105"
"3008","70403"
"3009","55968"
"3010","55738"
"3011","56297"
"3012","39216"
"3013","38772"
"3014","34711"
"3015","07205"
"3016","33511"
"3017","32438"
"3018","20418"
"3019","62666"
"3020","61545"
"3021","62556"
"3022","46048"
"3023","47521"
"3024","70442"
"3025","70772"
"3026","68436"
"3027","71233"
"3028","04290"
"3029","70760"
"3030","38761"
"3031","38826"
"3032","32806"
"3033","33853"
"3034","33330"
"3035","06231"
"3036","06782"
"3037","08553"
"3038","06109"
"3039","46340"
"3040","46140"
"3041","46835"
"3042","46225"
"3043","46051"
"3044","71472"
"3045","04912"
"3046","70049"
"3047","04984"
"3048","20009"
"3049","38858"
"3050","65250"
"3051","65803"
"3052","78245"
"3053","76882"
"3054","79121"
"3055","64653"
"3056","68635"
"3057","64840"
"3058","11357"
"3059","71032"
"3060","74033"
"3061","44627"
"3062","73159"
"3063","43905"
"3064","44515"
"3065","02911"
"3066","17853"
"3067","77703"
"3068","78539"
"3069","75439"
"3070","48874"
"3071","63623"
"3072","65534"
"3073","74881"
"3074","43773"
"3075","15066"
"3076","15086"
"3077","02908"
"3078","16725"
"3079","29684"
"3080","76629"
"3081","04410"
"3082","27258"
"3083","27582"
"3084","73501"
"3085","74855"
"3086","74130"
"3087","73669"
"3088","16114"
"3089","29301"
"3090","15213"
"3091","16036"
"3092","50236"
"3093","17361"
"3094","15421"
"3095","77363"
"3096","78836"
"3097","27406"
"3098","27101"
"3099","73559"
"3100","43506"
"3101","73624"
"3102","45214"
"3103","39355"
"3104","16656"
"3105","02894"
"3106","15655"
"3107","29142"
"3108","78608"
"3109","79084"
"3110","28311"
"3111","13480"
"3112","43013"
"3113","74549"
"3114","50520"
"3115","02203"
"3116","97303"
"3117","18473"
"3118","18403"
"3119","29696"
"3120","18626"
"3121","57110"
"3122","76460"
"3123","77442"
"3124","38348"
"3125","28438"
"3126","01128"
"3127","12922"
"3128","74457"
"3129","17866"
"3130","18974"
"3131","37220"
"3132","29042"
"3133","29435"
"3134","38034"
"3135","24441"
"3136","23233"
"3137","99401"
"3138","22003"
"3139","13734"
"3140","12155"
"3141","97707"
"3142","15101"
"3143","29843"
"3144","38028"
"3145","37694"
"3146","84752"
"3147","22043"
"3148","30250"
"3149","20155"
"3150","14782"
"3151","12071"
"3152","97357"
"3153","97461"
"3154","15779"
"3155","57002"
"3156","37843"
"3157","38570"
"3158","57541"
"3159","43010"
"3160","22060"
"3161","24149"
"3162","14469"
"3163","27556"
"3164","28104"
"3165","15679"
"3166","15909"
"3167","15116"
"3168","38259"
"3169","37701"
"3170","14619"
"3171","57257"
"3172","15208"
"3173","16829"
"3174","81503"
"3175","11374"
"3176","14004"
"3177","28676"
"3178","27986"
"3179","58458"
"3180","15025"
"3181","04422"
"3182","19533"
"3183","17505"
"3184","19139"
"3185","16662"
"3186","16105"
"3187","13074"
"3188","14466"
"3189","10467"
"3190","13665"
"3191","43081"
"3192","49764"
"3193","58345"
"3194","27242"
"3195","18446"
"3196","15490"
"3197","18705"
"3198","15540"
"3199","16022"
"3200","19044"
"3201","15482"
"3202","15538"
"3203","97752"
"3204","11510"
"3205","12864"
"3206","13864"
"3207","11208"
"3208","10533"
"3209","43762"
"3210","45377"
"3211","15940"
"3212","17582"
"3213","19085"
"3214","23358"
"3215","15438"
"3216","17246"
"3217","77479"
"3218","77803"
"3219","13135"
"3220","12850"
"3221","11590"
"3222","45843"
"3223","43130"
"3224","15423"
"3225","52163"
"3226","24092"
"3227","15050"
"3228","16673"
"3229","75104"
"3230","77362"
"3231","78639"
"3232","10958"
"3233","10030"
"3234","11755"
"3235","10926"
"3236","11040"
"3237","78618"
"3238","28555"
"3239","58771"
"3240","44212"
"3241","27701"
"3242","15061"
"3243","16836"
"3244","79836"
"3245","77049"
"3246","78705"
"3247","79748"
"3248","36251"
"3249","10562"
"3250","10989"
"3251","13406"
"3252","12183"
"3253","88118"
"3254","11216"
"3255","13208"
"3256","12151"
"3257","11576"
"3258","11105"
"3259","86511"
"3260","12574"
"3261","10954"
"3262","17846"
"3263","17243"
"3264","16730"
"3265","76374"
"3266","75856"
"3267","75070"
"3268","59082"
"3269","59071"
"3270","72653"
"3271","59477"
"3272","14042"
"3273","12198"
"3274","10035"
"3275","10588"
"3276","10994"
"3277","10530"
"3278","15732"
"3279","15104"
"3280","15342"
"3281","72576"
"3282","44671"
"3283","45685"
"3284","43227"
"3285","76655"
"3286","78060"
"3287","77055"
"3288","78251"
"3289","75212"
"3290","85534"
"3291","31009"
"3292","35563"
"3293","26451"
"3294","74425"
"3295","16111"
"3296","15710"
"3297","17244"
"3298","66538"
"3299","50455"
"3300","66087"
"3301","98902"
"3302","98602"
"3303","94129"
"3304","98811"
"3305","24133"
"3306","53518"
"3307","53212"
"3308","23306"
"3309","15136"
"3310","36863"
"3311","85364"
"3312","01521"
"3313","12563"
"3314","92363"
"3315","56574"
"3316","14219"
"3317","99147"
"3318","25076"
"3319","25403"
"3320","25115"
"3321","54664"
"3322","24377"
"3323","72736"
"3324","72370"
"3325","33149"
"3326","96133"
"3327","70560"
"3328","52064"
"3329","04064"
"3330","25054"
"3331","25567"
"3332","24440"
"3333","25035"
"3334","24830"
"3335","93452"
"3336","51510"
"3337","50642"
"3338","06384"
"3339","94547"
"3340","19940"
"3341","33070"
"3342","66958"
"3343","62095"
"3344","47861"
"3345","52164"
"3346","24827"
"3347","25832"
"3348","24433"
"3349","19734"
"3350","05833"
"3351","05744"
"3352","05903"
"3353","61490"
"3354","06880"
"3355","19720"
"3356","06475"
"3357","20670"
"3358","04562"
"3359","02748"
"3360","92225"
"3361","55804"
"3362","99335"
"3363","24879"
"3364","82227"
"3365","83128"
"3366","91901"
"3367","85257"
"3368","20618"
"3369","56051"
"3370","04629"
"3371","83467"
"3372","42717"
"3373","26209"
"3374","25690"
"3375","05362"
"3376","84084"
"3377","84119"
"3378","05653"
"3379","07734"
"3380","12578"
"3381","92105"
"3382","32331"
"3383","11516"
"3384","12024"
"3385","94019"
"3386","94060"
"3387","66739"
"3388","49720"
"3389","24646"
"3390","78340"
"3391","05482"
"3392","05040"
"3393","31324"
"3394","14823"
"3395","69036"
"3396","07704"
"3397","85749"
"3398","62277"
"3399","33469"
"3400","92704"
"3401","71047"
"3402","67038"
"3403","22742"
"3404","30747"
"3405","59275"
"3406","88323"
"3407","10034"
"3408","07067"
"3409","14041"
"3410","33578"
"3411","95946"
"3412","32233"
"3413","94579"
"3414","62301"
"3415","32336"
"3416","01569"
"3417","21817"
"3418","04785"
"3419","21530"
"3420","23505"
"3421","54484"
"3422","80120"
"3423","20012"
"3424","56536"
"3425","67149"
"3426","95632"
"3427","52572"
"3428","62962"
"3429","83846"
"3430","32136"
"3431","65777"
"3432","63019"
"3433","02047"
"3434","64504"
"3435","04955"
"3436","55074"
"3437","66760"
"3438","53516"
"3439","24239"
"3440","53222"
"3441","41141"
"3442","47990"
"3443","01923"
"3444","66501"
"3445","46628"
"3446","61811"
"3447","33615"
"3448","67217"
"3449","06263"
"3450","32410"
"3451","22556"
"3452","22611"
"3453","53036"
"3454","53120"
"3455","50054"
"3456","02301"
"3457","04419"
"3458","55772"
"3459","01339"
"3460","30530"
"3461","62942"
"3462","47932"
"3463","23070"
"3464","22015"
"3465","05440"
"3466","20110"
"3467","54626"
"3468","84521"
"3469","84749"
"3470","98356"
"3471","71064"
"3472","04079"
"3473","04017"
"3474","22840"
"3475","05346"
"3476","98548"
"3477","24539"
"3478","53002"
"3479","24977"
"3480","54426"
"3481","04683"
"3482","04074"
"3483","46818"
"3484","46312"
"3485","98053"
"3486","99223"
"3487","98593"
"3488","99354"
"3489","54228"
"3490","53545"
"3491","54909"
"3492","60557"
"3493","70444"
"3494","79535"
"3495","44887"
"3496","43951"
"3497","43317"
"3498","15346"
"3499","73170"
"3500","04627"
"3501","39851"
"3502","98512"
"3503","98112"
"3504","42081"
"3505","98383"
"3506","98007"
"3507","53826"
"3508","30537"
"3509","05456"
"3510","18846"
"3511","05841"
"3512","05149"
"3513","32131"
"3514","42058"
"3515","02169"
"3516","83355"
"3517","61942"
"3518","61420"
"3519","61813"
"3520","60921"
"3521","60015"
"3522","62573"
"3523","74083"
"3524","08075"
"3525","03872"
"3526","01350"
"3527","73440"
"3528","36042"
"3529","06424"
"3530","06438"
"3531","06256"
"3532","06001"
"3533","62411"
"3534","62219"
"3535","62358"
"3536","46504"
"3537","03579"
"3538","46239"
"3539","38610"
"3540","11232"
"3541","10312"
"3542","35130"
"3543","36529"
"3544","99504"
"3545","81044"
"3546","06112"
"3547","19801"
"3548","01570"
"3549","33803"
"3550","46112"
"3551","46163"
"3552","51533"
"3553","50212"
"3554","47925"
"3555","12780"
"3556","13143"
"3557","02885"
"3558","08083"
"3559","40342"
"3560","48040"
"3561","99753"
"3562","85375"
"3563","85143"
"3564","85614"
"3565","19951"
"3566","32759"
"3567","33707"
"3568","46755"
"3569","47272"
"3570","46126"
"3571","41512"
"3572","08051"
"3573","08512"
"3574","03570"
"3575","86327"
"3576","85704"
"3577","85308"
"3578","99739"
"3579","34219"
"3580","06269"
"3581","06279"
"3582","49759"
"3583","06247"
"3584","47427"
"3585","46770"
"3586","46075"
"3587","08202"
"3588","69345"
"3589","99632"
"3590","72550"
"3591","32712"
"3592","34987"
"3593","69337"
"3594","34112"
"3595","33127"
"3596","33327"
"3597","33437"
"3598","33776"
"3599","47304"
"3600","46958"
"3601","46250"
"3602","50164"
"3603","79360"
"3604","68325"
"3605","14747"
"3606","75556"
"3607","72921"
"3608","72935"
"3609","72114"
"3610","71823"
"3611","32427"
"3612","32952"
"3613","30080"
"3614","33067"
"3615","39429"
"3616","50047"
"3617","52247"
"3618","50167"
"3619","13491"
"3620","77554"
"3621","72059"
"3622","71859"
"3623","71666"
"3624","72152"
"3625","34946"
"3626","21524"
"3627","32901"
"3628","31081"
"3629","30002"
"3630","30035"
"3631","51026"
"3632","51650"
"3633","50106"
"3634","12566"
"3635","43512"
"3636","44647"
"3637","39645"
"3638","72082"
"3639","93063"
"3640","91361"
"3641","95462"
"3642","30034"
"3643","30803"
"3644","31823"
"3645","50213"
"3646","50662"
"3647","50636"
"3648","03461"
"3649","50312"
"3650","74875"
"3651","98588"
"3652","45619"
"3653","05043"
"3654","82930"
"3655","92385"
"3656","91917"
"3657","71766"
"3658","96779"
"3659","07740"
"3660","96822"
"3661","96773"
"3662","24347"
"3663","48827"
"3664","05301"
"3665","74019"
"3666","71643"
"3667","95337"
"3668","95838"
"3669","96756"
"3670","40110"
"3671","88039"
"3672","96817"
"3673","48442"
"3674","49306"
"3675","56225"
"3676","08861"
"3677","22539"
"3678","05052"
"3679","25702"
"3680","15440"
"3681","15451"
"3682","07717"
"3683","93725"
"3684","90630"
"3685","91501"
"3686","92126"
"3687","92804"
"3688","96714"
"3689","60102"
"3690","60172"
"3691","08611"
"3692","63301"
"3693","28369"
"3694","27947"
"3695","54723"
"3696","24738"
"3697","16222"
"3698","96122"
"3699","91344"
"3700","90220"
"3701","93261"
"3702","62906"
"3703","60552"
"3704","97365"
"3705","60451"
"3706","64762"
"3707","55712"
"3708","15143"
"3709","24604"
"3710","17545"
"3711","93623"
"3712","95008"
"3713","95429"
"3714","90031"
"3715","97846"
"3716","91761"
"3717","93201"
"3718","62074"
"3719","62917"
"3720","60446"
"3721","60004"
"3722","28516"
"3723","39507"
"3724","68966"
"3725","58558"
"3726","73560"
"3727","26134"
"3728","25672"
"3729","35216"
"3730","94403"
"3731","92833"
"3732","95317"
"3733","92061"
"3734","95608"
"3735","83261"
"3736","61523"
"3737","07755"
"3738","61417"
"3739","63852"
"3740","56594"
"3741","36020"
"3742","36352"
"3743","80218"
"3744","80835"
"3745","81001"
"3746","80112"
"3747","61849"
"3748","14527"
"3749","62351"
"3750","89048"
"3751","16116"
"3752","08742"
"3753","35756"
"3754","16345"
"3755","81642"
"3756","96073"
"3757","06896"
"3758","06264"
"3759","29690"
"3760","62265"
"3761","62434"
"3762","60026"
"3763","61525"
"3764","61731"
"3765","49349"
"3766","48301"
"3767","49755"
"3768","68729"
"3769","03741"
"3770","10280"
"3771","02822"
"3772","03264"
"3773","14032"
"3774","27013"
"3775","66869"
"3776","41777"
"3777","49021"
"3778","49283"
"3779","49421"
"3780","68065"
"3781","41271"
"3782","02817"
"3783","68785"
"3784","68047"
"3785","28356"
"3786","12927"
"3787","41643"
"3788","40012"
"3789","42413"
"3790","55304"
"3791","55768"
"3792","55117"
"3793","75473"
"3794","03222"
"3795","03278"
"3796","07842"
"3797","07946"
"3798","89119"
"3799","27935"
"3800","28649"
"3801","45867"
"3802","40117"
"3803","41365"
"3804","77979"
"3805","42103"
"3806","55040"
"3807","56180"
"3808","56443"
"3809","55375"
"3810","03457"
"3811","08515"
"3812","08826"
"3813","43318"
"3814","58779"
"3815","38080"
"3816","40983"
"3817","42715"
"3818","40402"
"3819","56240"
"3820","55076"
"3821","55106"
"3822","56024"
"3823","56208"
"3824","68739"
"3825","68428"
"3826","24251"
"3827","03259"
"3828","43137"
"3829","44255"
"3830","58560"
"3831","41219"
"3832","70462"
"3833","56172"
"3834","56750"
"3835","68956"
"3836","07034"
"3837","22309"
"3838","87417"
"3839","87567"
"3840","87114"
"3841","43147"
"3842","44481"
"3843","45322"
"3844","70301"
"3845","71065"
"3846","56669"
"3847","38625"
"3848","28740"
"3849","55107"
"3850","07075"
"3851","07040"
"3852","07676"
"3853","08059"
"3854","14905"
"3855","11970"
"3856","11598"
"3857","45440"
"3858","45414"
"3859","43608"
"3860","58831"
"3861","71350"
"3862","70662"
"3863","70372"
"3864","39209"
"3865","56159"
"3866","38730"
"3867","12192"
"3868","11779"
"3869","11356"
"3870","23062"
"3871","13456"
"3872","58210"
"3873","43556"
"3874","58079"
"3875","45317"
"3876","71322"
"3877","70507"
"3878","70056"
"3879","21746"
"3880","04281"
"3881","26030"
"3882","64082"
"3883","63863"
"3884","63130"
"3885","65738"
"3886","11732"
"3887","11704"
"3888","12444"
"3889","12530"
"3890","11379"
"3891","12419"
"3892","66611"
"3893","17202"
"3894","13337"
"3895","10528"
"3896","12914"
"3897","10541"
"3898","21133"
"3899","04055"
"3900","20692"
"3901","64667"
"3902","64644"
"3903","65804"
"3904","26836"
"3905","63745"
"3906","65335"
"3907","14806"
"3908","87043"
"3909","12035"
"3910","10996"
"3911","12521"
"3912","11730"
"3913","12304"
"3914","20774"
"3915","16938"
"3916","21229"
"3917","21009"
"3918","04543"
"3919","65610"
"3920","65462"
"3921","13160"
"3922","14506"
"3923","13796"
"3924","10968"
"3925","50665"
"3926","24861"
"3927","51007"
"3928","52338"
"3929","52567"
"3930","51525"
"3931","04276"
"3932","04231"
"3933","04426"
"3934","04553"
"3935","04294"
"3936","63038"
"3937","35961"
"3938","38954"
"3939","64164"
"3940","14517"
"3941","64021"
"3942","68975"
"3943","68516"
"3944","59801"
"3945","50117"
"3946","51553"
"3947","50423"
"3948","35444"
"3949","52593"
"3950","67066"
"3951","66079"
"3952","04020"
"3953","01460"
"3954","02746"
"3955","01420"
"3956","21214"
"3957","20632"
"3958","02116"
"3959","36568"
"3960","65260"
"3961","65237"
"3962","64649"
"3963","68826"
"3964","68036"
"3965","59225"
"3966","67147"
"3967","66417"
"3968","67159"
"3969","67642"
"3970","35546"
"3971","48623"
"3972","01260"
"3973","02136"
"3974","49417"
"3975","64081"
"3976","64725"
"3977","63648"
"3978","68720"
"3979","63432"
"3980","12154"
"3981","36105"
"3982","11368"
"3983","66544"
"3984","67557"
"3985","67522"
"3986","66016"
"3987","41559"
"3988","49911"
"3989","48374"
"3990","48114"
"3991","49236"
"3992","35672"
"3993","64477"
"3994","63622"
"3995","27041"
"3996","28672"
"3997","13304"
"3998","40067"
"3999","40162"
"4000","67650"
"4001","42743"
"4002","48416"
"4003","42354"
"4004","36727"
"4005","48042"
"4006","48341"
"4007","49269"
"4008","08889"
"4009","69028"
"4010","12748"
"4011","12123"
"4012","11004"
"4013","13355"
"4014","12939"
"4015","82944"
"4016","74941"
"4017","18054"
"4018","37404"
"4019","15325"
"4020","16878"
"4021","15235"
"4022","20105"
"4023","79034"
"4024","05758"
"4025","22405"
"4026","82435"
"4027","05142"
"4028","97101"
"4029","17099"
"4030","17540"
"4031","15620"
"4032","15077"
"4033","16679"
"4034","15338"
"4035","05821"
"4036","05478"
"4037","35646"
"4038","53532"
"4039","53944"
"4040","16038"
"4041","73433"
"4042","97227"
"4043","15074"
"4044","18066"
"4045","16434"
"4046","75169"
"4047","23889"
"4048","35031"
"4049","22207"
"4050","99176"
"4051","72522"
"4052","53153"
"4053","53934"
"4054","54443"
"4055","15003"
"4056","15401"
"4057","18331"
"4058","77904"
"4059","99714"
"4060","78259"
"4061","75459"
"4062","99341"
"4063","98582"
"4064","24634"
"4065","54737"
"4066","99722"
"4067","18655"
"4068","15146"
"4069","18250"
"4070","99513"
"4071","76462"
"4072","78666"
"4073","98220"
"4074","99323"
"4075","20106"
"4076","83462"
"4077","60661"
"4078","05655"
"4079","53210"
"4080","15089"
"4081","99639"
"4082","15501"
"4083","15290"
"4084","15331"
"4085","17887"
"4086","17086"
"4087","78151"
"4088","78215"
"4089","75237"
"4090","77326"
"4091","24459"
"4092","86046"
"4093","98843"
"4094","25136"
"4095","53032"
"4096","26348"
"4097","26611"
"4098","15928"
"4099","15212"
"4100","16370"
"4101","16322"
"4102","15366"
"4103","85007"
"4104","19444"
"4105","77598"
"4106","79602"
"4107","76311"
"4108","77042"
"4109","77489"
"4110","22650"
"4111","99205"
"4112","25628"
"4113","24892"
"4114","40372"
"4115","86024"
"4116","26755"
"4117","25261"
"4118","25908"
"4119","15559"
"4120","17744"
"4121","75028"
"4122","79107"
"4123","78959"
"4124","76710"
"4125","25644"
"4126","72839"
"4127","25124"
"4128","24818"
"4129","24938"
"4130","24430"
"4131","54140"
"4132","45614"
"4133","43359"
"4134","44451"
"4135","44126"
"4136","43940"
"4137","71651"
"4138","78124"
"4139","78870"
"4140","76402"
"4141","76117"
"4142","79789"
"4143","25028"
"4144","25904"
"4145","26167"
"4146","50238"
"4147","12116"
"4148","71631"
"4149","14717"
"4150","45672"
"4151","43214"
"4152","45130"
"4153","19132"
"4154","02910"
"4155","75497"
"4156","77388"
"4157","79029"
"4158","26705"
"4159","71851"
"4160","26293"
"4161","26343"
"4162","73651"
"4163","73034"
"4164","73663"
"4165","02865"
"4166","15260"
"4167","15410"
"4168","15840"
"4169","77564"
"4170","72655"
"4171","76491"
"4172","25666"
"4173","26571"
"4174","73541"
"4175","74435"
"4176","73455"
"4177","74135"
"4178","18630"
"4179","29385"
"4180","15446"
"4181","72322"
"4182","75437"
"4183","77577"
"4184","25075"
"4185","78592"
"4186","84056"
"4187","84327"
"4188","74036"
"4189","45418"
"4190","74038"
"4191","73720"
"4192","72519"
"4193","15223"
"4194","17228"
"4195","29935"
"4196","29518"
"4197","57330"
"4198","78650"
"4199","37340"
"4200","37307"
"4201","78850"
"4202","37335"
"4203","95949"
"4204","74469"
"4205","74365"
"4206","43319"
"4207","57584"
"4208","57579"
"4209","57766"
"4210","57105"
"4211","37207"
"4212","38114"
"4213","22308"
"4214","91784"
"4215","23827"
"4216","84633"
"4217","05651"
"4218","23222"
"4219","84006"
"4220","77650"
"4221","97350"
"4222","97144"
"4223","37042"
"4224","37151"
"4225","42328"
"4226","95936"
"4227","84082"
"4228","22821"
"4229","53549"
"4230","54923"
"4231","97122"
"4232","16347"
"4233","37211"
"4234","37729"
"4235","22172"
"4236","22947"
"4237","96003"
"4238","05033"
"4239","53142"
"4240","05824"
"4241","92657"
"4242","06498"
"4243","32426"
"4244","33607"
"4245","02043"
"4246","48842"
"4247","63465"
"4248","96057"
"4249","01368"
"4250","22134"
"4251","73731"
"4252","98230"
"4253","83704"
"4254","53553"
"4255","54875"
"4256","55345"
"4257","91910"
"4258","34652"
"4259","90502"
"4260","19971"
"4261","04774"
"4262","20733"
"4263","14622"
"4264","11771"
"4265","98632"
"4266","85173"
"4267","48173"
"4268","04438"
"4269","56364"
"4270","93241"
"4271","31305"
"4272","14063"
"4273","49965"
"4274","73115"
"4275","44311"
"4276","24248"
"4277","97838"
"4278","40914"
"4279","23056"
"4280","04217"
"4281","95469"
"4282","92257"
"4283","19960"
"4284","49055"
"4285","49659"
"4286","88113"
"4287","54201"
"4288","25413"
"4289","26032"
"4290","26575"
"4291","01029"
"4292","93513"
"4293","55970"
"4294","46930"
"4295","24132"
"4296","24831"
"4297","32526"
"4298","34288"
"4299","83670"
"4300","49345"
"4301","63935"
"4302","27929"
"4303","95075"
"4304","56726"
"4305","28480"
"4306","12958"
"4307","74884"
"4308","15459"
"4309","98546"
"4310","05907"
"4311","76118"
"4312","43112"
"4313","60616"
"4314","90036"
"4315","39861"
"4316","06812"
"4317","30274"
"4318","60640"
"4319","68920"
"4320","03057"
"4321","07405"
"4322","03285"
"4323","11778"
"4324","68467"
"4325","90506"
"4326","20135"
"4327","25425"
"4328","28623"
"4329","63472"
"4330","17952"
"4331","77993"
"4332","05463"
"4333","19934"
"4334","60931"
"4335","33913"
"4336","41840"
"4337","92134"
"4338","08323"
"4339","69212"
"4340","26159"
"4341","98370"
"4342","26040"
"4343","17028"
"4344","73944"
"4345","84105"
"4346","37391"
"4347","57323"
"4348","80235"
"4349","46071"
"4350","46540"
"4351","61008"
"4352","63732"
"4353","08560"
"4354","43517"
"4355","26060"
"4356","35555"
"4357","35063"
"4358","36852"
"4359","80432"
"4360","79095"
"4361","16921"
"4362","15783"
"4363","62278"
"4364","61314"
"4365","46321"
"4366","66960"
"4367","58053"
"4368","07305"
"4369","57001"
"4370","80530"
"4371","35055"
"4372","36034"
"4373","25920"
"4374","35647"
"4375","35979"
"4376","35616"
"4377","42262"
"4378","02556"
"4379","02777"
"4380","01905"
"4381","80487"
"4382","02703"
"4383","01077"
"4384","66209"
"4385","88056"
"4386","13490"
"4387","10314"
"4388","36371"
"4389","35147"
"4390","99548"
"4391","99693"
"4392","80131"
"4393","86444"
"4394","72751"
"4395","66508"
"4396","02631"
"4397","66941"
"4398","08551"
"4399","14744"
"4400","29836"
"4401","72430"
"4402","53006"
"4403","06389"
"4404","32683"
"4405","54648"
"4406","72662"
"4407","06890"
"4408","81653"
"4409","51062"
"4410","61036"
"4411","61846"
"4412","87418"
"4413","29429"
"4414","06480"
"4415","08221"
"4416","69144"
"4417","06901"
"4418","06525"
"4419","14877"
"4420","60805"
"4421","13204"
"4422","33037"
"4423","19930"
"4424","06098"
"4425","20230"
"4426","06060"
"4427","92629"
"4428","46511"
"4429","21557"
"4430","42234"
"4431","08009"
"4432","79922"
"4433","27932"
"4434","65281"
"4435","65535"
"4436","33054"
"4437","95442"
"4438","06902"
"4439","40843"
"4440","40006"
"4441","77586"
"4442","12188"
"4443","14590"
"4444","58621"
"4445","58564"
"4446","58365"
"4447","31543"
"4448","71351"
"4449","32254"
"4450","19702"
"4451","90731"
"4452","93035"
"4453","04981"
"4454","49613"
"4455","52151"
"4456","12857"
"4457","28562"
"4458","44401"
"4459","03580"
"4460","32052"
"4461","53023"
"4462","32432"
"4463","81081"
"4464","85713"
"4465","85212"
"4466","04095"
"4467","49630"
"4468","04072"
"4469","01507"
"4470","27513"
"4471","32509"
"4472","73052"
"4473","04485"
"4474","71078"
"4475","21082"
"4476","04953"
"4477","04048"
"4478","92338"
"4479","71969"
"4480","95112"
"4481","72175"
"4482","30680"
"4483","31705"
"4484","30305"
"4485","50220"
"4486","50456"
"4487","50616"
"4488","50042"
"4489","21057"
"4490","04076"
"4491","21206"
"4492","04349"
"4493","31553"
"4494","04976"
"4495","90046"
"4496","90001"
"4497","92562"
"4498","95709"
"4499","31794"
"4500","31039"
"4501","51542"
"4502","50670"
"4503","50048"
"4504","31632"
"4505","04564"
"4506","48768"
"4507","48335"
"4508","93609"
"4509","91214"
"4510","93536"
"4511","96712"
"4512","96744"
"4513","50156"
"4514","50226"
"4515","30815"
"4516","47469"
"4517","04360"
"4518","04666"
"4519","04257"
"4520","04495"
"4521","04864"
"4522","95641"
"4523","93943"
"4524","95914"
"4525","90501"
"4526","39885"
"4527","95211"
"4528","96769"
"4529","96771"
"4530","96701"
"4531","50511"
"4532","52318"
"4533","52201"
"4534","51030"
"4535","51049"
"4536","50217"
"4537","30275"
"4538","04630"
"4539","02090"
"4540","02131"
"4541","02702"
"4542","95446"
"4543","94506"
"4544","91506"
"4545","93728"
"4546","96763"
"4547","96818"
"4548","31568"
"4549","60134"
"4550","50103"
"4551","52235"
"4552","51433"
"4553","52577"
"4554","20770"
"4555","02189"
"4556","01053"
"4557","48044"
"4558","02366"
"4559","71409"
"4560","30609"
"4561","01235"
"4562","92282"
"4563","92656"
"4564","95679"
"4565","91208"
"4566","61356"
"4567","83444"
"4568","62056"
"4569","50575"
"4570","67223"
"4571","83347"
"4572","66780"
"4573","66227"
"4574","01096"
"4575","02653"
"4576","02420"
"4577","01226"
"4578","01887"
"4579","81003"
"4580","80829"
"4581","80133"
"4582","83638"
"4583","80923"
"4584","60543"
"4585","62536"
"4586","62284"
"4587","60961"
"4588","60631"
"4589","60625"
"4590","67045"
"4591","67638"
"4592","66412"
"4593","96759"
"4594","01506"
"4595","02141"
"4596","49336"
"4597","49922"
"4598","49637"
"4599","06791"
"4600","06070"
"4601","06419"
"4602","06057"
"4603","83212"
"4604","96751"
"4605","62832"
"4606","67753"
"4607","67335"
"4608","66944"
"4609","66853"
"4610","49960"
"4611","49079"
"4612","06488"
"4613","06483"
"4614","06472"
"4615","61724"
"4616","06796"
"4617","61448"
"4618","61336"
"4619","61281"
"4620","62050"
"4621","66549"
"4622","67030"
"4623","66930"
"4624","42376"
"4625","54949"
"4626","83629"
"4627","85339"
"4628","06019"
"4629","80818"
"4630","80427"
"4631","32407"
"4632","61077"
"4633","61018"
"4634","61841"
"4635","60130"
"4636","62565"
"4637","60659"
"4638","61112"
"4639","40356"
"4640","66058"
"4641","40958"
"4642","85362"
"4643","85719"
"4644","85119"
"4645","72061"
"4646","32068"
"4647","33763"
"4648","60408"
"4649","33565"
"4650","62601"
"4651","61913"
"4652","62817"
"4653","60115"
"4654","40347"
"4655","40055"
"4656","42518"
"4657","99776"
"4658","72401"
"4659","62289"
"4660","34473"
"4661","06514"
"4662","33625"
"4663","34239"
"4664","33178"
"4665","34981"
"4666","33461"
"4667","62476"
"4668","62438"
"4669","61477"
"4670","70663"
"4671","62927"
"4672","66020"
"4673","40806"
"4674","42154"
"4675","71825"
"4676","85210"
"4677","86028"
"4678","32072"
"4679","33983"
"4680","32812"
"4681","30052"
"4682","61470"
"4683","61453"
"4684","46063"
"4685","46777"
"4686","46031"
"4687","46013"
"4688","47994"
"4689","41804"
"4690","40854"
"4691","40464"
"4692","42022"
"4693","60040"
"4694","72412"
"4695","72030"
"4696","71724"
"4697","72440"
"4698","30620"
"4699","34984"
"4700","47446"
"4701","47512"
"4702","41264"
"4703","41647"
"4704","47387"
"4705","40242"
"4706","42635"
"4707","72555"
"4708","92392"
"4709","94014"
"4710","92543"
"4711","30132"
"4712","30318"
"4713","46216"
"4714","46037"
"4715","46595"
"4716","47041"
"4717","47638"
"4718","41064"
"4719","70808"
"4720","70719"
"4721","92504"
"4722","92260"
"4723","95019"
"4724","94569"
"4725","91010"
"4726","46135"
"4727","31816"
"4728","30624"
"4729","46069"
"4730","47967"
"4731","47260"
"4732","46214"
"4733","71339"
"4734","70592"
"4735","70420"
"4736","07495"
"4737","47965"
"4738","08045"
"4739","88254"
"4740","14225"
"4741","12586"
"4742","43302"
"4743","58058"
"4744","10174"
"4745","11101"
"4746","13740"
"4747","44653"
"4748","51008"
"4749","44308"
"4750","45334"
"4751","43060"
"4752","43528"
"4753","44606"
"4754","43433"
"4755","56021"
"4756","55370"
"4757","39456"
"4758","12569"
"4759","50420"
"4760","12515"
"4761","10459"
"4762","10514"
"4763","11790"
"4764","13613"
"4765","12520"
"4766","12464"
"4767","11731"
"4768","44214"
"4769","77382"
"4770","51331"
"4771","78681"
"4772","75253"
"4773","39079"
"4774","39170"
"4775","39760"
"4776","64679"
"4777","63034"
"4778","10706"
"4779","13675"
"4780","11714"
"4781","04071"
"4782","50658"
"4783","12421"
"4784","14482"
"4785","11941"
"4786","12503"
"4787","11096"
"4788","12410"
"4789","13310"
"4790","74066"
"4791","02919"
"4792","17265"
"4793","50165"
"4794","15725"
"4795","29117"
"4796","19118"
"4797","63119"
"4798","64424"
"4799","65601"
"4800","14526"
"4801","13904"
"4802","13120"
"4803","12801"
"4804","51051"
"4805","13313"
"4806","10597"
"4807","59410"
"4808","74857"
"4809","43123"
"4810","73036"
"4811","17944"
"4812","18518"
"4813","16746"
"4814","16859"
"4815","50026"
"4816","16827"
"4817","15046"
"4818","63089"
"4819","63937"
"4820","68946"
"4821","59863"
"4822","68853"
"4823","69037"
"4824","64097"
"4825","45252"
"4826","67012"
"4827","74054"
"4828","74935"
"4829","43731"
"4830","29368"
"4831","57311"
"4832","57476"
"4833","29418"
"4834","57385"
"4835","64836"
"4836","65722"
"4837","66736"
"4838","65050"
"4839","68142"
"4840","68747"
"4841","27127"
"4842","12724"
"4843","44620"
"4844","73443"
"4845","74347"
"4846","37919"
"4847","57374"
"4848","40208"
"4849","57334"
"4850","37076"
"4851","65240"
"4852","64630"
"4853","13165"
"4854","28097"
"4855","13353"
"4856","74951"
"4857","97501"
"4858","17019"
"4859","42217"
"4860","57544"
"4861","37890"
"4862","64449"
"4863","64151"
"4864","65230"
"4865","28804"
"4866","28398"
"4867","28662"
"4868","97224"
"4869","97731"
"4870","42501"
"4871","37811"
"4872","38231"
"4873","38117"
"4874","63964"
"4875","65024"
"4876","03223"
"4877","14217"
"4878","13132"
"4879","12967"
"4880","13408"
"4881","41164"
"4882","17517"
"4883","16433"
"4884","16623"
"4885","16674"
"4886","15472"
"4887","16440"
"4888","18219"
"4889","15351"
"4890","68735"
"4891","68823"
"4892","04280"
"4893","67850"
"4894","68701"
"4895","13656"
"4896","28393"
"4897","17872"
"4898","97322"
"4899","75002"
"4900","78543"
"4901","75159"
"4902","03607"
"4903","03455"
"4904","40119"
"4905","03819"
"4906","07677"
"4907","07847"
"4908","03810"
"4909","12953"
"4910","28636"
"4911","28452"
"4912","17842"
"4913","73625"
"4914","15065"
"4915","40448"
"4916","19033"
"4917","48471"
"4918","55767"
"4919","55014"
"4920","55805"
"4921","55053"
"4922","07060"
"4923","68801"
"4924","03458"
"4925","68863"
"4926","40058"
"4927","03838"
"4928","28363"
"4929","28039"
"4930","28508"
"4931","43447"
"4932","16002"
"4933","15668"
"4934","18357"
"4935","55410"
"4936","55018"
"4937","41098"
"4938","56652"
"4939","08004"
"4940","03215"
"4941","68323"
"4942","03260"
"4943","44256"
"4944","45123"
"4945","16848"
"4946","17301"
"4947","15670"
"4948","40312"
"4949","16672"
"4950","15773"
"4951","55927"
"4952","56276"
"4953","55020"
"4954","56336"
"4955","68936"
"4956","07871"
"4957","08328"
"4958","68528"
"4959","71457"
"4960","07439"
"4961","58755"
"4962","58646"
"4963","43213"
"4964","15532"
"4965","15311"
"4966","15542"
"4967","15209"
"4968","56472"
"4969","55736"
"4970","71222"
"4971","08019"
"4972","07420"
"4973","07450"
"4974","07924"
"4975","87109"
"4976","07604"
"4977","44125"
"4978","43201"
"4979","43326"
"4980","44221"
"4981","70763"
"4982","58704"
"4983","15865"
"4984","18844"
"4985","15236"
"4986","39212"
"4987","56016"
"4988","38801"
"4989","87728"
"4990","87531"
"4991","88052"
"4992","70585"
"4993","58761"
"4994","45697"
"4995","16254"
"4996","15427"
"4997","45039"
"4998","30901"
"4999","34683"
"5000","80501"
"5001","33948"
"5002","33980"
"5003","20646"
"5004","04462"
"5005","75114"
"5006","76537"
"5007","77801"
"5008","57025"
"5009","25313"
"5010","26161"
"5011","82450"
"5012","54512"
"5013","53910"
"5014","33760"
"5015","04083"
"5016","95497"
"5017","92557"
"5018","93312"
"5019","37754"
"5020","79005"
"5021","75127"
"5022","26230"
"5023","25848"
"5024","24976"
"5025","06106"
"5026","04343"
"5027","68651"
"5028","07054"
"5029","91210"
"5030","94964"
"5031","12961"
"5032","95357"
"5033","40059"
"5034","40157"
"5035","75850"
"5036","79529"
"5037","01854"
"5038","26815"
"5039","24962"
"5040","24854"
"5041","26660"
"5042","05657"
"5043","12424"
"5044","68422"
"5045","08046"
"5046","08107"
"5047","61539"
"5048","01756"
"5049","62829"
"5050","54003"
"5051","01851"
"5052","94937"
"5053","60201"
"5054","67862"
"5055","47942"
"5056","76875"
"5057","37809"
"5058","38107"
"5059","01098"
"5060","25630"
"5061","25831"
"5062","54524"
"5063","04351"
"5064","56122"
"5065","49262"
"5066","52646"
"5067","30180"
"5068","76253"
"5069","76015"
"5070","48067"
"5071","23225"
"5072","24471"
"5073","20120"
"5074","99146"
"5075","05825"
"5076","84606"
"5077","79525"
"5078","48806"
"5079","47234"
"5080","52752"
"5081","55316"
"5082","51653"
"5083","64101"
"5084","67836"
"5085","51230"
"5086","21522"
"5087","61252"
"5088","34746"
"5089","61425"
"5090","20143"
"5091","22843"
"5092","55057"
"5093","84723"
"5094","57046"
"5095","37892"
"5096","82844"
"5097","02760"
"5098","02465"
"5099","01244"
"5100","23422"
"5101","84772"
"5102","47001"
"5103","55339"
"5104","33179"
"5105","46773"
"5106","20169"
"5107","22102"
"5108","05158"
"5109","53937"
"5110","54651"
"5111","77861"
"5112","24945"
"5113","04645"
"5114","04353"
"5115","48206"
"5116","04101"
"5117","47980"
"5118","04860"
"5119","05658"
"5120","24580"
"5121","05448"
"5122","53589"
"5123","54865"
"5124","53810"
"5125","55722"
"5126","55454"
"5127","71063"
"5128","15081"
"5129","19017"
"5130","62650"
"5131","04863"
"5132","04734"
"5133","20158"
"5134","24613"
"5135","23150"
"5136","53226"
"5137","56125"
"5138","54480"
"5139","54214"
"5140","15437"
"5141","29169"
"5142","48651"
"5143","77081"
"5144","75048"
"5145","22538"
"5146","98238"
"5147","98404"
"5148","56577"
"5149","99021"
"5150","53572"
"5151","72768"
"5152","37361"
"5153","75476"
"5154","78610"
"5155","79058"
"5156","98284"
"5157","98036"
"5158","54726"
"5159","39074"
"5160","53825"
"5161","54769"
"5162","75414"
"5163","24366"
"5164","78008"
"5165","78255"
"5166","98338"
"5167","98125"
"5168","23395"
"5169","54112"
"5170","39176"
"5171","80434"
"5172","34661"
"5173","24815"
"5174","35459"
"5175","86442"
"5176","72908"
"5177","75009"
"5178","79762"
"5179","77663"
"5180","75042"
"5181","55708"
"5182","98837"
"5183","23055"
"5184","54475"
"5185","05836"
"5186","26812"
"5187","05072"
"5188","71937"
"5189","06810"
"5190","93234"
"5191","75241"
"5192","39350"
"5193","75233"
"5194","75452"
"5195","78565"
"5196","98941"
"5197","23888"
"5198","98446"
"5199","24924"
"5200","23126"
"5201","06340"
"5202","92231"
"5203","39574"
"5204","19807"
"5205","75007"
"5206","76432"
"5207","75115"
"5208","76573"
"5209","76701"
"5210","75063"
"5211","25309"
"5212","26662"
"5213","25880"
"5214","38821"
"5215","05682"
"5216","23011"
"5217","54175"
"5218","92060"
"5219","06877"
"5220","91915"
"5221","92625"
"5222","78590"
"5223","76070"
"5224","76103"
"5225","04069"
"5226","39663"
"5227","78758"
"5228","78735"
"5229","25202"
"5230","25064"
"5231","98596"
"5232","24733"
"5233","98643"
"5234","84757"
"5235","54941"
"5236","92242"
"5237","38723"
"5238","94063"
"5239","32507"
"5240","06226"
"5241","28537"
"5242","77590"
"5243","13662"
"5244","11783"
"5245","37083"
"5246","93631"
"5247","94599"
"5248","63144"
"5249","93266"
"5250","95350"
"5251","30290"
"5252","31744"
"5253","21120"
"5254","08879"
"5255","12540"
"5256","14726"
"5257","12582"
"5258","72168"
"5259","03276"
"5260","72774"
"5261","90304"
"5262","31830"
"5263","62254"
"5264","60455"
"5265","21157"
"5266","01057"
"5267","20677"
"5268","78584"
"5269","43231"
"5270","89434"
"5271","74337"
"5272","93250"
"5273","95205"
"5274","95701"
"5275","95116"
"5276","31085"
"5277","96781"
"5278","20689"
"5279","38676"
"5280","63125"
"5281","03084"
"5282","63138"
"5283","98388"
"5284","43932"
"5285","58013"
"5286","95680"
"5287","95367"
"5288","92347"
"5289","92117"
"5290","94939"
"5291","96754"
"5292","08817"
"5293","96737"
"5294","04454"
"5295","21013"
"5296","58727"
"5297","45727"
"5298","05776"
"5299","23433"
"5300","92627"
"5301","94575"
"5302","92270"
"5303","07508"
"5304","92691"
"5305","96795"
"5306","96738"
"5307","83435"
"5308","49022"
"5309","49411"
"5310","44601"
"5311","74954"
"5312","05257"
"5313","43443"
"5314","87108"
"5315","95932"
"5316","90242"
"5317","90025"
"5318","80130"
"5319","83809"
"5320","96747"
"5321","96728"
"5322","96742"
"5323","49946"
"5324","55389"
"5325","87036"
"5326","48851"
"5327","53081"
"5328","15558"
"5329","16145"
"5330","80916"
"5331","80723"
"5332","80862"
"5333","80111"
"5334","62269"
"5335","60178"
"5336","02766"
"5337","88116"
"5338","60491"
"5339","62207"
"5340","08030"
"5341","01778"
"5342","48703"
"5343","07756"
"5344","01609"
"5345","25106"
"5346","26720"
"5347","25265"
"5348","87801"
"5349","26031"
"5350","06412"
"5351","06401"
"5352","06403"
"5353","06479"
"5354","06611"
"5355","80521"
"5356","61818"
"5357","60101"
"5358","60136"
"5359","87718"
"5360","83655"
"5361","08848"
"5362","02720"
"5363","01344"
"5364","24963"
"5365","36754"
"5366","35801"
"5367","35179"
"5368","35023"
"5369","80476"
"5370","11418"
"5371","19954"
"5372","33773"
"5373","33839"
"5374","62526"
"5375","60619"
"5376","62819"
"5377","60643"
"5378","61531"
"5379","01938"
"5380","58043"
"5381","10017"
"5382","35611"
"5383","36481"
"5384","82225"
"5385","36922"
"5386","36766"
"5387","32784"
"5388","34475"
"5389","33584"
"5390","60941"
"5391","62930"
"5392","10519"
"5393","62538"
"5394","61341"
"5395","60714"
"5396","60519"
"5397","55721"
"5398","68414"
"5399","28469"
"5400","35748"
"5401","35543"
"5402","19962"
"5403","12758"
"5404","06850"
"5405","06051"
"5406","06754"
"5407","02127"
"5408","40077"
"5409","67061"
"5410","51630"
"5411","02642"
"5412","03910"
"5413","08063"
"5414","12436"
"5415","03060"
"5416","03585"
"5417","08344"
"5418","97632"
"5419","35752"
"5420","99681"
"5421","99624"
"5422","32059"
"5423","32641"
"5424","21665"
"5425","10119"
"5426","50672"
"5427","04974"
"5428","62858"
"5429","04003"
"5430","03561"
"5431","58282"
"5432","07202"
"5433","03830"
"5434","99634"
"5435","99736"
"5436","10545"
"5437","99727"
"5438","99590"
"5439","85706"
"5440","85209"
"5441","85258"
"5442","99761"
"5443","32218"
"5444","32818"
"5445","34639"
"5446","42048"
"5447","01843"
"5448","13123"
"5449","04551"
"5450","04068"
"5451","55954"
"5452","44060"
"5453","55321"
"5454","08527"
"5455","14555"
"5456","99604"
"5457","71839"
"5458","72347"
"5459","12970"
"5460","72079"
"5461","32608"
"5462","32258"
"5463","34285"
"5464","32207"
"5465","33181"
"5466","34140"
"5467","49255"
"5468","48755"
"5469","70450"
"5470","59011"
"5471","71069"
"5472","14612"
"5473","12017"
"5474","03582"
"5475","29482"
"5476","85356"
"5477","72579"
"5478","30127"
"5479","31783"
"5480","70668"
"5481","59351"
"5482","01550"
"5483","02873"
"5484","02871"
"5485","87117"
"5486","17314"
"5487","91351"
"5488","90230"
"5489","95403"
"5490","91331"
"5491","30005"
"5492","59326"
"5493","30044"
"5494","30822"
"5495","31415"
"5496","59638"
"5497","68038"
"5498","65710"
"5499","50139"
"5500","52133"
"5501","50126"
"5502","51548"
"5503","59070"
"5504","20624"
"5505","20904"
"5506","20603"
"5507","49103"
"5508","39346"
"5509","17224"
"5510","02807"
"5511","59464"
"5512","68407"
"5513","68940"
"5514","59743"
"5515","50845"
"5516","51573"
"5517","50014"
"5518","51649"
"5519","49323"
"5520","01453"
"5521","48864"
"5522","48092"
"5523","02763"
"5524","02718"
"5525","59648"
"5526","01850"
"5527","65588"
"5528","65059"
"5529","28690"
"5530","43983"
"5531","58723"
"5532","50049"
"5533","52766"
"5534","50001"
"5535","02145"
"5536","27526"
"5537","01151"
"5538","48051"
"5539","48386"
"5540","48811"
"5541","48436"
"5542","63469"
"5543","64740"
"5544","28076"
"5545","11710"
"5546","28083"
"5547","28619"
"5548","28801"
"5549","50006"
"5550","52213"
"5551","50133"
"5552","50246"
"5553","49644"
"5554","48183"
"5555","48323"
"5556","48109"
"5557","65279"
"5558","04654"
"5559","21231"
"5560","28501"
"5561","64468"
"5562","63431"
"5563","12747"
"5564","12470"
"5565","12441"
"5566","27804"
"5567","50063"
"5568","50034"
"5569","66617"
"5570","66614"
"5571","13138"
"5572","49347"
"5573","48760"
"5574","48630"
"5575","49679"
"5576","49287"
"5577","07045"
"5578","07981"
"5579","07820"
"5580","08886"
"5581","68791"
"5582","28658"
"5583","27104"
"5584","27922"
"5585","67505"
"5586","67207"
"5587","67735"
"5588","66105"
"5589","66835"
"5590","66041"
"5591","49656"
"5592","55042"
"5593","27360"
"5594","55401"
"5595","56590"
"5596","55127"
"5597","03249"
"5598","08360"
"5599","08562"
"5600","03782"
"5601","28456"
"5602","28629"
"5603","28205"
"5604","45820"
"5605","43450"
"5606","66078"
"5607","66419"
"5608","42039"
"5609","40075"
"5610","55976"
"5611","56023"
"5612","56283"
"5613","08340"
"5614","03281"
"5615","58035"
"5616","03070"
"5617","03824"
"5618","03441"
"5619","07828"
"5620","07601"
"5621","58339"
"5622","44505"
"5623","43008"
"5624","45306"
"5625","58486"
"5626","45701"
"5627","42232"
"5628","67345"
"5629","67882"
"5630","49929"
"5631","55325"
"5632","56123"
"5633","07047"
"5634","68367"
"5635","03845"
"5636","07738"
"5637","44274"
"5638","03853"
"5639","07071"
"5640","45244"
"5641","58401"
"5642","67859"
"5643","40358"
"5644","40020"
"5645","42285"
"5646","56537"
"5647","56229"
"5648","44028"
"5649","56382"
"5650","03263"
"5651","68663"
"5652","68979"
"5653","69156"
"5654","87102"
"5655","02562"
"5656","60422"
"5657","61345"
"5658","60029"
"5659","43030"
"5660","61038"
"5661","61473"
"5662","40213"
"5663","40865"
"5664","40997"
"5665","41052"
"5666","56452"
"5667","56587"
"5668","07642"
"5669","87029"
"5670","02180"
"5671","12432"
"5672","08031"
"5673","07628"
"5674","07644"
"5675","08830"
"5676","61884"
"5677","61542"
"5678","61006"
"5679","46050"
"5680","70520"
"5681","71039"
"5682","11371"
"5683","70460"
"5684","38950"
"5685","39402"
"5686","39737"
"5687","14057"
"5688","13320"
"5689","13044"
"5690","46147"
"5691","46342"
"5692","47006"
"5693","12417"
"5694","70638"
"5695","71237"
"5696","70805"
"5697","70341"
"5698","55358"
"5699","56361"
"5700","55367"
"5701","12094"
"5702","14723"
"5703","14221"
"5704","74050"
"5705","46035"
"5706","47804"
"5707","46310"
"5708","46120"
"5709","71474"
"5710","04406"
"5711","04988"
"5712","04210"
"5713","04951"
"5714","38878"
"5715","74578"
"5716","39206"
"5717","39062"
"5718","65809"
"5719","12903"
"5720","12513"
"5721","13076"
"5722","13760"
"5723","11545"
"5724","10031"
"5725","46068"
"5726","44307"
"5727","46030"
"5728","47356"
"5729","46227"
"5730","46127"
"5731","46543"
"5732","21048"
"5733","04222"
"5734","20755"
"5735","20838"
"5736","04041"
"5737","97216"
"5738","65345"
"5739","63533"
"5740","63965"
"5741","10013"
"5742","10803"
"5743","12137"
"5744","11780"
"5745","13117"
"5746","14206"
"5747","46917"
"5748","97622"
"5749","47140"
"5750","46798"
"5751","52309"
"5752","04330"
"5753","21660"
"5754","04535"
"5755","04764"
"5756","65555"
"5757","64701"
"5758","64748"
"5759","97538"
"5760","12786"
"5761","12166"
"5762","59416"
"5763","68134"
"5764","50669"
"5765","50501"
"5766","50585"
"5767","04428"
"5768","04350"
"5769","01741"
"5770","15637"
"5771","01505"
"5772","01568"
"5773","01085"
"5774","63563"
"5775","38731"
"5776","02891"
"5777","59469"
"5778","68366"
"5779","68844"
"5780","68728"
"5781","48224"
"5782","74082"
"5783","16117"
"5784","16659"
"5785","19078"
"5786","16027"
"5787","57024"
"5788","77973"
"5789","78737"
"5790","75228"
"5791","24868"
"5792","25699"
"5793","19508"
"5794","74352"
"5795","73026"
"5796","44875"
"5797","57769"
"5798","77302"
"5799","75669"
"5800","26764"
"5801","53954"
"5802","43320"
"5803","74563"
"5804","15232"
"5805","73121"
"5806","57521"
"5807","57442"
"5808","77531"
"5809","75435"
"5810","25928"
"5811","98314"
"5812","26037"
"5813","24898"
"5814","25049"
"5815","15379"
"5816","73542"
"5817","74940"
"5818","57005"
"5819","29624"
"5820","57259"
"5821","77632"
"5822","75672"
"5823","75231"
"5824","76651"
"5825","25239"
"5826","16374"
"5827","38575"
"5828","73079"
"5829","45871"
"5830","97364"
"5831","19345"
"5832","17065"
"5833","18407"
"5834","57279"
"5835","29596"
"5836","57440"
"5837","18801"
"5838","77053"
"5839","75182"
"5840","29438"
"5841","77089"
"5842","22192"
"5843","84092"
"5844","05672"
"5845","15905"
"5846","97627"
"5847","15226"
"5848","18428"
"5849","37663"
"5850","38004"
"5851","38481"
"5852","78063"
"5853","79251"
"5854","37085"
"5855","57555"
"5856","05777"
"5857","05455"
"5858","19090"
"5859","19511"
"5860","15477"
"5861","18011"
"5862","15135"
"5863","38342"
"5864","37146"
"5865","38558"
"5866","75153"
"5867","77950"
"5868","37810"
"5869","05464"
"5870","16839"
"5871","24378"
"5872","53033"
"5873","17316"
"5874","15145"
"5875","18020"
"5876","37035"
"5877","38017"
"5878","37082"
"5879","23059"
"5880","22182"
"5881","16671"
"5882","54208"
"5883","18824"
"5884","17021"
"5885","17087"
"5886","15322"
"5887","38058"
"5888","37886"
"5889","38225"
"5890","20166"
"5891","24150"
"5892","48141"
"5893","15640"
"5894","22601"
"5895","53095"
"5896","15963"
"5897","15137"
"5898","37731"
"5899","17727"
"5900","05055"
"5901","23664"
"5902","05032"
"5903","25868"
"5904","18917"
"5905","54401"
"5906","17052"
"5907","16639"
"5908","17103"
"5909","18954"
"5910","15860"
"5911","16820"
"5912","24185"
"5913","76357"
"5914","23323"
"5915","15430"
"5916","10914"
"5917","12457"
"5918","13115"
"5919","14467"
"5920","13020"
"5921","13751"
"5922","11740"
"5923","15317"
"5924","17581"
"5925","43344"
"5926","45787"
"5927","16738"
"5928","17109"
"5929","17835"
"5930","17217"
"5931","17834"
"5932","22723"
"5933","84783"
"5934","99022"
"5935","12871"
"5936","10701"
"5937","44703"
"5938","13131"
"5939","45850"
"5940","43516"
"5941","44689"
"5942","44080"
"5943","45836"
"5944","45388"
"5945","43722"
"5946","02876"
"5947","15470"
"5948","43037"
"5949","76474"
"5950","77441"
"5951","98832"
"5952","24572"
"5953","14516"
"5954","74533"
"5955","45804"
"5956","17060"
"5957","15776"
"5958","16130"
"5959","29805"
"5960","29351"
"5961","78570"
"5962","76559"
"5963","76044"
"5964","77072"
"5965","75093"
"5966","22620"
"5967","98029"
"5968","24077"
"5969","44024"
"5970","17501"
"5971","45152"
"5972","16922"
"5973","17845"
"5974","16066"
"5975","29544"
"5976","15203"
"5977","78069"
"5978","75703"
"5979","78227"
"5980","98538"
"5981","29208"
"5982","99322"
"5983","24857"
"5984","43837"
"5985","29374"
"5986","29307"
"5987","75495"
"5988","78635"
"5989","77446"
"5990","79109"
"5991","78593"
"5992","57747"
"5993","25214"
"5994","26588"
"5995","26138"
"5996","25285"
"5997","59540"
"5998","45003"
"5999","07857"
"6000","07024"
"6001","83025"
"6002","54984"
"6003","48088"
"6004","57117"
"6005","62998"
"6006","31905"
"6007","85603"
"6008","47943"
"6009","52720"
"6010","49130"
"6011","04544"
"6012","59212"
"6013","03813"
"6014","43560"
"6015","37174"
"6016","62447"
"6017","62380"
"6018","89826"
"6019","71836"
"6020","06359"
"6021","91963"
"6022","93036"
"6023","49783"
"6024","04653"
"6025","13795"
"6026","38583"
"6027","12066"
"6028","03588"
"6029","13333"
"6030","06022"
"6031","06610"
"6032","61774"
"6033","13087"
"6034","10983"
"6035","89074"
"6036","06068"
"6037","37763"
"6038","80729"
"6039","72321"
"6040","94903"
"6041","71366"
"6042","48419"
"6043","12466"
"6044","87524"
"6045","57062"
"6046","43554"
"6047","69220"
"6048","38544"
"6049","03846"
"6050","07649"
"6051","03770"
"6052","85392"
"6053","94038"
"6054","90704"
"6055","83832"
"6056","40856"
"6057","49449"
"6058","49441"
"6059","37036"
"6060","07853"
"6061","88081"
"6062","53929"
"6063","54948"
"6064","33706"
"6065","06360"
"6066","33872"
"6067","32305"
"6068","69358"
"6069","68792"
"6070","37803"
"6071","69162"
"6072","18847"
"6073","54120"
"6074","32009"
"6075","04476"
"6076","19950"
"6077","33483"
"6078","95207"
"6079","32084"
"6080","59260"
"6081","37381"
"6082","02601"
"6083","68977"
"6084","68755"
"6085","07006"
"6086","07726"
"6087","02878"
"6088","03774"
"6089","11423"
"6090","02671"
"6091","51639"
"6092","37096"
"6093","47714"
"6094","51231"
"6095","47966"
"6096","53130"
"6097","50122"
"6098","34145"
"6099","93206"
"6100","95864"
"6101","94613"
"6102","30555"
"6103","19492"
"6104","01001"
"6105","02721"
"6106","20874"
"6107","04743"
"6108","78046"
"6109","14819"
"6110","52236"
"6111","21075"
"6112","83013"
"6113","82073"
"6114","49902"
"6115","16734"
"6116","26731"
"6117","02134"
"6118","67022"
"6119","47025"
"6120","66756"
"6121","30740"
"6122","10307"
"6123","56546"
"6124","49745"
"6125","12533"
"6126","17093"
"6127","38257"
"6128","45415"
"6129","26385"
"6130","25152"
"6131","38030"
"6132","31501"
"6133","47374"
"6134","60064"
"6135","06784"
"6136","34231"
"6137","17081"
"6138","11706"
"6139","11957"
"6140","48746"
"6141","44612"
"6142","54490"
"6143","53550"
"6144","99360"
"6145","41632"
"6146","65443"
"6147","06066"
"6148","19107"
"6149","04649"
"6150","47162"
"6151","49256"
"6152","49736"
"6153","03467"
"6154","01370"
"6155","54904"
"6156","95665"
"6157","53150"
"6158","10704"
"6159","76031"
"6160","79016"
"6161","18212"
"6162","97626"
"6163","04685"
"6164","04841"
"6165","60016"
"6166","60655"
"6167","60536"
"6168","49725"
"6169","54554"
"6170","77437"
"6171","53816"
"6172","36323"
"6173","17823"
"6174","57237"
"6175","04548"
"6176","61241"
"6177","41016"
"6178","83238"
"6179","63369"
"6180","64098"
"6181","79533"
"6182","72016"
"6183","06114"
"6184","54762"
"6185","25696"
"6186","75943"
"6187","78671"
"6188","05041"
"6189","15761"
"6190","30619"
"6191","31562"
"6192","77062"
"6193","28052"
"6194","27948"
"6195","10604"
"6196","64152"
"6197","54945"
"6198","05075"
"6199","25059"
"6200","15347"
"6201","97810"
"6202","38333"
"6203","75101"
"6204","36511"
"6205","61924"
"6206","21842"
"6207","01571"
"6208","66959"
"6209","14769"
"6210","55063"
"6211","54864"
"6212","54126"
"6213","54857"
"6214","79088"
"6215","53920"
"6216","18415"
"6217","16948"
"6218","67360"
"6219","01944"
"6220","02553"
"6221","21220"
"6222","11702"
"6223","11932"
"6224","03221"
"6225","56661"
"6226","78611"
"6227","05261"
"6228","53098"
"6229","54448"
"6230","76638"
"6231","35610"
"6232","62668"
"6233","21654"
"6234","21610"
"6235","46060"
"6236","08349"
"6237","78934"
"6238","64651"
"6239","91381"
"6240","95203"
"6241","94507"
"6242","91016"
"6243","92501"
"6244","30019"
"6245","31096"
"6246","50061"
"6247","50317"
"6248","78387"
"6249","52655"
"6250","52739"
"6251","16415"
"6252","15425"
"6253","91722"
"6254","93429"
"6255","95226"
"6256","91042"
"6257","31831"
"6258","30678"
"6259","79731"
"6260","50659"
"6261","50863"
"6262","41835"
"6263","40118"
"6264","42436"
"6265","98642"
"6266","16936"
"6267","25550"
"6268","92782"
"6269","92103"
"6270","75773"
"6271","93603"
"6272","90807"
"6273","93437"
"6274","83709"
"6275","96757"
"6276","96707"
"6277","50153"
"6278","51333"
"6279","50002"
"6280","50464"
"6281","75848"
"6282","50581"
"6283","15848"
"6284","17201"
"6285","35243"
"6286","94559"
"6287","90601"
"6288","83860"
"6289","96706"
"6290","62019"
"6291","60156"
"6292","75972"
"6293","50123"
"6294","50076"
"6295","50626"
"6296","35210"
"6297","36572"
"6298","95257"
"6299","93608"
"6300","60020"
"6301","62232"
"6302","62313"
"6303","76945"
"6304","60586"
"6305","52571"
"6306","52594"
"6307","50604"
"6308","35124"
"6309","17050"
"6310","80904"
"6311","81008"
"6312","60510"
"6313","60005"
"6314","76598"
"6315","60012"
"6316","61107"
"6317","52325"
"6318","51245"
"6319","51035"
"6320","50315"
"6321","66619"
"6322","66021"
"6323","82420"
"6324","36046"
"6325","76908"
"6326","80603"
"6327","80129"
"6328","80027"
"6329","60050"
"6330","61842"
"6331","62534"
"6332","66226"
"6333","66060"
"6334","67854"
"6335","67546"
"6336","56313"
"6337","75287"
"6338","67216"
"6339","42369"
"6340","40010"
"6341","17552"
"6342","35564"
"6343","35139"
"6344","06770"
"6345","06790"
"6346","06067"
"6347","06013"
"6348","37020"
"6349","06354"
"6350","06484"
"6351","62859"
"6352","62378"
"6353","61344"
"6354","41102"
"6355","41397"
"6356","40068"
"6357","40161"
"6358","99630"
"6359","24112"
"6360","36436"
"6361","99605"
"6362","80631"
"6363","06410"
"6364","80830"
"6365","62675"
"6366","62347"
"6367","42069"
"6368","41607"
"6369","67431"
"6370","20175"
"6371","99553"
"6372","99747"
"6373","85253"
"6374","85009"
"6375","85606"
"6376","81024"
"6377","32601"
"6378","20052"
"6379","34476"
"6380","32714"
"6381","24175"
"6382","61275"
"6383","62985"
"6384","61536"
"6385","66850"
"6386","40982"
"6387","40150"
"6388","85042"
"6389","99923"
"6390","85029"
"6391","85303"
"6392","22630"
"6393","32174"
"6394","06053"
"6395","06418"
"6396","06763"
"6397","60174"
"6398","62572"
"6399","62311"
"6400","47929"
"6401","73179"
"6402","98134"
"6403","84651"
"6404","99033"
"6405","45503"
"6406","44107"
"6407","71964"
"6408","71660"
"6409","85031"
"6410","34773"
"6411","33145"
"6412","33569"
"6413","33545"
"6414","24219"
"6415","33130"
"6416","61602"
"6417","61358"
"6418","46173"
"6419","46058"
"6420","46914"
"6421","45223"
"6422","58017"
"6423","23092"
"6424","12481"
"6425","22514"
"6426","73151"
"6427","84308"
"6428","71654"
"6429","72394"
"6430","92701"
"6431","34637"
"6432","32211"
"6433","32206"
"6434","33413"
"6435","33782"
"6436","24084"
"6437","33849"
"6438","30066"
"6439","46989"
"6440","46148"
"6441","47352"
"6442","47122"
"6443","43521"
"6444","44428"
"6445","17345"
"6446","95742"
"6447","56575"
"6448","23891"
"6449","95663"
"6450","92563"
"6451","96076"
"6452","91762"
"6453","30565"
"6454","30168"
"6455","33982"
"6456","46176"
"6457","47336"
"6458","46278"
"6459","24534"
"6460","47850"
"6461","18837"
"6462","16874"
"6463","92239"
"6464","95391"
"6465","92028"
"6466","72329"
"6467","31301"
"6468","30315"
"6469","31210"
"6470","22185"
"6471","46373"
"6472","46524"
"6473","47034"
"6474","47515"
"6475","46802"
"6476","17233"
"6477","26101"
"6478","95368"
"6479","95559"
"6480","91436"
"6481","24067"
"6482","90089"
"6483","95619"
"6484","31052"
"6485","30149"
"6486","46156"
"6487","46057"
"6488","46222"
"6489","46052"
"6490","73673"
"6491","73028"
"6492","98360"
"6493","01436"
"6494","20778"
"6495","21205"
"6496","65715"
"6497","63464"
"6498","63663"
"6499","65350"
"6500","64624"
"6501","59242"
"6502","69141"
"6503","98263"
"6504","68779"
"6505","68116"
"6506","73620"
"6507","74028"
"6508","74046"
"6509","73764"
"6510","44303"
"6511","49457"
"6512","02461"
"6513","48117"
"6514","98559"
"6515","63945"
"6516","03780"
"6517","68831"
"6518","89044"
"6519","68418"
"6520","65456"
"6521","63551"
"6522","43615"
"6523","15627"
"6524","02144"
"6525","24137"
"6526","49426"
"6527","02056"
"6528","48856"
"6529","48821"
"6530","48649"
"6531","89413"
"6532","03842"
"6533","03245"
"6534","03766"
"6535","03106"
"6536","98862"
"6537","03054"
"6538","68820"
"6539","28023"
"6540","13780"
"6541","73067"
"6542","45054"
"6543","45248"
"6544","48838"
"6545","49111"
"6546","49338"
"6547","99160"
"6548","03867"
"6549","89149"
"6550","68850"
"6551","12725"
"6552","27409"
"6553","11234"
"6554","45410"
"6555","19301"
"6556","97210"
"6557","97222"
"6558","56479"
"6559","99039"
"6560","48411"
"6561","48654"
"6562","49001"
"6563","49274"
"6564","07059"
"6565","08001"
"6566","03104"
"6567","68029"
"6568","68017"
"6569","89012"
"6570","25043"
"6571","27377"
"6572","13061"
"6573","12205"
"6574","97014"
"6575","97113"
"6576","49639"
"6577","49053"
"6578","49033"
"6579","68037"
"6580","89108"
"6581","24901"
"6582","68446"
"6583","89831"
"6584","68837"
"6585","68147"
"6586","28613"
"6587","18439"
"6588","74829"
"6589","74359"
"6590","18230"
"6591","49874"
"6592","25286"
"6593","55330"
"6594","55054"
"6595","89030"
"6596","03593"
"6597","69335"
"6598","03814"
"6599","28761"
"6600","12855"
"6601","18036"
"6602","17067"
"6603","24716"
"6604","55068"
"6605","56273"
"6606","55308"
"6607","08502"
"6608","07852"
"6609","07980"
"6610","08005"
"6611","08225"
"6612","88047"
"6613","13329"
"6614","24931"
"6615","27884"
"6616","13029"
"6617","15329"
"6618","16057"
"6619","56263"
"6620","49847"
"6621","56569"
"6622","55359"
"6623","08859"
"6624","07014"
"6625","26435"
"6626","07641"
"6627","88414"
"6628","07648"
"6629","08732"
"6630","12575"
"6631","14212"
"6632","27820"
"6633","27325"
"6634","28202"
"6635","45723"
"6636","24847"
"6637","42462"
"6638","40178"
"6639","56736"
"6640","55936"
"6641","56251"
"6642","55109"
"6643","56678"
"6644","14414"
"6645","13616"
"6646","13053"
"6647","24845"
"6648","44833"
"6649","43040"
"6650","45696"
"6651","44143"
"6652","71326"
"6653","41619"
"6654","41735"
"6655","38637"
"6656","39203"
"6657","56161"
"6658","84525"
"6659","38927"
"6660","12883"
"6661","11553"
"6662","10471"
"6663","13092"
"6664","12412"
"6665","58441"
"6666","43232"
"6667","58770"
"6668","45849"
"6669","41005"
"6670","49880"
"6671","84310"
"6672","58428"
"6673","70050"
"6674","70394"
"6675","71301"
"6676","70122"
"6677","39336"
"6678","38617"
"6679","38841"
"6680","14541"
"6681","12504"
"6682","84051"
"6683","12140"
"6684","10451"
"6685","44824"
"6686","43150"
"6687","27212"
"6688","71219"
"6689","71426"
"6690","71034"
"6691","04453"
"6692","04579"
"6693","05874"
"6694","39735"
"6695","65674"
"6696","64057"
"6697","63849"
"6698","13460"
"6699","10583"
"6700","11725"
"6701","58625"
"6702","58274"
"6703","45402"
"6704","82051"
"6705","10973"
"6706","10910"
"6707","21738"
"6708","04901"
"6709","04487"
"6710","21146"
"6711","21723"
"6712","04473"
"6713","65644"
"6714","64070"
"6715","82401"
"6716","63783"
"6717","87538"
"6718","13303"
"6719","14777"
"6720","12950"
"6721","14714"
"6722","11419"
"6723","13224"
"6724","04921"
"6725","04220"
"6726","54537"
"6727","04015"
"6728","04761"
"6729","63351"
"6730","63625"
"6731","02804"
"6732","14043"
"6733","10469"
"6734","10708"
"6735","10801"
"6736","68647"
"6737","53065"
"6738","13368"
"6739","12208"
"6740","13110"
"6741","04777"
"6742","04941"
"6743","02538"
"6744","21084"
"6745","64129"
"6746","63847"
"6747","63042"
"6748","30460"
"6749","65013"
"6750","69029"
"6751","68361"
"6752","13658"
"6753","44611"
"6754","78675"
"6755","77088"
"6756","79379"
"6757","79607"
"6758","98686"
"6759","91371"
"6760","98232"
"6761","24105"
"6762","26291"
"6763","54922"
"6764","54481"
"6765","15333"
"6766","02917"
"6767","29456"
"6768","77467"
"6769","75150"
"6770","54627"
"6771","75490"
"6772","75022"
"6773","98022"
"6774","99343"
"6775","25008"
"6776","25505"
"6777","24860"
"6778","26055"
"6779","23876"
"6780","40205"
"6781","56671"
"6782","54546"
"6783","42541"
"6784","04756"
"6785","16946"
"6786","29414"
"6787","76824"
"6788","76105"
"6789","77364"
"6790","25646"
"6791","24701"
"6792","05647"
"6793","05152"
"6794","22652"
"6795","25989"
"6796","16037"
"6797","02909"
"6798","15239"
"6799","75683"
"6800","77058"
"6801","77415"
"6802","75601"
"6803","77065"
"6804","53540"
"6805","24712"
"6806","25845"
"6807","25086"
"6808","25203"
"6809","98628"
"6810","22937"
"6811","62940"
"6812","16258"
"6813","16510"
"6814","29039"
"6815","54845"
"6816","75080"
"6817","75202"
"6818","76487"
"6819","78252"
"6820","77448"
"6821","24882"
"6822","25854"
"6823","54722"
"6824","62862"
"6825","02812"
"6826","62961"
"6827","15147"
"6828","15934"
"6829","15028"
"6830","18354"
"6831","17535"
"6832","79377"
"6833","29530"
"6834","75750"
"6835","24839"
"6836","05679"
"6837","31544"
"6838","12435"
"6839","14486"
"6840","82059"
"6841","07940"
"6842","07662"
"6843","06278"
"6844","57264"
"6845","57563"
"6846","57301"
"6847","57658"
"6848","60304"
"6849","75977"
"6850","84109"
"6851","78001"
"6852","84005"
"6853","12886"
"6854","07716"
"6855","64438"
"6856","04640"
"6857","89134"
"6858","57053"
"6859","07702"
"6860","29583"
"6861","37187"
"6862","37308"
"6863","05862"
"6864","38067"
"6865","05843"
"6866","05681"
"6867","12843"
"6868","07072"
"6869","07307"
"6870","10110"
"6871","08103"
"6872","13436"
"6873","29580"
"6874","37188"
"6875","37049"
"6876","37141"
"6877","23875"
"6878","22432"
"6879","79233"
"6880","24082"
"6881","32079"
"6882","05153"
"6883","14139"
"6884","82933"
"6885","91316"
"6886","55122"
"6887","47514"
"6888","46381"
"6889","38355"
"6890","37932"
"6891","57028"
"6892","55114"
"6893","07721"
"6894","23234"
"6895","23314"
"6896","24020"
"6897","22304"
"6898","24015"
"6899","53578"
"6900","54430"
"6901","24243"
"6902","47590"
"6903","04573"
"6904","07407"
"6905","04289"
"6906","04417"
"6907","50421"
"6908","37713"
"6909","38119"
"6910","38449"
"6911","37228"
"6912","23102"
"6913","22734"
"6914","53531"
"6915","13902"
"6916","54004"
"6917","98555"
"6918","15746"
"6919","19539"
"6920","17003"
"6921","15051"
"6922","38317"
"6923","57348"
"6924","15480"
"6925","17829"
"6926","11209"
"6927","20109"
"6928","20124"
"6929","24482"
"6930","22213"
"6931","26722"
"6932","25570"
"6933","05839"
"6934","15632"
"6935","15672"
"6936","17022"
"6937","80546"
"6938","16035"
"6939","16235"
"6940","15004"
"6941","19102"
"6942","17974"
"6943","17040"
"6944","15054"
"6945","84770"
"6946","24162"
"6947","53185"
"6948","47455"
"6949","53209"
"6950","53554"
"6951","54748"
"6952","15218"
"6953","18220"
"6954","15866"
"6955","15721"
"6956","15224"
"6957","17403"
"6958","16680"
"6959","04940"
"6960","16436"
"6961","15771"
"6962","24128"
"6963","54460"
"6964","53955"
"6965","54247"
"6966","18077"
"6967","18330"
"6968","16321"
"6969","43324"
"6970","04657"
"6971","44234"
"6972","76885"
"6973","78719"
"6974","78552"
"6975","78123"
"6976","05733"
"6977","23669"
"6978","98057"
"6979","54115"
"6980","61285"
"6981","77436"
"6982","94925"
"6983","43103"
"6984","44275"
"6985","43547"
"6986","43337"
"6987","45812"
"6988","02839"
"6989","75125"
"6990","75757"
"6991","98021"
"6992","58065"
"6993","24079"
"6994","98077"
"6995","61770"
"6996","34608"
"6997","53132"
"6998","54902"
"6999","25504"
"7000","21044"
"7001","21045"
"7002","77629"
"7003","38965"
"7004","18709"
"7005","16218"
"7006","57436"
"7007","77432"
"7008","21015"
"7009","21028"
"7010","19512"
"7011","19518"
"7012","25510"
"7013","21046"
"7014","21047"
"7015","19538"
"7016","57755"
"7017","76006"
"7018","79565"
"7019","25422"
"7020","21029"
"7021","19520"
"7022","19525"
"7023","19529"
"7024","21050"
"7025","25520"
"7026","38221"
"7027","45724"
"7028","17267"
"7029","21032"
"7030","21035"
"7031","07646"
"7032","21037"
"7033","19541"
"7034","19543"
"7035","19551"
"7036","25521"
"7037","18413"
"7038","21053"
"7039","18831"
"7040","21634"
"7041","35739"
"7042","25438"
"7043","25442"
"7044","16665"
"7045","16666"
"7046","16667"
"7047","19555"
"7048","71730"
"7049","19560"
"7050","19567"
"7051","19601"
"7052","25540"
"7053","25571"
"7054","72715"
"7055","06385"
"7056","34228"
"7057","94024"
"7058","12430"
"7059","95010"
"7060","16669"
"7061","12434"
"7062","19610"
"7063","19611"
"7064","38079"
"7065","21076"
"7066","25559"
"7067","21085"
"7068","06093"
"7069","62460"
"7070","33129"
"7071","32190"
"7072","47944"
"7073","12439"
"7074","12440"
"7075","12449"
"7076","16682"
"7077","12452"
"7078","40003"
"7079","32003"
"7080","60002"
"7081","06811"
"7082","48017"
"7083","25564"
"7084","21087"
"7085","62025"
"7086","66403"
"7087","16685"
"7088","12459"
"7089","16689"
"7090","12469"
"7091","40019"
"7092","90254"
"7093","40023"
"7094","40026"
"7095","21093"
"7096","25606"
"7097","25607"
"7098","21104"
"7099","66040"
"7100","52215"
"7101","12471"
"7102","16693"
"7103","93117"
"7104","12480"
"7105","12484"
"7106","32033"
"7107","60010"
"7108","60431"
"7109","25529"
"7110","21061"
"7111","25535"
"7112","61401"
"7113","48740"
"7114","56075"
"7115","85320"
"7116","04047"
"7117","12487"
"7118","12494"
"7119","12498"
"7120","35582"
"7121","35585"
"7122","18940"
"7123","53803"
"7124","02026"
"7125","41568"
"7126","86505"
"7127","01440"
"7128","02067"
"7129","49083"
"7130","65053"
"7131","12501"
"7132","16724"
"7133","16726"
"7134","12523"
"7135","48356"
"7136","39166"
"7137","30711"
"7138","55601"
"7139","48357"
"7140","60432"
"7141","56566"
"7142","22736"
"7143","98375"
"7144","13812"
"7145","97149"
"7146","25268"
"7147","12525"
"7148","83302"
"7149","12528"
"7150","41234"
"7151","35587"
"7152","41238"
"7153","23897"
"7154","23357"
"7155","24715"
"7156","73453"
"7157","20832"
"7158","20842"
"7159","19732"
"7160","07438"
"7161","12529"
"7162","12531"
"7163","48362"
"7164","41255"
"7165","41256"
"7166","30350"
"7167","41263"
"7168","84767"
"7169","45646"
"7170","33154"
"7171","25287"
"7172","07444"
"7173","20860"
"7174","20861"
"7175","20866"
"7176","16822"
"7177","12542"
"7178","12546"
"7179","50645"
"7180","41265"
"7181","33785"
"7182","41267"
"7183","49971"
"7184","18976"
"7185","17923"
"7186","20872"
"7187","25306"
"7188","07465"
"7189","12548"
"7190","19437"
"7191","19438"
"7192","32087"
"7193","19454"
"7194","60435"
"7195","46526"
"7196","50648"
"7197","30360"
"7198","57523"
"7199","97050"
"7200","05873"
"7201","20895"
"7202","07480"
"7203","60649"
"7204","07502"
"7205","20910"
"7206","20912"
"7207","19460"
"7208","19464"
"7209","50651"
"7210","50653"
"7211","48381"
"7212","50654"
"7213","05473"
"7214","46394"
"7215","84313"
"7216","18503"
"7217","38488"
"7218","16745"
"7219","21005"
"7220","21010"
"7221","21012"
"7222","07630"
"7223","19465"
"7224","19506"
"7225","39437"
"7226","70082"
"7227","19510"
"7228","32431"
"7229","46530"
"7230","40170"
"7231","32063"
"7232","60033"
"7233","21155"
"7234","25812"
"7235","07753"
"7236","17038"
"7237","66206"
"7238","12878"
"7239","12913"
"7240","16861"
"7241","16863"
"7242","12572"
"7243","40176"
"7244","40177"
"7245","40202"
"7246","38658"
"7247","25820"
"7248","83524"
"7249","25823"
"7250","12916"
"7251","12917"
"7252","46077"
"7253","16870"
"7254","16877"
"7255","16879"
"7256","16882"
"7257","55904"
"7258","46733"
"7259","02659"
"7260","21161"
"7261","25825"
"7262","21163"
"7263","12919"
"7264","12930"
"7265","12934"
"7266","12945"
"7267","12590"
"7268","12719"
"7269","42083"
"7270","21502"
"7271","42085"
"7272","51061"
"7273","07762"
"7274","07764"
"7275","25843"
"7276","25846"
"7277","21204"
"7278","25873"
"7279","12946"
"7280","12952"
"7281","01504"
"7282","35054"
"7283","40204"
"7284","12723"
"7285","16925"
"7286","16926"
"7287","55906"
"7288","48613"
"7289","35759"
"7290","25857"
"7291","25876"
"7292","66002"
"7293","07822"
"7294","55045"
"7295","50065"
"7296","46062"
"7297","12726"
"7298","12733"
"7299","12740"
"7300","42088"
"7301","48615"
"7302","60513"
"7303","56127"
"7304","25901"
"7305","25907"
"7306","55047"
"7307","32071"
"7308","40207"
"7309","12741"
"7310","12746"
"7311","16935"
"7312","30529"
"7313","48616"
"7314","67516"
"7315","32569"
"7316","25918"
"7317","25936"
"7318","38668"
"7319","32073"
"7320","50075"
"7321","12754"
"7322","16942"
"7323","12764"
"7324","46741"
"7325","89410"
"7326","46742"
"7327","35761"
"7328","25942"
"7329","21209"
"7330","07840"
"7331","38671"
"7332","38673"
"7333","35062"
"7334","16950"
"7335","17002"
"7336","39063"
"7337","02019"
"7338","48036"
"7339","48617"
"7340","48618"
"7341","46746"
"7342","25969"
"7343","25971"
"7344","07848"
"7345","25977"
"7346","38674"
"7347","32082"
"7348","63961"
"7349","40212"
"7350","48084"
"7351","38622"
"7352","55021"
"7353","30022"
"7354","55912"
"7355","55919"
"7356","25978"
"7357","07851"
"7358","12770"
"7359","87577"
"7360","17006"
"7361","35068"
"7362","38677"
"7363","38683"
"7364","38626"
"7365","60014"
"7366","60517"
"7367","55920"
"7368","17009"
"7369","12784"
"7370","08079"
"7371","12788"
"7372","17011"
"7373","12811"
"7374","25635"
"7375","21113"
"7376","25652"
"7377","40070"
"7378","46038"
"7379","40076"
"7380","35765"
"7381","07020"
"7382","42104"
"7383","12815"
"7384","12819"
"7385","17017"
"7386","17018"
"7387","21117"
"7388","21122"
"7389","07735"
"7390","07739"
"7391","38639"
"7392","89043"
"7393","38641"
"7394","40111"
"7395","40115"
"7396","48047"
"7397","42120"
"7398","39421"
"7399","17020"
"7400","12834"
"7401","25701"
"7402","07746"
"7403","03609"
"7404","12550"
"7405","16832"
"7406","60022"
"7407","38645"
"7408","35040"
"7409","46750"
"7410","51108"
"7411","60521"
"7412","12836"
"7413","12837"
"7414","28785"
"7415","12839"
"7416","12553"
"7417","12564"
"7418","16841"
"7419","38646"
"7420","32058"
"7421","38647"
"7422","38650"
"7423","51109"
"7424","42127"
"7425","38611"
"7426","55924"
"7427","55925"
"7428","17025"
"7429","17029"
"7430","17032"
"7431","12851"
"7432","16852"
"7433","12570"
"7434","16855"
"7435","12571"
"7436","28462"
"7437","35043"
"7438","35045"
"7439","21152"
"7440","21153"
"7441","21154"
"7442","17033"
"7443","12860"
"7444","12861"
"7445","41635"
"7446","41636"
"7447","39736"
"7448","39180"
"7449","35621"
"7450","46536"
"7451","50666"
"7452","55705"
"7453","39193"
"7454","08033"
"7455","21402"
"7456","12955"
"7457","12957"
"7458","12960"
"7459","69148"
"7460","35098"
"7461","38740"
"7462","50702"
"7463","41645"
"7464","46552"
"7465","48430"
"7466","55706"
"7467","46542"
"7468","48417"
"7469","12964"
"7470","08608"
"7471","17055"
"7472","12973"
"7473","48108"
"7474","35112"
"7475","55084"
"7476","40291"
"7477","48432"
"7478","21562"
"7479","08062"
"7480","08064"
"7481","74056"
"7482","32440"
"7483","50676"
"7484","55711"
"7485","12978"
"7486","17059"
"7487","50144"
"7488","60069"
"7489","46556"
"7490","08037"
"7491","08043"
"7492","97058"
"7493","32443"
"7494","60443"
"7495","55713"
"7496","17062"
"7497","12989"
"7498","55089"
"7499","48111"
"7500","60071"
"7501","26215"
"7502","26217"
"7503","45112"
"7504","26236"
"7505","35613"
"7506","41522"
"7507","12993"
"7508","12996"
"7509","35116"
"7510","32119"
"7511","35118"
"7512","26237"
"7513","08052"
"7514","14047"
"7515","21538"
"7516","25984"
"7517","07856"
"7518","07863"
"7519","17071"
"7520","17073"
"7521","17076"
"7522","13027"
"7523","32127"
"7524","32128"
"7525","15535"
"7526","32129"
"7527","26254"
"7528","21543"
"7529","21545"
"7530","08054"
"7531","07865"
"7532","21215"
"7533","07876"
"7534","26035"
"7535","17078"
"7536","02914"
"7537","13031"
"7538","17088"
"7539","32130"
"7540","50158"
"7541","26267"
"7542","26271"
"7543","07882"
"7544","26047"
"7545","13032"
"7546","17102"
"7547","16140"
"7548","35125"
"7549","50168"
"7550","60081"
"7551","26275"
"7552","26276"
"7553","26282"
"7554","26059"
"7555","07934"
"7556","07935"
"7557","07936"
"7558","38631"
"7559","84144"
"7560","07945"
"7561","13037"
"7562","13039"
"7563","13051"
"7564","30104"
"7565","30105"
"7566","38768"
"7567","21111"
"7568","50115"
"7569","35073"
"7570","75501"
"7571","26070"
"7572","07976"
"7573","08002"
"7574","21225"
"7575","13052"
"7576","17111"
"7577","13057"
"7578","30106"
"7579","55717"
"7580","48421"
"7581","28528"
"7582","41531"
"7583","48093"
"7584","55066"
"7585","32094"
"7586","26104"
"7587","21227"
"7588","13063"
"7589","17112"
"7590","13072"
"7591","41534"
"7592","23847"
"7593","60444"
"7594","46544"
"7595","32444"
"7596","32445"
"7597","41544"
"7598","32095"
"7599","55070"
"7600","48383"
"7601","60438"
"7602","26141"
"7603","45156"
"7604","21228"
"7605","13073"
"7606","13077"
"7607","13078"
"7608","41547"
"7609","55719"
"7610","41553"
"7611","48423"
"7612","30410"
"7613","48390"
"7614","05905"
"7615","41348"
"7616","26146"
"7617","26148"
"7618","17210"
"7619","17215"
"7620","35087"
"7621","41558"
"7622","48426"
"7623","41566"
"7624","41571"
"7625","22830"
"7626","41385"
"7627","41408"
"7628","41421"
"7629","26150"
"7630","21236"
"7631","38725"
"7632","32102"
"7633","35091"
"7634","41572"
"7635","46545"
"7636","45684"
"7637","39189"
"7638","60439"
"7639","08022"
"7640","21244"
"7641","26175"
"7642","38726"
"7643","50135"
"7644","48104"
"7645","41603"
"7646","55720"
"7647","26726"
"7648","41616"
"7649","41425"
"7650","55702"
"7651","55703"
"7652","26180"
"7653","26181"
"7654","50138"
"7655","35097"
"7656","40258"
"7657","50701"
"7658","15770"
"7659","41631"
"7660","40390"
"7661","55726"
"7662","39211"
"7663","41667"
"7664","08092"
"7665","26384"
"7666","21651"
"7667","13357"
"7668","13361"
"7669","63127"
"7670","19112"
"7671","17502"
"7672","13114"
"7673","17239"
"7674","17240"
"7675","50707"
"7676","48435"
"7677","46561"
"7678","48437"
"7679","48438"
"7680","21652"
"7681","99118"
"7682","26404"
"7683","26408"
"7684","08094"
"7685","13403"
"7686","17516"
"7687","13124"
"7688","17255"
"7689","13140"
"7690","17272"
"7691","41712"
"7692","16155"
"7693","41714"
"7694","32459"
"7695","21658"
"7696","21659"
"7697","17519"
"7698","13413"
"7699","17262"
"7700","17264"
"7701","13153"
"7702","41722"
"7703","35976"
"7704","41723"
"7705","08096"
"7706","26416"
"7707","26421"
"7708","21667"
"7709","21669"
"7710","13416"
"7711","17527"
"7712","50228"
"7713","50232"
"7714","82325"
"7715","13155"
"7716","13158"
"7717","17309"
"7718","32460"
"7719","41727"
"7720","21672"
"7721","21673"
"7722","26438"
"7723","08105"
"7724","17532"
"7725","35901"
"7726","13425"
"7727","13433"
"7728","13159"
"7729","17313"
"7730","13167"
"7731","55732"
"7732","41740"
"7733","55733"
"7734","26440"
"7735","21678"
"7736","36453"
"7737","17543"
"7738","13452"
"7739","17319"
"7740","17320"
"7741","17322"
"7742","41745"
"7743","48441"
"7744","46563"
"7745","41751"
"7746","26448"
"7747","99645"
"7748","08108"
"7749","38833"
"7750","32168"
"7751","55130"
"7752","13212"
"7753","13215"
"7754","13305"
"7755","50830"
"7756","60450"
"7757","21701"
"7758","99679"
"7759","08110"
"7760","13437"
"7761","13439"
"7762","13308"
"7763","17340"
"7764","13312"
"7765","39232"
"7766","39272"
"7767","41764"
"7768","08204"
"7769","99729"
"7770","13315"
"7771","17347"
"7772","13454"
"7773","35171"
"7774","48127"
"7775","30108"
"7776","40348"
"7777","55735"
"7778","41773"
"7779","48444"
"7780","01860"
"7781","63077"
"7782","85015"
"7783","17349"
"7784","13318"
"7785","17356"
"7786","48161"
"7787","50240"
"7788","35175"
"7789","35131"
"7790","32140"
"7791","48130"
"7792","46567"
"7793","99781"
"7794","41774"
"7795","17362"
"7796","26292"
"7797","26298"
"7798","08073"
"7799","08077"
"7800","30110"
"7801","60087"
"7802","46570"
"7803","26342"
"7804","85611"
"7805","26346"
"7806","13327"
"7807","17364"
"7808","21617"
"7809","26320"
"7810","38778"
"7811","60088"
"7812","35143"
"7813","26347"
"7814","08086"
"7815","72669"
"7816","17365"
"7817","13331"
"7818","08078"
"7819","21623"
"7820","26335"
"7821","32147"
"7822","48135"
"7823","60090"
"7824","46157"
"7825","35149"
"7826","71833"
"7827","48140"
"7828","38804"
"7829","21632"
"7830","21636"
"7831","21639"
"7832","13334"
"7833","13335"
"7834","21625"
"7835","13084"
"7836","13090"
"7837","72351"
"7838","13103"
"7839","55119"
"7840","60096"
"7841","46162"
"7842","48146"
"7843","46165"
"7844","46167"
"7845","48150"
"7846","26376"
"7847","21643"
"7848","72434"
"7849","17402"
"7850","13340"
"7851","13108"
"7852","17235"
"7853","17236"
"7854","50223"
"7855","46168"
"7856","46171"
"7857","46172"
"7858","21645"
"7859","91343"
"7860","26378"
"7861","13346"
"7862","13348"
"7863","42024"
"7864","51001"
"7865","60465"
"7866","41812"
"7867","41817"
"7868","41819"
"7869","46573"
"7870","92840"
"7871","26570"
"7872","08242"
"7873","13646"
"7874","17751"
"7875","13652"
"7876","17752"
"7877","13655"
"7878","55765"
"7879","55766"
"7880","51003"
"7881","93432"
"7882","48472"
"7883","55741"
"7884","30454"
"7885","41825"
"7886","26581"
"7887","21771"
"7888","13659"
"7889","13660"
"7890","40460"
"7891","48473"
"7892","64066"
"7893","91330"
"7894","26690"
"7895","08327"
"7896","41828"
"7897","41832"
"7898","41834"
"7899","41843"
"7900","08244"
"7901","26590"
"7902","26591"
"7903","21780"
"7904","95553"
"7905","30141"
"7906","60118"
"7907","32189"
"7908","51005"
"7909","48475"
"7910","48476"
"7911","32511"
"7912","48502"
"7913","41844"
"7914","46574"
"7915","90249"
"7916","41855"
"7917","48450"
"7918","41859"
"7919","08260"
"7920","26615"
"7921","26619"
"7922","55309"
"7923","32193"
"7924","32195"
"7925","55769"
"7926","95230"
"7927","60469"
"7928","51010"
"7929","48451"
"7930","50846"
"7931","60453"
"7932","26621"
"7933","26627"
"7934","48174"
"7935","38855"
"7936","55311"
"7937","94952"
"7938","48176"
"7939","35661"
"7940","32514"
"7941","35648"
"7942","35649"
"7943","48456"
"7944","46590"
"7945","26629"
"7946","21787"
"7947","60120"
"7948","92276"
"7949","35206"
"7950","38859"
"7951","30148"
"7952","35670"
"7953","21793"
"7954","08314"
"7955","50851"
"7956","39307"
"7957","46601"
"7958","26636"
"7959","96080"
"7960","17554"
"7961","13459"
"7962","48179"
"7963","38862"
"7964","55315"
"7965","50310"
"7966","08316"
"7967","26678"
"7968","08318"
"7969","08319"
"7970","90301"
"7971","48458"
"7972","50854"
"7973","35652"
"7974","17557"
"7975","13468"
"7976","13469"
"7977","48182"
"7978","50311"
"7979","38865"
"7980","26679"
"7981","93238"
"7982","08322"
"7983","60460"
"7984","55749"
"7985","50857"
"7986","13470"
"7987","17565"
"7988","35209"
"7989","40504"
"7990","50313"
"7991","08066"
"7992","81131"
"7993","35176"
"7994","35178"
"7995","50247"
"7996","55750"
"7997","32504"
"7998","21710"
"7999","17566"
"8000","17572"
"8001","55320"
"8002","38868"
"8003","64833"
"8004","80540"
"8005","55324"
"8006","48165"
"8007","46182"
"8008","48166"
"8009","46184"
"8010","38844"
"8011","21711"
"8012","26505"
"8013","21716"
"8014","13486"
"8015","80456"
"8016","13488"
"8017","17584"
"8018","40509"
"8019","40511"
"8020","46224"
"8021","60108"
"8022","60109"
"8023","38846"
"8024","50254"
"8025","21722"
"8026","80209"
"8027","21727"
"8028","21733"
"8029","17601"
"8030","17602"
"8031","50858"
"8032","55751"
"8033","39325"
"8034","40442"
"8035","46201"
"8036","50258"
"8037","06442"
"8038","60111"
"8039","26537"
"8040","26542"
"8041","26543"
"8042","26563"
"8043","17603"
"8044","13602"
"8045","39326"
"8046","48463"
"8047","50862"
"8048","06061"
"8049","30134"
"8050","38849"
"8051","21754"
"8052","21755"
"8053","13612"
"8054","13614"
"8055","13615"
"8056","17702"
"8057","42003"
"8058","60462"
"8059","81325"
"8060","55757"
"8061","55758"
"8062","46202"
"8063","30135"
"8064","50264"
"8065","21757"
"8066","21766"
"8067","26568"
"8068","17729"
"8069","17731"
"8070","32571"
"8071","13621"
"8072","42020"
"8073","60463"
"8074","48467"
"8075","30137"
"8076","38851"
"8077","48170"
"8078","50839"
"8079","46571"
"8080","21769"
"8081","20593"
"8082","21770"
"8083","13630"
"8084","13633"
"8085","13635"
"8086","30470"
"8087","60464"
"8088","13803"
"8089","13804"
"8090","39345"
"8091","46635"
"8092","32134"
"8093","08863"
"8094","17855"
"8095","17856"
"8096","17857"
"8097","21849"
"8098","26845"
"8099","08520"
"8100","13807"
"8101","17851"
"8102","38879"
"8103","06456"
"8104","40513"
"8105","51023"
"8106","42041"
"8107","60477"
"8108","17859"
"8109","17961"
"8110","14031"
"8111","26865"
"8112","26884"
"8113","55329"
"8114","69166"
"8115","33976"
"8116","35212"
"8117","30170"
"8118","50321"
"8119","51024"
"8120","39347"
"8121","13833"
"8122","13835"
"8123","13838"
"8124","17864"
"8125","08530"
"8126","32615"
"8127","21856"
"8128","40517"
"8129","60139"
"8130","30176"
"8131","30177"
"8132","39348"
"8133","42044"
"8134","51025"
"8135","13844"
"8136","17867"
"8137","33027"
"8138","13850"
"8139","13861"
"8140","13661"
"8141","17763"
"8142","38915"
"8143","55332"
"8144","32216"
"8145","30507"
"8146","42045"
"8147","35677"
"8148","30346"
"8149","13862"
"8150","13863"
"8151","17888"
"8152","13666"
"8153","17765"
"8154","46229"
"8155","55334"
"8156","35215"
"8157","55795"
"8158","55797"
"8159","30014"
"8160","46702"
"8161","13901"
"8162","17889"
"8163","13903"
"8164","17935"
"8165","13670"
"8166","17772"
"8167","30182"
"8168","60143"
"8169","30183"
"8170","31068"
"8171","32535"
"8172","60484"
"8173","17901"
"8174","13905"
"8175","17774"
"8176","13681"
"8177","50401"
"8178","55336"
"8179","46703"
"8180","48529"
"8181","30812"
"8182","32536"
"8183","17922"
"8184","14006"
"8185","17938"
"8186","13687"
"8187","13690"
"8188","30185"
"8189","48197"
"8190","46705"
"8191","60487"
"8192","30457"
"8193","35746"
"8194","21867"
"8195","14009"
"8196","17941"
"8197","17946"
"8198","17948"
"8199","13691"
"8200","13695"
"8201","17810"
"8202","40729"
"8203","30473"
"8204","46237"
"8205","32221"
"8206","21871"
"8207","21874"
"8208","08561"
"8209","08609"
"8210","21916"
"8211","14020"
"8212","17960"
"8213","14028"
"8214","83406"
"8215","13697"
"8216","13733"
"8217","40734"
"8218","38925"
"8219","21901"
"8220","21917"
"8221","21918"
"8222","26739"
"8223","26743"
"8224","13744"
"8225","03825"
"8226","83844"
"8227","13748"
"8228","17820"
"8229","17836"
"8230","48198"
"8231","55340"
"8232","35217"
"8233","08619"
"8234","21919"
"8235","08638"
"8236","21930"
"8237","96814"
"8238","08648"
"8239","08343"
"8240","08345"
"8241","21813"
"8242","21814"
"8243","26767"
"8244","13755"
"8245","13776"
"8246","13782"
"8247","38929"
"8248","83313"
"8249","55775"
"8250","08701"
"8251","08721"
"8252","08724"
"8253","08733"
"8254","08735"
"8255","26801"
"8256","08361"
"8257","21826"
"8258","21840"
"8259","31077"
"8260","13783"
"8261","13788"
"8262","51012"
"8263","51014"
"8264","30501"
"8265","08753"
"8266","08759"
"8267","08801"
"8268","08810"
"8269","21829"
"8270","62865"
"8271","26817"
"8272","08501"
"8273","17837"
"8274","17841"
"8275","13790"
"8276","51016"
"8277","55781"
"8278","51018"
"8279","48504"
"8280","08807"
"8281","61037"
"8282","08825"
"8283","08828"
"8284","08832"
"8285","08836"
"8286","26823"
"8287","08505"
"8288","13801"
"8289","13802"
"8290","39342"
"8291","51019"
"8292","62465"
"8293","60475"
"8294","55783"
"8295","51022"
"8296","08837"
"8297","08844"
"8298","08846"
"8299","08854"
"8300","08857"
"8301","11215"
"8302","11219"
"8303","60053"
"8304","11222"
"8305","15464"
"8306","15473"
"8307","50448"
"8308","40819"
"8309","38944"
"8310","40820"
"8311","10520"
"8312","10537"
"8313","10547"
"8314","62707"
"8315","10550"
"8316","10570"
"8317","50461"
"8318","38963"
"8319","15486"
"8320","11237"
"8321","11358"
"8322","11361"
"8323","11365"
"8324","18068"
"8325","61751"
"8326","14216"
"8327","30220"
"8328","46303"
"8329","32250"
"8330","40824"
"8331","10573"
"8332","10576"
"8333","10577"
"8334","10580"
"8335","38964"
"8336","89815"
"8337","62070"
"8338","40913"
"8339","48211"
"8340","46311"
"8341","18069"
"8342","18229"
"8343","14468"
"8344","42055"
"8345","32539"
"8346","17972"
"8347","17978"
"8348","60456"
"8349","17985"
"8350","50469"
"8351","55364"
"8352","40940"
"8353","40943"
"8354","18071"
"8355","14222"
"8356","18081"
"8357","18087"
"8358","18101"
"8359","60106"
"8360","14226"
"8361","42056"
"8362","30516"
"8363","14048"
"8364","14055"
"8365","14058"
"8366","14059"
"8367","40946"
"8368","50471"
"8369","50472"
"8370","60302"
"8371","30234"
"8372","14228"
"8373","14303"
"8374","14304"
"8375","14305"
"8376","39358"
"8377","32542"
"8378","46711"
"8379","14062"
"8380","14066"
"8381","47836"
"8382","14072"
"8383","04460"
"8384","04530"
"8385","04736"
"8386","18103"
"8387","14418"
"8388","14422"
"8389","14423"
"8390","60502"
"8391","35749"
"8392","46117"
"8393","51040"
"8394","14080"
"8395","14081"
"8396","14085"
"8397","14091"
"8398","04747"
"8399","04854"
"8400","14425"
"8401","14432"
"8402","14433"
"8403","46144"
"8404","55811"
"8405","46714"
"8406","18034"
"8407","14094"
"8408","18038"
"8409","04911"
"8410","04918"
"8411","04923"
"8412","04925"
"8413","04933"
"8414","46240"
"8415","18201"
"8416","14450"
"8417","18211"
"8418","35750"
"8419","32550"
"8420","55814"
"8421","39363"
"8422","46721"
"8423","18040"
"8424","18041"
"8425","46799"
"8426","14113"
"8427","14120"
"8428","04942"
"8429","04947"
"8430","04958"
"8431","04978"
"8432","14454"
"8433","14464"
"8434","30519"
"8435","39364"
"8436","50440"
"8437","14129"
"8438","14143"
"8439","18051"
"8440","14150"
"8441","14172"
"8442","04979"
"8443","04983"
"8444","01007"
"8445","01013"
"8446","01022"
"8447","03217"
"8448","51341"
"8449","26714"
"8450","17963"
"8451","17965"
"8452","14036"
"8453","46723"
"8454","51048"
"8455","55901"
"8456","18053"
"8457","14203"
"8458","18056"
"8459","51060"
"8460","14207"
"8461","14208"
"8462","14210"
"8463","14214"
"8464","01027"
"8465","01037"
"8466","01040"
"8467","01056"
"8468","01071"
"8469","14039"
"8470","66858"
"8471","17968"
"8472","60151"
"8473","50433"
"8474","40743"
"8475","46725"
"8476","51052"
"8477","48607"
"8478","46732"
"8479","18067"
"8480","50452"
"8481","50132"
"8482","60163"
"8483","50454"
"8484","48207"
"8485","01072"
"8486","01075"
"8487","01089"
"8488","01095"
"8489","01107"
"8490","01108"
"8491","50434"
"8492","66204"
"8493","35218"
"8494","60152"
"8495","50435"
"8496","32225"
"8497","55902"
"8498","42076"
"8499","60506"
"8500","48609"
"8501","40828"
"8502","40829"
"8503","67416"
"8504","35233"
"8505","50457"
"8506","48208"
"8507","01223"
"8508","01225"
"8509","01240"
"8510","01253"
"8511","32226"
"8512","55346"
"8513","50439"
"8514","42025"
"8515","55347"
"8516","35223"
"8517","08873"
"8518","08876"
"8519","08902"
"8520","10004"
"8521","40844"
"8522","40845"
"8523","35234"
"8524","38953"
"8525","41124"
"8526","01262"
"8527","01301"
"8528","10590"
"8529","10703"
"8530","32234"
"8531","38940"
"8532","10011"
"8533","10014"
"8534","10022"
"8535","10036"
"8536","42101"
"8537","10075"
"8538","10271"
"8539","10303"
"8540","40855"
"8541","40858"
"8542","38957"
"8543","40870"
"8544","10707"
"8545","10709"
"8546","10913"
"8547","40391"
"8548","10917"
"8549","10921"
"8550","10932"
"8551","10952"
"8552","40801"
"8553","32244"
"8554","40807"
"8555","40808"
"8556","50446"
"8557","15021"
"8558","68717"
"8559","41653"
"8560","10305"
"8561","10306"
"8562","10310"
"8563","15056"
"8564","30224"
"8565","35235"
"8566","15234"
"8567","10956"
"8568","10963"
"8569","10969"
"8570","42240"
"8571","10986"
"8572","32246"
"8573","55350"
"8574","40815"
"8575","10460"
"8576","10468"
"8577","10502"
"8578","10504"
"8579","10510"
"8580","10516"
"8581","40385"
"8582","55360"
"8583","40874"
"8584","10998"
"8585","11003"
"8586","11023"
"8587","11050"
"8588","11103"
"8589","11207"
"8590","11211"
"8591","15636"
"8592","71270"
"8593","11434"
"8594","11435"
"8595","11509"
"8596","11518"
"8597","15656"
"8598","11542"
"8599","50518"
"8600","55386"
"8601","30258"
"8602","15829"
"8603","70546"
"8604","11716"
"8605","15846"
"8606","11718"
"8607","55371"
"8608","46322"
"8609","48216"
"8610","40979"
"8611","11547"
"8612","11550"
"8613","15680"
"8614","70113"
"8615","11561"
"8616","11563"
"8617","15713"
"8618","15714"
"8619","32317"
"8620","50522"
"8621","50523"
"8622","60189"
"8623","11721"
"8624","18451"
"8625","71031"
"8626","14623"
"8627","40988"
"8628","32308"
"8629","41001"
"8630","15716"
"8631","11580"
"8632","15753"
"8633","15762"
"8634","15764"
"8635","11691"
"8636","21675"
"8637","32320"
"8638","50525"
"8639","50527"
"8640","46350"
"8641","11722"
"8642","15857"
"8643","15864"
"8644","15902"
"8645","60181"
"8646","46324"
"8647","04490"
"8648","60184"
"8649","55376"
"8650","15765"
"8651","18255"
"8652","18256"
"8653","50529"
"8654","39054"
"8655","50530"
"8656","39056"
"8657","11733"
"8658","04255"
"8659","15904"
"8660","11741"
"8661","15920"
"8662","41003"
"8663","48219"
"8664","32309"
"8665","14502"
"8666","18321"
"8667","14510"
"8668","39057"
"8669","03445"
"8670","04271"
"8671","60194"
"8672","32324"
"8673","15924"
"8674","15931"
"8675","11747"
"8676","15937"
"8677","15943"
"8678","15953"
"8679","50510"
"8680","39045"
"8681","04354"
"8682","60185"
"8683","18323"
"8684","14512"
"8685","18324"
"8686","18327"
"8687","50533"
"8688","30268"
"8689","30269"
"8690","55404"
"8691","15955"
"8692","01432"
"8693","15957"
"8694","15962"
"8695","11758"
"8696","41008"
"8697","55381"
"8698","46347"
"8699","50515"
"8700","50516"
"8701","14519"
"8702","14521"
"8703","21762"
"8704","18334"
"8705","18335"
"8706","35456"
"8707","32327"
"8708","11762"
"8709","16020"
"8710","11765"
"8711","16023"
"8712","11770"
"8713","01331"
"8714","01562"
"8715","01338"
"8716","01342"
"8717","01349"
"8718","18336"
"8719","14525"
"8720","18343"
"8721","30273"
"8722","48233"
"8723","46365"
"8724","50539"
"8725","48184"
"8726","35461"
"8727","16025"
"8728","16028"
"8729","01373"
"8730","01376"
"8731","05853"
"8732","01451"
"8733","01464"
"8734","14530"
"8735","14532"
"8736","48015"
"8737","18350"
"8738","01915"
"8739","01929"
"8740","01952"
"8741","01982"
"8742","02030"
"8743","02038"
"8744","11772"
"8745","16050"
"8746","18433"
"8747","48177"
"8748","01468"
"8749","01501"
"8750","01518"
"8751","01519"
"8752","01524"
"8753","01536"
"8754","01537"
"8755","14534"
"8756","18353"
"8757","18355"
"8758","48221"
"8759","02052"
"8760","02061"
"8761","02115"
"8762","02118"
"8763","02119"
"8764","02125"
"8765","02126"
"8766","14613"
"8767","14615"
"8768","14617"
"8769","49722"
"8770","18441"
"8771","18443"
"8772","14621"
"8773","01541"
"8774","01545"
"8775","01588"
"8776","01606"
"8777","01607"
"8778","06607"
"8779","01720"
"8780","88424"
"8781","48026"
"8782","18370"
"8783","14550"
"8784","18372"
"8785","18405"
"8786","02130"
"8787","02143"
"8788","02149"
"8789","02150"
"8790","02151"
"8791","02155"
"8792","55784"
"8793","02171"
"8794","18237"
"8795","14472"
"8796","14476"
"8797","18240"
"8798","01742"
"8799","01745"
"8800","01757"
"8801","01773"
"8802","01776"
"8803","55447"
"8804","06793"
"8805","14559"
"8806","14571"
"8807","14572"
"8808","02186"
"8809","02215"
"8810","02343"
"8811","02356"
"8812","02359"
"8813","14478"
"8814","56627"
"8815","14480"
"8816","18248"
"8817","55369"
"8818","06794"
"8819","06801"
"8820","01834"
"8821","01835"
"8822","01845"
"8823","01864"
"8824","01908"
"8825","56389"
"8826","18414"
"8827","14580"
"8828","18419"
"8829","02360"
"8830","02445"
"8831","02451"
"8832","02453"
"8833","02468"
"8834","02472"
"8835","50475"
"8836","55949"
"8837","40964"
"8838","50476"
"8839","48213"
"8840","11367"
"8841","11370"
"8842","11373"
"8843","11375"
"8844","15550"
"8845","11385"
"8846","18421"
"8847","56356"
"8848","14591"
"8849","02476"
"8850","02481"
"8851","02536"
"8852","02540"
"8853","02542"
"8854","30236"
"8855","35244"
"8856","60177"
"8857","15552"
"8858","39601"
"8859","15554"
"8860","18426"
"8861","14606"
"8862","14609"
"8863","14610"
"8864","02543"
"8865","02563"
"8866","11693"
"8867","11694"
"8868","32304"
"8869","39648"
"8870","40965"
"8871","11413"
"8872","15618"
"8873","11428"
"8874","15622"
"8875","11432"
"8876","46349"
"8877","55385"
"8878","30257"
"8879","15772"
"8880","63820"
"8881","15775"
"8882","11705"
"8883","15821"
"8884","20715"
"8885","25009"
"8886","20720"
"8887","25024"
"8888","14741"
"8889","14754"
"8890","18616"
"8891","02632"
"8892","88005"
"8893","63742"
"8894","55406"
"8895","11777"
"8896","16051"
"8897","16052"
"8898","16054"
"8899","14840"
"8900","18708"
"8901","20721"
"8902","20723"
"8903","19941"
"8904","38765"
"8905","20724"
"8906","50541"
"8907","50542"
"8908","39071"
"8909","50544"
"8910","16059"
"8911","11782"
"8912","16063"
"8913","11788"
"8914","14843"
"8915","65746"
"8916","14845"
"8917","20735"
"8918","16314"
"8919","55408"
"8920","50546"
"8921","46371"
"8922","48235"
"8923","30285"
"8924","11791"
"8925","11792"
"8926","65728"
"8927","11793"
"8928","16124"
"8929","14846"
"8930","18818"
"8931","18821"
"8932","18828"
"8933","19946"
"8934","25060"
"8935","07083"
"8936","41042"
"8937","65536"
"8938","41043"
"8939","11801"
"8940","11901"
"8941","11934"
"8942","16134"
"8943","16136"
"8944","14855"
"8945","18833"
"8946","41059"
"8947","25067"
"8948","03841"
"8949","25070"
"8950","12009"
"8951","41044"
"8952","41045"
"8953","39078"
"8954","11939"
"8955","11942"
"8956","16142"
"8957","48239"
"8958","50570"
"8959","03234"
"8960","41063"
"8961","16229"
"8962","12018"
"8963","16244"
"8964","35473"
"8965","41048"
"8966","46379"
"8967","50558"
"8968","16143"
"8969","11950"
"8970","89025"
"8971","11951"
"8972","16148"
"8973","30294"
"8974","30295"
"8975","46390"
"8976","12019"
"8977","12020"
"8978","46382"
"8979","30288"
"8980","30289"
"8981","89442"
"8982","50560"
"8983","11953"
"8984","11958"
"8985","11960"
"8986","16159"
"8987","11963"
"8988","16161"
"8989","39092"
"8990","60406"
"8991","55418"
"8992","07733"
"8993","60407"
"8994","16256"
"8995","16260"
"8996","12028"
"8997","16262"
"8998","41051"
"8999","48238"
"9000","50566"
"9001","50567"
"9002","35476"
"9003","08084"
"9004","89834"
"9005","11964"
"9006","11967"
"9007","11972"
"9008","11976"
"9009","11977"
"9010","50576"
"9011","46392"
"9012","41075"
"9013","41080"
"9014","48306"
"9015","87753"
"9016","12033"
"9017","16301"
"9018","50568"
"9019","02575"
"9020","02630"
"9021","02635"
"9022","02639"
"9023","02644"
"9024","02646"
"9025","16224"
"9026","07504"
"9027","11980"
"9028","18617"
"9029","18618"
"9030","30306"
"9031","46402"
"9032","55421"
"9033","50582"
"9034","41091"
"9035","14471"
"9036","18453"
"9037","87310"
"9038","18454"
"9039","18457"
"9040","02655"
"9041","02657"
"9042","02660"
"9043","02663"
"9044","02667"
"9045","14757"
"9046","18622"
"9047","18624"
"9048","08346"
"9049","30307"
"9050","50583"
"9051","30309"
"9052","55422"
"9053","14624"
"9054","18460"
"9055","18465"
"9056","18466"
"9057","02713"
"9058","02715"
"9059","87511"
"9060","02719"
"9061","02738"
"9062","02740"
"9063","14760"
"9064","18632"
"9065","14772"
"9066","14778"
"9067","35542"
"9068","18469"
"9069","18470"
"9070","08097"
"9071","02747"
"9072","02770"
"9073","02780"
"9074","02791"
"9075","01343"
"9076","14779"
"9077","18636"
"9078","14781"
"9079","39110"
"9080","32352"
"9081","88041"
"9082","55423"
"9083","14706"
"9084","14707"
"9085","14709"
"9086","18504"
"9087","03755"
"9088","03765"
"9089","03777"
"9090","03784"
"9091","07002"
"9092","87053"
"9093","14787"
"9094","14801"
"9095","14805"
"9096","50590"
"9097","30311"
"9098","50594"
"9099","20653"
"9100","14716"
"9101","18507"
"9102","14718"
"9103","10025"
"9104","19701"
"9105","20608"
"9106","20609"
"9107","20611"
"9108","20626"
"9109","18643"
"9110","18644"
"9111","18653"
"9112","18656"
"9113","14815"
"9114","88435"
"9115","11206"
"9116","20657"
"9117","20658"
"9118","20307"
"9119","20660"
"9120","20540"
"9121","20680"
"9122","20684"
"9123","14719"
"9124","14728"
"9125","18512"
"9126","10455"
"9127","20613"
"9128","20619"
"9129","14818"
"9130","14821"
"9131","14824"
"9132","24944"
"9133","20686"
"9134","20693"
"9135","19808"
"9136","14729"
"9137","12997"
"9138","14736"
"9139","14738"
"9140","18603"
"9141","20630"
"9142","20636"
"9143","07026"
"9144","24862"
"9145","14830"
"9146","14838"
"9147","14839"
"9148","11415"
"9149","19809"
"9150","20705"
"9151","24984"
"9152","20708"
"9153","20712"
"9154","20714"
"9155","41121"
"9156","55428"
"9157","50601"
"9158","20815"
"9159","12438"
"9160","07410"
"9161","07416"
"9162","25260"
"9163","07418"
"9164","25266"
"9165","19355"
"9166","19363"
"9167","12083"
"9168","12087"
"9169","12090"
"9170","13485"
"9171","32401"
"9172","35554"
"9173","50602"
"9174","41135"
"9175","12130"
"9176","16421"
"9177","16423"
"9178","12143"
"9179","12149"
"9180","19365"
"9181","10171"
"9182","56332"
"9183","59102"
"9184","16371"
"9185","12095"
"9186","41129"
"9187","41139"
"9188","48317"
"9189","50609"
"9190","48322"
"9191","12157"
"9192","63957"
"9193","16438"
"9194","19375"
"9195","19401"
"9196","19403"
"9197","19406"
"9198","19426"
"9199","12110"
"9200","12117"
"9201","16404"
"9202","46410"
"9203","59755"
"9204","30319"
"9205","30324"
"9206","50613"
"9207","12158"
"9208","12159"
"9209","12164"
"9210","46510"
"9211","48329"
"9212","41168"
"9213","12118"
"9214","59751"
"9215","12120"
"9216","12125"
"9217","48326"
"9218","30327"
"9219","41159"
"9220","30328"
"9221","16442"
"9222","12168"
"9223","16502"
"9224","12174"
"9225","87104"
"9226","59425"
"9227","16505"
"9228","50619"
"9229","55437"
"9230","32408"
"9231","50621"
"9232","60425"
"9233","55438"
"9234","50624"
"9235","14859"
"9236","14860"
"9237","59003"
"9238","14864"
"9239","18842"
"9240","32405"
"9241","46507"
"9242","30329"
"9243","12182"
"9244","16508"
"9245","12185"
"9246","50625"
"9247","55441"
"9248","59837"
"9249","30337"
"9250","30338"
"9251","50627"
"9252","18845"
"9253","14871"
"9254","14874"
"9255","14878"
"9256","25082"
"9257","25085"
"9258","16509"
"9259","68452"
"9260","12186"
"9261","35575"
"9262","50628"
"9263","60426"
"9264","35577"
"9265","48340"
"9266","55446"
"9267","14879"
"9268","14884"
"9269","14886"
"9270","59037"
"9271","25107"
"9272","20747"
"9273","25118"
"9274","12193"
"9275","12203"
"9276","16616"
"9277","16619"
"9278","16620"
"9279","32420"
"9280","30341"
"9281","13826"
"9282","60429"
"9283","41189"
"9284","18914"
"9285","18920"
"9286","18925"
"9287","25119"
"9288","20751"
"9289","20754"
"9290","16621"
"9291","16627"
"9292","27306"
"9293","16637"
"9294","12303"
"9295","50632"
"9296","41201"
"9297","41214"
"9298","14892"
"9299","18938"
"9300","14904"
"9301","25133"
"9302","25134"
"9303","14130"
"9304","25139"
"9305","16641"
"9306","16646"
"9307","16647"
"9308","12308"
"9309","60430"
"9310","41222"
"9311","52551"
"9312","18960"
"9313","18964"
"9314","27568"
"9315","18972"
"9316","19002"
"9317","25140"
"9318","20765"
"9319","25142"
"9320","12309"
"9321","16655"
"9322","16661"
"9323","19055"
"9324","12052"
"9325","27886"
"9326","12053"
"9327","16329"
"9328","19003"
"9329","19006"
"9330","19007"
"9331","19010"
"9332","19013"
"9333","25159"
"9334","07114"
"9335","25164"
"9336","07506"
"9337","28441"
"9338","19057"
"9339","19060"
"9340","19061"
"9341","19064"
"9342","19072"
"9343","12059"
"9344","12061"
"9345","19014"
"9346","19020"
"9347","19026"
"9348","28554"
"9349","19031"
"9350","19032"
"9351","19034"
"9352","19041"
"9353","25168"
"9354","19073"
"9355","19083"
"9356","19087"
"9357","19096"
"9358","19111"
"9359","27873"
"9360","19113"
"9361","16335"
"9362","12065"
"9363","16344"
"9364","19046"
"9365","19050"
"9366","19053"
"9367","55425"
"9368","39113"
"9369","46405"
"9370","45693"
"9371","20772"
"9372","25177"
"9373","20781"
"9374","19115"
"9375","19119"
"9376","19124"
"9377","19130"
"9378","19138"
"9379","19143"
"9380","19144"
"9381","43160"
"9382","19146"
"9383","19147"
"9384","12070"
"9385","16346"
"9386","12072"
"9387","30313"
"9388","50595"
"9389","32359"
"9390","25186"
"9391","25204"
"9392","45212"
"9393","20784"
"9394","25235"
"9395","19149"
"9396","19154"
"9397","19317"
"9398","19330"
"9399","19333"
"9400","12076"
"9401","16354"
"9402","60411"
"9403","58577"
"9404","39115"
"9405","60415"
"9406","35552"
"9407","20794"
"9408","25245"
"9409","25247"
"9410","25248"
"9411","19341"
"9412","19352"
"9413","61377"
"9414","14756"
"9415","27281"
"9416","56646"
"9417","56347"
"9418","61007"
"9419","36446"
"9420","49097"
"9421","43343"
"9422","63943"
"9423","49718"
"9424","61742"
"9425","11364"
"9426","48749"
"9427","35963"
"9428","60614"
"9429","49454"
"9430","47838"
"9431","61379"
"9432","59219"
"9433","52574"
"9434","56352"
"9435","57531"
"9436","10976"
"9437","61743"
"9438","59865"
"9439","51535"
"9440","56037"
"9441","51536"
"9442","27282"
"9443","68719"
"9444","29487"
"9445","57217"
"9446","53017"
"9447","10009"
"9448","14539"
"9449","33193"
"9450","36790"
"9451","61362"
"9452","58479"
"9453","39841"
"9454","29404"
"9455","33542"
"9456","42406"
"9457","30667"
"9458","57239"
"9459","12872"
"9460","49455"
"9461","47840"
"9462","63558"
"9463","59642"
"9464","27541"
"9465","63951"
"9466","43347"
"9467","48754"
"9468","42409"
"9469","56045"
"9470","10069"
"9471","51540"
"9472","51541"
"9473","57246"
"9474","63626"
"9475","57247"
"9476","53037"
"9477","36792"
"9478","57219"
"9479","53019"
"9480","33543"
"9481","12527"
"9482","61745"
"9483","58481"
"9484","61747"
"9485","49098"
"9486","52576"
"9487","31204"
"9488","56354"
"9489","58250"
"9490","31645"
"9491","53038"
"9492","12122"
"9493","63560"
"9494","58229"
"9495","53020"
"9496","49444"
"9497","57533"
"9498","58482"
"9499","53213"
"9500","31206"
"9501","61010"
"9502","52580"
"9503","74301"
"9504","58484"
"9505","22850"
"9506","64111"
"9507","33705"
"9508","27262"
"9509","37086"
"9510","20130"
"9511","53022"
"9512","37323"
"9513","27545"
"9514","74431"
"9515","52583"
"9516","61012"
"9517","33024"
"9518","52585"
"9519","49837"
"9520","43566"
"9521","49838"
"9522","57225"
"9523","49445"
"9524","43076"
"9525","97023"
"9526","57536"
"9527","33547"
"9528","49107"
"9529","52586"
"9530","52588"
"9531","61015"
"9532","63132"
"9533","27807"
"9534","64113"
"9535","58653"
"9536","97503"
"9537","27263"
"9538","49446"
"9539","33304"
"9540","43351"
"9541","43356"
"9542","56026"
"9543","52590"
"9544","47380"
"9545","31211"
"9546","36473"
"9547","97911"
"9548","12051"
"9549","56334"
"9550","49448"
"9551","47833"
"9552","57226"
"9553","63567"
"9554","51528"
"9555","46936"
"9556","51529"
"9557","47383"
"9558","12983"
"9559","17507"
"9560","59244"
"9561","47384"
"9562","49116"
"9563","47386"
"9564","52554"
"9565","60958"
"9566","47359"
"9567","56338"
"9568","56340"
"9569","56634"
"9570","19564"
"9571","53024"
"9572","61369"
"9573","33308"
"9574","42351"
"9575","30655"
"9576","49117"
"9577","49119"
"9578","59252"
"9579","56363"
"9580","63122"
"9581","15455"
"9582","49092"
"9583","59106"
"9584","56343"
"9585","29123"
"9586","39836"
"9587","58474"
"9588","51530"
"9589","42352"
"9590","42355"
"9591","48743"
"9592","19012"
"9593","46946"
"9594","31220"
"9595","36482"
"9596","61374"
"9597","60963"
"9598","31097"
"9599","52563"
"9600","22542"
"9601","58475"
"9602","33541"
"9603","15662"
"9604","43340"
"9605","42361"
"9606","30656"
"9607","20136"
"9608","43078"
"9609","20139"
"9610","47362"
"9611","52565"
"9612","63940"
"9613","32703"
"9614","15748"
"9615","56031"
"9616","57232"
"9617","49451"
"9618","56637"
"9619","49093"
"9620","49094"
"9621","52570"
"9622","27539"
"9623","63941"
"9624","42372"
"9625","15925"
"9626","56034"
"9627","51534"
"9628","29126"
"9629","63601"
"9630","49095"
"9631","60973"
"9632","59217"
"9633","31201"
"9634","58476"
"9635","49716"
"9636","17550"
"9637","63942"
"9638","42378"
"9639","48748"
"9640","33309"
"9641","56641"
"9642","43080"
"9643","49453"
"9644","59256"
"9645","59257"
"9646","49125"
"9647","15053"
"9648","52623"
"9649","56663"
"9650","36861"
"9651","47859"
"9652","39567"
"9653","48815"
"9654","42456"
"9655","61938"
"9656","61940"
"9657","37601"
"9658","45372"
"9659","49126"
"9660","47394"
"9661","56371"
"9662","59259"
"9663","56666"
"9664","33316"
"9665","53049"
"9666","48817"
"9667","61047"
"9668","56387"
"9669","10162"
"9670","45884"
"9671","61048"
"9672","51543"
"9673","48756"
"9674","46947"
"9675","49127"
"9676","47396"
"9677","49128"
"9678","33032"
"9679","61421"
"9680","57538"
"9681","45158"
"9682","33549"
"9683","51576"
"9684","42459"
"9685","48819"
"9686","51544"
"9687","48757"
"9688","56050"
"9689","51545"
"9690","56374"
"9691","52630"
"9692","43156"
"9693","36505"
"9694","61752"
"9695","53214"
"9696","39846"
"9697","33556"
"9698","51577"
"9699","56081"
"9700","42461"
"9701","56052"
"9702","48759"
"9703","43759"
"9704","51550"
"9705","59263"
"9706","63141"
"9707","33033"
"9708","57543"
"9709","61753"
"9710","30720"
"9711","42463"
"9712","46975"
"9713","48761"
"9714","17742"
"9715","48762"
"9716","61032"
"9717","52637"
"9718","31313"
"9719","63960"
"9720","33558"
"9721","29406"
"9722","57547"
"9723","32738"
"9724","46978"
"9725","17270"
"9726","32744"
"9727","46979"
"9728","56055"
"9729","51551"
"9730","46952"
"9731","31314"
"9732","36509"
"9733","31315"
"9734","33035"
"9735","39854"
"9736","29510"
"9737","39859"
"9738","61755"
"9739","46982"
"9740","32746"
"9741","48823"
"9742","51552"
"9743","48763"
"9744","48765"
"9745","47408"
"9746","57249"
"9747","18436"
"9748","57251"
"9749","53039"
"9750","49726"
"9751","37328"
"9752","27553"
"9753","61756"
"9754","56085"
"9755","30725"
"9756","39560"
"9757","32720"
"9758","29654"
"9759","33312"
"9760","43085"
"9761","47842"
"9762","31649"
"9763","39867"
"9764","22567"
"9765","36025"
"9766","46988"
"9767","36026"
"9768","51555"
"9769","29848"
"9770","60617"
"9771","51557"
"9772","39562"
"9773","49459"
"9774","58254"
"9775","61412"
"9776","37329"
"9777","27559"
"9778","56087"
"9779","52640"
"9780","11422"
"9781","19544"
"9782","61042"
"9783","56384"
"9784","31318"
"9785","56385"
"9786","56063"
"9787","35980"
"9788","46960"
"9789","47847"
"9790","58256"
"9791","56655"
"9792","15754"
"9793","53217"
"9794","49728"
"9795","49729"
"9796","61932"
"9797","43569"
"9798","37419"
"9799","43570"
"9800","35981"
"9801","56065"
"9802","29137"
"9803","29031"
"9804","53044"
"9805","43410"
"9806","59875"
"9807","53569"
"9808","33708"
"9809","27814"
"9810","43571"
"9811","32724"
"9812","35983"
"9813","49460"
"9814","29493"
"9815","37097"
"9816","29410"
"9817","27560"
"9818","53570"
"9819","27816"
"9820","42442"
"9821","48808"
"9822","46962"
"9823","27291"
"9824","47854"
"9825","29824"
"9826","35986"
"9827","35989"
"9828","51571"
"9829","27817"
"9830","27818"
"9831","56071"
"9832","31302"
"9833","49461"
"9834","20164"
"9835","61418"
"9836","37641"
"9837","43106"
"9838","51566"
"9839","42453"
"9840","32726"
"9841","27821"
"9842","29492"
"9843","22911"
"9844","56367"
"9845","63136"
"9846","33030"
"9847","37355"
"9848","49120"
"9849","31701"
"9850","63631"
"9851","47858"
"9852","30710"
"9853","56073"
"9854","36875"
"9855","63655"
"9856","61064"
"9857","52660"
"9858","37723"
"9859","49233"
"9860","61771"
"9861","27572"
"9862","56433"
"9863","49238"
"9864","52722"
"9865","27310"
"9866","37128"
"9867","61450"
"9868","31329"
"9869","37090"
"9870","61067"
"9871","49235"
"9872","57572"
"9873","57574"
"9874","49240"
"9875","52726"
"9876","49241"
"9877","20186"
"9878","59915"
"9879","61812"
"9880","37682"
"9881","63636"
"9882","47862"
"9883","63637"
"9884","53223"
"9885","64018"
"9886","43435"
"9887","61776"
"9888","43438"
"9889","56438"
"9890","52729"
"9891","11558"
"9892","37240"
"9893","47449"
"9894","61451"
"9895","61452"
"9896","33331"
"9897","36879"
"9898","36901"
"9899","29145"
"9900","56670"
"9901","53225"
"9902","64020"
"9903","15484"
"9904","43440"
"9905","64022"
"9906","52730"
"9907","47451"
"9908","33060"
"9909","63341"
"9910","61454"
"9911","43125"
"9912","43126"
"9913","53072"
"9914","17850"
"9915","29146"
"9916","47868"
"9917","58504"
"9918","33585"
"9919","51632"
"9920","42516"
"9921","36532"
"9922","59333"
"9923","63343"
"9924","37343"
"9925","15691"
"9926","58521"
"9927","53233"
"9928","61422"
"9929","58266"
"9930","57263"
"9931","43110"
"9932","51637"
"9933","56088"
"9934","42519"
"9935","48829"
"9936","15730"
"9937","63344"
"9938","47454"
"9939","43449"
"9940","29426"
"9941","56673"
"9942","57265"
"9943","61428"
"9944","57268"
"9945","32751"
"9946","30730"
"9947","75436"
"9948","48832"
"9949","39581"
"9950","52732"
"9951","47459"
"9952","31404"
"9953","64029"
"9954","37347"
"9955","22624"
"9956","56680"
"9957","47879"
"9958","78202"
"9959","53051"
"9960","61432"
"9961","32754"
"9962","61073"
"9963","59339"
"9964","36539"
"9965","59913"
"9966","43451"
"9967","37348"
"9968","53057"
"9969","75684"
"9970","57271"
"9971","56685"
"9972","53059"
"9973","58272"
"9974","30734"
"9975","36030"
"9976","59343"
"9977","56447"
"9978","33064"
"9979","37416"
"9980","76054"
"9981","61050"
"9982","49221"
"9983","47882"
"9984","56688"
"9985","36867"
"9986","33323"
"9987","51640"
"9988","30735"
"9989","56450"
"9990","61075"
"9991","76937"
"9992","49252"
"9993","37118"
"9994","52645"
"9995","52650"
"9996","33040"
"9997","61438"
"9998","37115"
"9999","37331"
"10000","51646"
"10001","56096"
"10002","48079"
"10003","13069"
"10004","79743"
"10005","42566"
"10006","46994"
"10007","27299"
"10008","49505"
"10009","27301"
"10010","52651"
"10011","59315"
"10012","47429"
"10013","33567"
"10014","43413"
"10015","75474"
"10016","27563"
"10017","51654"
"10018","39630"
"10019","46996"
"10020","32763"
"10021","61441"
"10022","36869"
"10023","49224"
"10024","33042"
"10025","37333"
"10026","79855"
"10027","57564"
"10028","64012"
"10029","57566"
"10030","33570"
"10031","48840"
"10032","48841"
"10033","47003"
"10034","56113"
"10035","61442"
"10036","58277"
"10037","76653"
"10038","20176"
"10039","52653"
"10040","49228"
"10041","33043"
"10042","61062"
"10043","29412"
"10044","61769"
"10045","27571"
"10046","36041"
"10047","52002"
"10048","76426"
"10049","31716"
"10050","33325"
"10051","57278"
"10052","56711"
"10053","49229"
"10054","56425"
"10055","59323"
"10056","43420"
"10057","57569"
"10058","56114"
"10059","75209"
"10060","63330"
"10061","36527"
"10062","27305"
"10063","37127"
"10064","20184"
"10065","31326"
"10066","52656"
"10067","64015"
"10068","43430"
"10069","37337"
"10070","76958"
"10071","63332"
"10072","63333"
"10073","49237"
"10074","63654"
"10075","56713"
"10076","52756"
"10077","52758"
"10078","52760"
"10079","36549"
"10080","58531"
"10081","75930"
"10082","27591"
"10083","47040"
"10084","56144"
"10085","56147"
"10086","49747"
"10087","43466"
"10088","30746"
"10089","63359"
"10090","22639"
"10091","53503"
"10092","79508"
"10093","52065"
"10094","63363"
"10095","47516"
"10096","56116"
"10097","56117"
"10098","47010"
"10099","48843"
"10100","48845"
"10101","36550"
"10102","49272"
"10103","76634"
"10104","61084"
"10105","49276"
"10106","22640"
"10107","27592"
"10108","56149"
"10109","52069"
"10110","56150"
"10111","32767"
"10112","52031"
"10113","56466"
"10114","12943"
"10115","37010"
"10116","33122"
"10117","57631"
"10118","61821"
"10119","64048"
"10120","22643"
"10121","48860"
"10122","48861"
"10123","56151"
"10124","36080"
"10125","56120"
"10126","75270"
"10127","47012"
"10128","61085"
"10129","49277"
"10130","61087"
"10131","22644"
"10132","53507"
"10133","52073"
"10134","52074"
"10135","48846"
"10136","52038"
"10137","78944"
"10138","48847"
"10139","47020"
"10140","36556"
"10141","63362"
"10142","20190"
"10143","43128"
"10144","33604"
"10145","53510"
"10146","61830"
"10147","61831"
"10148","24401"
"10149","64053"
"10150","42724"
"10151","30818"
"10152","47022"
"10153","30755"
"10154","56128"
"10155","49512"
"10156","56716"
"10157","31733"
"10158","37359"
"10159","20148"
"10160","58538"
"10161","52076"
"10162","52079"
"10163","47106"
"10164","52040"
"10165","32771"
"10166","27314"
"10167","58311"
"10168","31735"
"10169","31738"
"10170","24066"
"10171","22655"
"10172","37360"
"10173","57646"
"10174","32789"
"10175","30823"
"10176","48848"
"10177","48849"
"10178","52042"
"10179","29163"
"10180","36912"
"10181","22969"
"10182","64055"
"10183","57651"
"10184","64056"
"10185","47108"
"10186","61088"
"10187","30805"
"10188","30807"
"10189","52045"
"10190","56134"
"10191","61455"
"10192","23691"
"10193","47906"
"10194","57657"
"10195","53511"
"10196","56139"
"10197","56468"
"10198","33125"
"10199","49285"
"10200","48853"
"10201","56136"
"10202","52048"
"10203","22579"
"10204","32776"
"10205","61458"
"10206","49525"
"10207","36919"
"10208","27604"
"10209","57661"
"10210","48854"
"10211","49740"
"10212","58528"
"10213","64034"
"10214","98359"
"10215","64035"
"10216","56137"
"10217","52745"
"10218","49254"
"10219","33066"
"10220","31749"
"10221","56723"
"10222","47031"
"10223","52052"
"10224","37353"
"10225","10177"
"10226","98039"
"10227","29431"
"10228","47462"
"10229","47465"
"10230","47468"
"10231","56455"
"10232","37130"
"10233","47909"
"10234","53076"
"10235","52053"
"10236","52054"
"10237","26656"
"10238","43452"
"10239","43457"
"10240","33598"
"10241","59917"
"10242","59354"
"10243","56458"
"10244","31406"
"10245","52751"
"10246","53078"
"10247","49544"
"10248","25040"
"10249","57314"
"10250","53080"
"10251","39657"
"10252","30813"
"10253","29432"
"10254","29434"
"10255","49264"
"10256","63353"
"10257","36544"
"10258","31409"
"10259","25962"
"10260","37135"
"10261","61462"
"10262","61465"
"10263","56142"
"10264","36071"
"10265","47038"
"10266","57621"
"10267","57622"
"10268","33602"
"10269","47471"
"10270","24726"
"10271","52754"
"10272","49268"
"10273","31410"
"10274","22026"
"10275","63674"
"10276","61820"
"10277","43468"
"10278","49748"
"10279","53406"
"10280","52057"
"10281","84341"
"10282","39662"
"10283","32779"
"10284","53090"
"10285","56742"
"10286","57342"
"10287","53091"
"10288","49304"
"10289","47541"
"10290","22712"
"10291","22714"
"10292","05462"
"10293","27609"
"10294","56174"
"10295","48880"
"10296","32805"
"10297","31772"
"10298","31773"
"10299","47940"
"10300","36571"
"10301","63368"
"10302","52802"
"10303","84018"
"10304","49768"
"10305","53522"
"10306","22720"
"10307","61840"
"10308","42784"
"10309","42788"
"10310","52803"
"10311","49620"
"10312","47933"
"10313","36574"
"10314","84064"
"10315","56475"
"10316","31512"
"10317","22724"
"10318","37373"
"10319","43515"
"10320","47550"
"10321","36581"
"10322","29001"
"10323","63747"
"10324","53093"
"10325","83121"
"10326","63748"
"10327","33414"
"10328","59424"
"10329","61468"
"10330","63675"
"10331","43136"
"10332","33405"
"10333","58324"
"10334","53525"
"10335","64067"
"10336","10466"
"10337","82223"
"10338","29451"
"10339","49310"
"10340","63376"
"10341","27355"
"10342","49623"
"10343","56727"
"10344","27326"
"10345","22728"
"10346","27610"
"10347","27006"
"10348","24538"
"10349","27009"
"10350","61108"
"10351","43152"
"10352","31774"
"10353","47922"
"10354","37140"
"10355","57322"
"10356","37376"
"10357","53527"
"10358","49770"
"10359","23513"
"10360","52804"
"10361","27011"
"10362","49315"
"10363","58344"
"10364","49628"
"10365","31775"
"10366","33612"
"10367","29170"
"10368","57324"
"10369","56729"
"10370","53061"
"10371","22032"
"10372","57714"
"10373","49774"
"10374","49775"
"10375","56482"
"10376","58004"
"10377","49318"
"10378","57718"
"10379","49777"
"10380","53530"
"10381","62023"
"10382","29172"
"10383","47926"
"10384","29175"
"10385","61478"
"10386","61479"
"10387","22735"
"10388","61845"
"10389","42729"
"10390","42732"
"10391","58005"
"10392","05146"
"10393","27012"
"10394","58341"
"10395","27349"
"10396","47928"
"10397","22033"
"10398","57328"
"10399","42740"
"10400","42741"
"10401","59432"
"10402","36585"
"10403","53088"
"10404","53402"
"10405","52768"
"10406","63701"
"10407","61480"
"10408","47111"
"10409","56162"
"10410","48871"
"10411","59433"
"10412","57004"
"10413","58009"
"10414","47863"
"10415","47562"
"10416","58011"
"10417","47520"
"10418","36560"
"10419","56733"
"10420","57329"
"10421","47112"
"10422","48873"
"10423","47114"
"10424","63381"
"10425","86039"
"10426","61111"
"10427","31518"
"10428","61101"
"10429","52772"
"10430","47523"
"10431","36561"
"10432","58329"
"10433","31765"
"10434","22041"
"10435","58331"
"10436","82729"
"10437","42746"
"10438","32801"
"10439","47117"
"10440","48876"
"10441","49322"
"10442","61114"
"10443","37012"
"10444","58335"
"10445","36562"
"10446","49301"
"10447","11106"
"10448","99826"
"10449","61485"
"10450","53086"
"10451","61486"
"10452","58332"
"10453","52136"
"10454","52140"
"10455","56168"
"10456","57335"
"10457","49615"
"10458","58338"
"10459","99658"
"10460","57339"
"10461","63366"
"10462","52774"
"10463","53515"
"10464","64060"
"10465","42753"
"10466","56169"
"10467","56170"
"10468","43144"
"10469","27341"
"10470","10028"
"10471","63735"
"10472","47527"
"10473","49303"
"10474","61102"
"10475","47536"
"10476","58544"
"10477","33609"
"10478","61833"
"10479","22709"
"10480","52142"
"10481","13475"
"10482","30833"
"10483","32804"
"10484","56741"
"10485","27343"
"10486","36569"
"10487","33133"
"10488","64062"
"10489","59933"
"10490","53520"
"10491","56171"
"10492","59030"
"10493","52146"
"10494","52147"
"10495","49617"
"10496","61491"
"10497","29201"
"10498","56510"
"10499","49327"
"10500","63769"
"10501","56762"
"10502","57353"
"10503","10152"
"10504","39766"
"10505","52218"
"10506","31012"
"10507","58559"
"10508","43532"
"10509","49788"
"10510","49791"
"10511","61859"
"10512","43534"
"10513","36603"
"10514","11549"
"10515","47578"
"10516","27370"
"10517","47957"
"10518","29206"
"10519","56220"
"10520","56523"
"10521","57027"
"10522","64080"
"10523","61863"
"10524","56176"
"10525","31747"
"10526","27022"
"10527","58021"
"10528","47579"
"10529","31789"
"10530","53538"
"10531","36206"
"10532","52222"
"10533","39769"
"10534","52626"
"10535","52156"
"10536","48033"
"10537","48885"
"10538","27023"
"10539","57013"
"10540","31520"
"10541","61864"
"10542","49795"
"10543","53543"
"10544","52223"
"10545","63026"
"10546","52158"
"10547","01028"
"10548","56178"
"10549","30904"
"10550","52159"
"10551","56514"
"10552","27024"
"10553","43537"
"10554","53544"
"10555","33619"
"10556","43542"
"10557","31014"
"10558","59635"
"10559","55615"
"10560","47175"
"10561","56224"
"10562","52160"
"10563","56181"
"10564","30905"
"10565","48891"
"10566","39739"
"10567","47581"
"10568","61201"
"10569","61866"
"10570","71354"
"10571","33624"
"10572","61870"
"10573","27704"
"10574","52228"
"10575","36207"
"10576","49004"
"10577","52233"
"10578","56186"
"10579","52169"
"10580","47135"
"10581","22125"
"10582","49330"
"10583","59453"
"10584","59454"
"10585","33626"
"10586","58565"
"10587","29466"
"10588","61875"
"10589","49805"
"10590","49006"
"10591","56520"
"10592","26601"
"10593","58036"
"10594","61235"
"10595","52170"
"10596","52171"
"10597","36109"
"10598","39743"
"10599","58031"
"10600","56518"
"10601","57020"
"10602","43016"
"10603","44262"
"10604","64086"
"10605","33629"
"10606","61877"
"10607","37026"
"10608","56521"
"10609","49333"
"10610","32809"
"10611","63012"
"10612","36110"
"10613","49331"
"10614","10018"
"10615","36605"
"10616","47588"
"10617","58570"
"10618","57759"
"10619","61880"
"10620","63388"
"10621","61238"
"10622","61239"
"10623","52172"
"10624","63014"
"10625","59085"
"10626","43157"
"10627","43158"
"10628","49629"
"10629","56754"
"10630","61520"
"10631","56755"
"10632","27707"
"10633","53548"
"10634","58040"
"10635","59462"
"10636","47860"
"10637","63389"
"10638","63015"
"10639","47141"
"10640","60638"
"10641","32811"
"10642","47948"
"10643","31779"
"10644","47949"
"10645","29471"
"10646","49812"
"10647","48237"
"10648","43548"
"10649","60639"
"10650","22741"
"10651","33613"
"10652","64074"
"10653","27613"
"10654","30907"
"10655","63017"
"10656","56207"
"10657","63760"
"10658","97721"
"10659","56757"
"10660","47950"
"10661","48910"
"10662","47161"
"10663","56211"
"10664","56212"
"10665","49779"
"10666","22749"
"10667","64075"
"10668","52205"
"10669","59868"
"10670","38256"
"10671","30909"
"10672","58348"
"10673","56758"
"10674","47951"
"10675","56760"
"10676","56214"
"10677","63020"
"10678","52212"
"10679","47166"
"10680","61850"
"10681","29225"
"10682","27614"
"10683","43522"
"10684","61853"
"10685","39755"
"10686","33142"
"10687","49325"
"10688","61529"
"10689","31784"
"10690","56761"
"10691","43162"
"10692","17080"
"10693","36201"
"10694","48912"
"10695","56218"
"10696","64077"
"10697","43526"
"10698","61854"
"10699","43527"
"10700","59443"
"10701","57006"
"10702","22150"
"10703","75792"
"10704","47952"
"10705","43164"
"10706","56219"
"10707","32822"
"10708","57732"
"10709","53534"
"10710","27617"
"10711","59444"
"10712","47575"
"10713","47576"
"10714","36442"
"10715","57350"
"10716","53104"
"10717","36203"
"10718","52217"
"10719","36205"
"10720","58369"
"10721","29223"
"10722","61550"
"10723","56535"
"10724","36608"
"10725","35592"
"10726","58046"
"10727","53556"
"10728","43551"
"10729","56245"
"10730","63043"
"10731","47220"
"10732","56249"
"10733","58370"
"10734","53126"
"10735","47978"
"10736","94123"
"10737","33430"
"10738","59741"
"10739","47959"
"10740","27801"
"10741","57773"
"10742","47223"
"10743","63048"
"10744","29036"
"10745","49648"
"10746","55929"
"10747","81640"
"10748","51234"
"10749","32580"
"10750","60525"
"10751","56763"
"10752","61535"
"10753","49635"
"10754","29481"
"10755","49825"
"10756","57775"
"10757","58047"
"10758","93517"
"10759","27045"
"10760","43025"
"10761","22204"
"10762","57376"
"10763","47981"
"10764","49649"
"10765","29207"
"10766","59746"
"10767","49826"
"10768","53558"
"10769","06002"
"10770","33702"
"10771","49827"
"10772","57033"
"10773","27047"
"10774","49343"
"10775","31796"
"10776","58377"
"10777","58379"
"10778","59747"
"10779","49638"
"10780","59254"
"10781","95013"
"10782","57782"
"10783","53559"
"10784","27803"
"10785","61919"
"10786","63430"
"10787","27048"
"10788","57035"
"10789","47987"
"10790","31798"
"10791","33441"
"10792","33480"
"10793","58361"
"10794","61537"
"10795","57359"
"10796","27379"
"10797","64108"
"10798","49831"
"10799","58579"
"10800","59483"
"10801","63434"
"10802","57036"
"10803","94130"
"10804","58380"
"10805","47991"
"10806","63829"
"10807","47992"
"10808","53114"
"10809","33433"
"10810","59749"
"10811","61540"
"10812","49834"
"10813","33704"
"10814","33139"
"10815","37410"
"10816","43558"
"10817","27051"
"10818","47615"
"10819","57037"
"10820","58052"
"10821","37191"
"10822","58382"
"10823","57382"
"10824","61554"
"10825","46368"
"10826","29209"
"10827","59750"
"10828","33434"
"10829","53562"
"10830","27805"
"10831","32828"
"10832","61257"
"10833","59487"
"10834","49346"
"10835","42130"
"10836","04605"
"10837","55926"
"10838","32578"
"10839","30538"
"10840","32579"
"10841","22191"
"10842","47960"
"10843","63780"
"10844","39776"
"10845","52237"
"10846","49007"
"10847","61572"
"10848","36610"
"10849","61260"
"10850","27054"
"10851","64071"
"10852","37027"
"10853","59466"
"10854","53115"
"10855","57365"
"10856","63781"
"10857","63782"
"10858","30426"
"10859","36256"
"10860","59002"
"10861","56231"
"10862","63436"
"10863","43028"
"10864","43019"
"10865","56528"
"10866","27403"
"10867","63785"
"10868","33435"
"10869","59847"
"10870","63787"
"10871","36258"
"10872","32831"
"10873","63031"
"10874","61262"
"10875","49348"
"10876","63437"
"10877","37029"
"10878","47591"
"10879","53119"
"10880","01844"
"10881","61546"
"10882","49645"
"10883","33637"
"10884","36263"
"10885","59007"
"10886","31019"
"10887","56543"
"10888","63439"
"10889","57042"
"10890","58056"
"10891","68402"
"10892","21056"
"10893","57043"
"10894","63390"
"10895","29032"
"10896","27712"
"10897","61883"
"10898","22834"
"10899","56236"
"10900","52242"
"10901","63033"
"10902","56237"
"10903","48469"
"10904","29045"
"10905","33436"
"10906","57029"
"10907","47597"
"10908","57764"
"10909","53551"
"10910","49010"
"10911","49011"
"10912","49012"
"10913","37184"
"10914","40927"
"10915","31793"
"10916","27040"
"10917","56531"
"10918","64093"
"10919","58575"
"10920","52248"
"10921","56241"
"10922","47974"
"10923","61548"
"10924","43207"
"10925","59050"
"10926","57369"
"10927","61244"
"10928","57031"
"10929","43023"
"10930","29477"
"10931","61912"
"10932","52253"
"10933","32839"
"10934","59013"
"10935","47203"
"10936","38748"
"10937","53121"
"10938","53122"
"10939","57373"
"10940","63801"
"10941","58059"
"10942","47630"
"10943","29048"
"10944","33455"
"10945","31812"
"10946","42215"
"10947","01913"
"10948","30563"
"10949","48650"
"10950","42159"
"10951","51247"
"10952","48633"
"10953","60537"
"10954","29051"
"10955","49403"
"10956","47631"
"10957","61265"
"10958","89412"
"10959","29306"
"10960","61570"
"10961","46803"
"10962","36303"
"10963","49037"
"10964","30546"
"10965","46774"
"10966","56548"
"10967","29052"
"10968","27501"
"10969","03062"
"10970","37206"
"10971","59804"
"10972","55965"
"10973","52326"
"10974","63072"
"10975","30547"
"10976","32605"
"10977","46776"
"10978","49404"
"10979","57051"
"10980","03854"
"10981","47633"
"10982","33162"
"10983","53144"
"10984","63841"
"10985","27502"
"10986","49031"
"10987","52329"
"10988","47227"
"10989","56253"
"10990","47231"
"10991","02367"
"10992","57052"
"10993","49405"
"10994","56549"
"10995","31820"
"10996","22314"
"10997","29316"
"10998","31033"
"10999","52332"
"11000","52302"
"11001","32905"
"11002","59525"
"11003","38901"
"11004","63050"
"11005","29053"
"11006","47634"
"11007","29321"
"11008","22315"
"11009","48635"
"11010","32926"
"11011","56270"
"11012","59020"
"11013","52306"
"11014","58654"
"11015","56257"
"11016","31025"
"11017","63448"
"11018","61272"
"11019","63450"
"11020","57055"
"11021","55946"
"11022","51249"
"11023","46781"
"11024","48636"
"11025","27574"
"11026","52333"
"11027","52335"
"11028","59039"
"11029","32907"
"11030","63052"
"11031","52310"
"11032","47635"
"11033","56552"
"11034","61274"
"11035","56553"
"11036","28379"
"11037","31547"
"11038","42166"
"11039","55947"
"11040","35802"
"11041","32934"
"11042","52339"
"11043","31037"
"11044","63056"
"11045","56260"
"11046","63060"
"11047","65747"
"11048","47637"
"11049","29055"
"11050","58071"
"11051","42170"
"11052","51301"
"11053","60541"
"11054","52341"
"11055","47270"
"11056","31041"
"11057","59029"
"11058","03466"
"11059","52316"
"11060","63453"
"11061","56554"
"11062","43045"
"11063","57383"
"11064","46788"
"11065","55952"
"11066","59044"
"11067","63068"
"11068","56264"
"11069","57010"
"11070","49655"
"11071","47993"
"11072","63833"
"11073","30553"
"11074","42202"
"11075","42134"
"11076","46764"
"11077","52317"
"11078","49026"
"11079","47246"
"11080","84540"
"11081","61559"
"11082","31805"
"11083","53140"
"11084","37203"
"11085","42206"
"11086","55955"
"11087","55935"
"11088","51240"
"11089","48628"
"11090","35774"
"11091","79821"
"11092","52320"
"11093","52321"
"11094","52322"
"11095","43215"
"11096","22305"
"11097","49657"
"11098","58386"
"11099","42207"
"11100","46793"
"11101","55956"
"11102","75570"
"11103","60527"
"11104","35775"
"11105","60530"
"11106","55940"
"11107","49029"
"11108","52323"
"11109","32920"
"11110","63071"
"11111","22306"
"11112","61565"
"11113","85634"
"11114","49953"
"11115","28504"
"11116","78045"
"11117","31808"
"11118","51334"
"11119","46794"
"11120","55960"
"11121","32616"
"11122","30542"
"11123","46772"
"11124","56265"
"11125","31542"
"11126","22307"
"11127","37752"
"11128","27410"
"11129","37205"
"11130","55961"
"11131","32617"
"11132","60544"
"11133","32618"
"11134","30543"
"11135","42151"
"11136","42156"
"11137","42157"
"11138","37385"
"11139","63443"
"11140","56545"
"11141","49401"
"11142","29047"
"11143","59802"
"11144","61568"
"11145","42211"
"11146","51346"
"11147","27517"
"11148","31903"
"11149","73463"
"11150","53168"
"11151","31552"
"11152","29062"
"11153","33169"
"11154","42220"
"11155","47302"
"11156","52362"
"11157","60827"
"11158","61611"
"11159","43230"
"11160","73095"
"11161","27518"
"11162","61301"
"11163","29063"
"11164","59527"
"11165","32622"
"11166","30568"
"11167","59057"
"11168","49052"
"11169","63106"
"11170","37214"
"11171","26003"
"11172","27522"
"11173","57450"
"11174","33170"
"11175","59528"
"11176","56568"
"11177","61310"
"11178","51354"
"11179","35808"
"11180","42223"
"11181","60548"
"11182","16112"
"11183","30573"
"11184","59061"
"11185","57441"
"11186","33471"
"11187","49683"
"11188","47666"
"11189","61312"
"11190","61313"
"11191","30575"
"11192","55972"
"11193","36693"
"11194","59062"
"11195","47303"
"11196","37215"
"11197","22435"
"11198","27519"
"11199","63463"
"11200","59531"
"11201","30576"
"11202","55974"
"11203","46806"
"11204","35441"
"11205","52402"
"11206","49056"
"11207","31904"
"11208","53178"
"11209","63867"
"11210","37216"
"11211","58431"
"11212","59532"
"11213","56571"
"11214","33173"
"11215","36067"
"11216","35810"
"11217","55975"
"11218","46807"
"11219","51365"
"11220","59066"
"11221","52403"
"11222","32960"
"11223","37217"
"11224","63869"
"11225","53182"
"11226","28711"
"11227","83414"
"11228","57424"
"11229","58413"
"11230","51366"
"11231","60554"
"11232","42254"
"11233","46814"
"11234","60911"
"11235","59535"
"11236","27203"
"11237","36722"
"11238","36543"
"11239","37218"
"11240","63870"
"11241","27521"
"11242","33478"
"11243","53184"
"11244","31824"
"11245","53147"
"11246","27508"
"11247","35811"
"11248","55981"
"11249","99631"
"11250","36723"
"11251","29069"
"11252","57071"
"11253","57448"
"11254","22443"
"11255","63848"
"11256","27509"
"11257","58416"
"11258","29323"
"11259","55983"
"11260","99738"
"11261","30601"
"11262","46815"
"11263","39459"
"11264","43054"
"11265","57072"
"11266","61325"
"11267","57075"
"11268","55933"
"11269","31045"
"11270","56278"
"11271","99769"
"11272","52348"
"11273","32937"
"11274","56281"
"11275","31826"
"11276","33462"
"11277","57430"
"11278","55985"
"11279","46816"
"11280","48657"
"11281","63473"
"11282","99741"
"11283","61326"
"11284","47710"
"11285","61327"
"11286","60803"
"11287","32940"
"11288","49040"
"11289","63851"
"11290","58420"
"11291","57432"
"11292","49667"
"11293","99566"
"11294","48658"
"11295","47280"
"11296","32951"
"11297","36312"
"11298","57077"
"11299","56573"
"11300","36732"
"11301","52349"
"11302","49042"
"11303","32950"
"11304","86034"
"11305","37209"
"11306","59824"
"11307","33463"
"11308","49045"
"11309","36314"
"11310","31057"
"11311","61330"
"11312","61333"
"11313","59542"
"11314","61337"
"11315","85928"
"11316","63454"
"11317","56556"
"11318","33166"
"11319","57059"
"11320","57434"
"11321","49674"
"11322","37210"
"11323","43228"
"11324","57435"
"11325","36316"
"11326","99656"
"11327","56284"
"11328","52355"
"11329","60804"
"11330","27214"
"11331","56578"
"11332","61279"
"11333","61282"
"11334","63457"
"11335","27514"
"11336","58421"
"11337","27265"
"11338","72332"
"11339","58422"
"11340","43229"
"11341","53154"
"11342","31058"
"11343","32953"
"11344","52356"
"11345","49423"
"11346","29072"
"11347","56580"
"11348","29059"
"11349","72685"
"11350","31550"
"11351","29334"
"11352","53156"
"11353","63857"
"11354","31060"
"11355","52358"
"11356","57103"
"11357","56581"
"11358","63530"
"11359","56583"
"11360","72153"
"11361","63458"
"11362","57063"
"11363","31551"
"11364","33168"
"11365","58424"
"11366","53158"
"11367","55969"
"11368","51351"
"11369","48652"
"11370","36320"
"11371","86020"
"11372","56289"
"11373","52361"
"11374","63104"
"11375","49424"
"11376","29075"
"11377","47331"
"11378","47334"
"11379","60935"
"11380","63114"
"11381","56309"
"11382","72521"
"11383","39813"
"11384","37305"
"11385","46928"
"11386","46929"
"11387","51523"
"11388","48734"
"11389","48735"
"11390","48661"
"11391","46845"
"11392","51445"
"11393","86018"
"11394","31079"
"11395","32967"
"11396","47339"
"11397","39815"
"11398","61720"
"11399","58448"
"11400","58451"
"11401","61722"
"11402","49701"
"11403","35958"
"11404","72122"
"11405","47354"
"11406","56329"
"11407","56330"
"11408","30625"
"11409","51447"
"11410","32656"
"11411","52530"
"11412","63532"
"11413","36749"
"11414","59848"
"11415","72311"
"11416","49705"
"11417","56025"
"11418","51527"
"11419","42349"
"11420","56311"
"11421","51448"
"11422","48705"
"11423","30628"
"11424","29079"
"11425","36751"
"11426","94558"
"11427","56586"
"11428","39817"
"11429","49706"
"11430","29364"
"11431","47340"
"11432","60938"
"11433","49078"
"11434","32976"
"11435","51449"
"11436","35904"
"11437","92086"
"11438","60565"
"11439","63536"
"11440","43056"
"11441","36753"
"11442","27529"
"11443","56312"
"11444","36373"
"11445","32667"
"11446","30630"
"11447","29081"
"11448","28159"
"11449","95604"
"11450","61349"
"11451","22485"
"11452","58456"
"11453","22488"
"11454","36374"
"11455","56315"
"11456","52533"
"11457","35906"
"11458","51454"
"11459","48706"
"11460","90755"
"11461","63537"
"11462","56588"
"11463","29082"
"11464","61726"
"11465","60607"
"11466","42321"
"11467","30641"
"11468","46911"
"11469","33004"
"11470","52535"
"11471","96097"
"11472","59089"
"11473","51455"
"11474","32669"
"11475","60605"
"11476","39477"
"11477","51462"
"11478","51463"
"11479","43061"
"11480","58104"
"11481","33180"
"11482","93636"
"11483","42324"
"11484","32686"
"11485","42325"
"11486","52536"
"11487","60946"
"11488","33009"
"11489","60948"
"11490","60949"
"11491","47348"
"11492","48708"
"11493","94103"
"11494","51466"
"11495","31065"
"11496","63541"
"11497","27231"
"11498","63543"
"11499","47725"
"11500","48723"
"11501","48724"
"11502","48725"
"11503","56010"
"11504","95959"
"11505","56323"
"11506","63118"
"11507","56325"
"11508","60950"
"11509","60951"
"11510","56326"
"11511","36340"
"11512","31066"
"11513","31067"
"11514","56592"
"11515","92227"
"11516","33182"
"11517","49435"
"11518","63545"
"11519","36759"
"11520","46919"
"11521","32693"
"11522","49085"
"11523","47353"
"11524","31088"
"11525","60913"
"11526","80013"
"11527","47325"
"11528","49061"
"11529","49064"
"11530","60915"
"11531","57107"
"11532","61350"
"11533","56011"
"11534","42338"
"11535","37221"
"11536","37301"
"11537","81155"
"11538","49065"
"11539","52405"
"11540","60918"
"11541","56304"
"11542","63546"
"11543","33183"
"11544","31602"
"11545","42339"
"11546","46923"
"11547","42266"
"11548","81635"
"11549","60560"
"11550","36346"
"11551","32963"
"11552","63111"
"11553","29104"
"11554","33184"
"11555","58439"
"11556","61701"
"11557","48730"
"11558","42343"
"11559","28043"
"11560","81611"
"11561","42273"
"11562","42275"
"11563","56307"
"11564","31071"
"11565","58440"
"11566","57452"
"11567","31907"
"11568","57454"
"11569","63877"
"11570","46926"
"11571","81030"
"11572","35956"
"11573","32643"
"11574","30621"
"11575","60924"
"11576","59074"
"11577","32966"
"11578","53186"
"11579","57455"
"11580","49688"
"11581","58443"
"11582","80470"
"11583","57456"
"11584","30643"
"11585","32696"
"11586","55990"
"11587","55991"
"11588","60927"
"11589","49068"
"11590","60929"
"11591","31909"
"11592","22476"
"11593","80448"
"11594","58445"
"11595","51503"
"11596","30646"
"11597","38567"
"11598","68642"
"11599","62990"
"11600","65627"
"11601","57212"
"11602","56623"
"11603","45875"
"11604","06758"
"11605","45877"
"11606","45880"
"11607","45883"
"11608","28016"
"11609","29590"
"11610","54840"
"11611","54842"
"11612","68644"
"11613","58223"
"11614","53014"
"11615","33778"
"11616","37079"
"11617","67583"
"11618","69352"
"11619","43902"
"11620","68048"
"11621","62617"
"11622","65631"
"11623","67756"
"11624","67758"
"11625","67761"
"11626","32114"
"11627","57213"
"11628","29113"
"11629","49442"
"11630","69354"
"11631","45887"
"11632","45894"
"11633","54494"
"11634","44320"
"11635","29928"
"11636","68057"
"11637","33026"
"11638","44882"
"11639","68648"
"11640","65632"
"11641","63556"
"11642","29114"
"11643","67622"
"11644","67623"
"11645","67625"
"11646","67629"
"11647","68058"
"11648","32421"
"11649","62618"
"11650","44321"
"11651","38109"
"11652","62996"
"11653","34785"
"11654","66762"
"11655","43068"
"11656","29369"
"11657","53192"
"11658","43316"
"11659","33856"
"11660","43322"
"11661","67631"
"11662","45895"
"11663","29934"
"11664","68059"
"11665","62625"
"11666","66062"
"11667","65633"
"11668","67661"
"11669","22503"
"11670","11501"
"11671","34679"
"11672","58461"
"11673","43323"
"11674","67637"
"11675","67639"
"11676","67644"
"11677","67647"
"11678","34234"
"11679","38111"
"11680","68061"
"11681","23828"
"11682","32066"
"11683","67663"
"11684","67665"
"11685","61727"
"11686","33523"
"11687","67648"
"11688","67653"
"11689","67654"
"11690","67659"
"11691","62626"
"11692","66064"
"11693","30662"
"11694","67701"
"11695","67730"
"11696","67733"
"11697","67734"
"11698","63932"
"11699","22509"
"11700","39824"
"11701","57479"
"11702","64486"
"11703","27976"
"11704","32736"
"11705","43821"
"11706","62094"
"11707","23829"
"11708","34236"
"11709","66066"
"11710","67736"
"11711","67741"
"11712","67747"
"11713","67748"
"11714","67751"
"11715","31044"
"11716","58463"
"11717","61730"
"11718","39826"
"11719","22511"
"11720","27979"
"11721","58748"
"11722","68064"
"11723","29941"
"11724","28374"
"11725","58436"
"11726","30322"
"11727","52549"
"11728","47355"
"11729","60954"
"11730","52550"
"11731","58464"
"11732","39827"
"11733","61733"
"11734","58466"
"11735","49970"
"11736","23113"
"11737","30633"
"11738","23114"
"11739","62629"
"11740","62631"
"11741","34238"
"11742","62633"
"11743","27243"
"11744","57108"
"11745","49440"
"11746","49710"
"11747","61735"
"11748","30070"
"11749","37313"
"11750","23115"
"11751","64491"
"11752","37742"
"11753","68066"
"11754","68067"
"11755","62970"
"11756","29105"
"11757","61354"
"11758","53207"
"11759","31092"
"11760","57520"
"11761","22520"
"11762","53941"
"11763","64493"
"11764","58758"
"11765","62972"
"11766","68637"
"11767","62974"
"11768","43064"
"11769","27248"
"11770","96850"
"11771","22530"
"11772","43333"
"11773","61737"
"11774","58472"
"11775","64494"
"11776","64497"
"11777","58759"
"11778","64498"
"11779","24179"
"11780","62977"
"11781","28756"
"11782","96826"
"11783","62979"
"11784","53010"
"11785","53011"
"11786","27252"
"11787","58214"
"11788","63936"
"11789","33540"
"11790","61738"
"11791","45863"
"11792","23119"
"11793","83654"
"11794","53946"
"11795","62203"
"11796","65624"
"11797","44870"
"11798","33186"
"11799","58216"
"11800","43066"
"11801","58218"
"11802","67564"
"11803","67565"
"11804","96863"
"11805","45865"
"11806","45868"
"11807","67570"
"11808","43840"
"11809","23123"
"11810","38559"
"11811","34771"
"11812","53012"
"11813","57201"
"11814","47803"
"11815","60445"
"11816","61360"
"11817","67572"
"11818","45872"
"11819","45873"
"11820","45874"
"11821","28012"
"11822","23125"
"11823","23128"
"11824","58762"
"11825","28019"
"11826","61334"
"11827","62984"
"11828","54839"
"11829","38565"
"11830","66067"
"11831","54511"
"11832","54844"
"11833","68653"
"11834","68654"
"11835","66776"
"11836","98660"
"11837","61936"
"11838","83806"
"11839","98662"
"11840","98670"
"11841","83210"
"11842","98019"
"11843","65203"
"11844","62639"
"11845","68070"
"11846","28673"
"11847","24217"
"11848","61013"
"11849","68659"
"11850","98674"
"11851","43942"
"11852","83220"
"11853","98027"
"11854","66070"
"11855","44417"
"11856","34787"
"11857","66779"
"11858","98675"
"11859","62204"
"11860","83824"
"11861","28020"
"11862","64503"
"11863","43903"
"11864","34241"
"11865","68073"
"11866","44420"
"11867","38580"
"11868","66781"
"11869","83826"
"11870","62359"
"11871","83836"
"11872","83841"
"11873","83842"
"11874","29593"
"11875","53951"
"11876","68102"
"11877","54517"
"11878","44425"
"11879","24220"
"11880","24221"
"11881","62695"
"11882","43920"
"11883","64622"
"11884","43906"
"11885","29601"
"11886","58768"
"11887","23146"
"11888","65233"
"11889","34251"
"11890","65648"
"11891","68661"
"11892","58330"
"11893","46208"
"11894","64623"
"11895","53964"
"11896","58782"
"11897","62216"
"11898","23148"
"11899","44427"
"11900","62649"
"11901","54854"
"11902","34945"
"11903","65649"
"11904","47983"
"11905","29615"
"11906","33859"
"11907","28034"
"11908","62218"
"11909","64505"
"11910","66071"
"11911","54520"
"11912","28678"
"11913","28679"
"11914","68665"
"11915","47385"
"11916","37764"
"11917","37765"
"11918","64625"
"11919","43908"
"11920","37753"
"11921","53956"
"11922","66072"
"11923","38120"
"11924","44431"
"11925","66073"
"11926","47535"
"11927","54862"
"11928","44904"
"11929","28036"
"11930","64628"
"11931","37755"
"11932","62220"
"11933","23840"
"11934","28385"
"11935","38588"
"11936","98587"
"11937","50325"
"11938","98590"
"11939","28040"
"11940","33865"
"11941","43912"
"11942","43915"
"11943","58775"
"11944","66075"
"11945","28386"
"11946","98591"
"11947","98595"
"11948","50681"
"11949","83686"
"11950","67801"
"11951","67842"
"11952","67844"
"11953","67851"
"11954","23176"
"11955","43917"
"11956","62221"
"11957","62655"
"11958","65243"
"11959","51451"
"11960","98605"
"11961","98612"
"11962","67855"
"11963","67857"
"11964","67861"
"11965","67867"
"11966","23177"
"11967","33852"
"11968","29609"
"11969","34269"
"11970","50467"
"11971","66076"
"11972","65244"
"11973","98614"
"11974","83702"
"11975","83703"
"11976","67870"
"11977","67878"
"11978","67880"
"11979","28027"
"11980","37760"
"11981","52351"
"11982","44438"
"11983","38126"
"11984","23843"
"11985","65247"
"11986","98619"
"11987","83705"
"11988","67950"
"11989","67954"
"11990","83201"
"11991","62223"
"11992","50577"
"11993","28031"
"11994","53963"
"11995","66080"
"11996","65634"
"11997","44883"
"11998","98626"
"11999","98629"
"12000","98631"
"12001","98004"
"12002","98005"
"12003","58854"
"12004","50102"
"12005","83203"
"12006","98011"
"12007","64620"
"12008","29611"
"12009","28033"
"12010","65635"
"12011","28665"
"12012","28668"
"12013","83712"
"12014","98645"
"12015","50432"
"12016","98649"
"12017","44502"
"12018","38229"
"12019","68132"
"12020","37772"
"12021","54013"
"12022","62237"
"12023","82422"
"12024","54872"
"12025","66838"
"12026","66215"
"12027","28072"
"12028","64643"
"12029","62243"
"12030","65265"
"12031","28421"
"12032","28054"
"12033","54015"
"12034","44442"
"12035","23845"
"12036","45005"
"12037","67667"
"12038","65661"
"12039","65662"
"12040","28075"
"12041","54017"
"12042","34428"
"12043","24272"
"12044","68724"
"12045","34275"
"12046","68110"
"12047","66083"
"12048","66859"
"12049","28701"
"12050","28702"
"12051","37777"
"12052","64645"
"12053","38232"
"12054","66109"
"12055","23878"
"12056","38127"
"12057","54530"
"12058","28392"
"12059","40701"
"12060","65663"
"12061","68711"
"12062","66842"
"12063","54020"
"12064","37779"
"12065","64646"
"12066","28423"
"12067","23879"
"12068","68135"
"12069","44510"
"12070","41180"
"12071","66112"
"12072","44444"
"12073","28396"
"12074","65668"
"12075","28707"
"12076","43968"
"12077","64648"
"12078","65270"
"12079","54559"
"12080","54536"
"12081","41035"
"12082","44446"
"12083","62665"
"12084","28709"
"12085","45013"
"12086","68715"
"12087","28078"
"12088","54022"
"12089","54561"
"12090","68716"
"12091","45014"
"12092","42653"
"12093","24265"
"12094","38133"
"12095","62667"
"12096","44452"
"12097","44454"
"12098","66845"
"12099","98028"
"12100","83232"
"12101","98031"
"12102","29631"
"12103","42450"
"12104","43976"
"12105","29638"
"12106","65679"
"12107","54889"
"12108","45030"
"12109","23850"
"12110","44455"
"12111","34287"
"12112","83237"
"12113","83239"
"12114","45855"
"12115","70003"
"12116","98032"
"12117","43977"
"12118","29639"
"12119","54891"
"12120","68722"
"12121","24271"
"12122","66091"
"12123","62671"
"12124","66092"
"12125","83241"
"12126","70375"
"12127","83243"
"12128","54024"
"12129","33881"
"12130","67762"
"12131","37769"
"12132","33868"
"12133","62674"
"12134","65256"
"12135","66094"
"12136","98042"
"12137","70446"
"12138","98043"
"12139","98052"
"12140","98055"
"12141","43986"
"12142","64655"
"12143","58833"
"12144","23226"
"12145","54001"
"12146","43944"
"12147","68122"
"12148","71070"
"12149","44470"
"12150","62677"
"12151","54545"
"12152","98058"
"12153","83274"
"12154","98059"
"12155","62257"
"12156","64657"
"12157","23192"
"12158","58789"
"12159","04219"
"12160","44471"
"12161","44473"
"12162","34291"
"12163","34292"
"12164","98070"
"12165","83281"
"12166","98092"
"12167","98102"
"12168","44001"
"12169","54102"
"12170","04228"
"12171","43946"
"12172","54005"
"12173","65261"
"12174","68666"
"12175","38589"
"12176","68667"
"12177","98103"
"12178","98106"
"12179","98107"
"12180","83322"
"12181","04006"
"12182","98118"
"12183","37806"
"12184","28405"
"12185","38220"
"12186","64633"
"12187","62234"
"12188","34949"
"12189","54867"
"12190","34950"
"12191","24236"
"12192","04260"
"12193","66830"
"12194","83328"
"12195","98122"
"12196","98126"
"12197","83332"
"12198","68124"
"12199","23860"
"12200","66103"
"12201","54550"
"12202","37771"
"12203","20839"
"12204","54009"
"12205","64638"
"12206","28692"
"12207","66833"
"12208","83334"
"12209","98148"
"12210","29625"
"12211","28409"
"12212","65264"
"12213","38222"
"12214","02452"
"12215","44485"
"12216","62236"
"12217","54011"
"12218","45002"
"12219","54871"
"12220","62239"
"12221","62241"
"12222","33875"
"12223","28071"
"12224","44491"
"12225","48144"
"12226","58204"
"12227","01074"
"12228","62692"
"12229","68130"
"12230","38226"
"12231","62693"
"12232","58852"
"12233","33901"
"12234","64676"
"12235","44022"
"12236","34442"
"12237","62712"
"12238","48933"
"12239","98292"
"12240","98295"
"12241","99637"
"12242","99638"
"12243","66861"
"12244","24311"
"12245","29649"
"12246","44023"
"12247","62272"
"12248","66862"
"12249","48095"
"12250","45065"
"12251","66864"
"12252","28720"
"12253","68740"
"12254","83455"
"12255","98296"
"12256","28718"
"12257","98158"
"12258","83336"
"12259","98178"
"12260","48647"
"12261","83338"
"12262","58856"
"12263","54119"
"12264","82510"
"12265","45067"
"12266","66866"
"12267","54914"
"12268","99649"
"12269","98310"
"12270","98198"
"12271","48217"
"12272","98199"
"12273","98201"
"12274","98204"
"12275","83344"
"12276","28103"
"12277","33904"
"12278","34994"
"12279","66868"
"12280","28722"
"12281","37829"
"12282","48076"
"12283","62295"
"12284","98208"
"12285","98225"
"12286","83353"
"12287","98236"
"12288","64683"
"12289","62280"
"12290","68745"
"12291","34996"
"12292","45069"
"12293","48553"
"12294","24322"
"12295","54915"
"12296","62288"
"12297","62293"
"12298","44040"
"12299","98240"
"12300","98247"
"12301","98249"
"12302","23235"
"12303","64688"
"12304","48611"
"12305","28430"
"12306","28725"
"12307","54921"
"12308","28726"
"12309","28729"
"12310","23238"
"12311","62294"
"12312","64724"
"12313","44041"
"12314","98253"
"12315","55760"
"12316","98260"
"12317","98261"
"12318","65275"
"12319","44512"
"12320","66203"
"12321","24326"
"12322","66872"
"12323","29658"
"12324","44045"
"12325","54135"
"12326","55803"
"12327","98262"
"12328","98264"
"12329","98266"
"12330","65276"
"12331","34432"
"12332","24330"
"12333","28731"
"12334","99653"
"12335","28105"
"12336","62285"
"12337","10453"
"12338","56216"
"12339","23236"
"12340","83421"
"12341","83424"
"12342","83427"
"12343","99516"
"12344","28431"
"12345","54563"
"12346","68752"
"12347","68753"
"12348","54128"
"12349","55439"
"12350","28107"
"12351","99540"
"12352","99546"
"12353","99555"
"12354","44514"
"12355","62703"
"12356","28434"
"12357","23887"
"12358","45107"
"12359","66901"
"12360","39401"
"12361","54933"
"12362","54934"
"12363","37826"
"12364","23237"
"12365","54103"
"12366","62258"
"12367","23227"
"12368","68144"
"12369","34433"
"12370","28439"
"12371","39439"
"12372","45118"
"12373","66933"
"12374","83433"
"12375","66851"
"12376","24273"
"12377","62260"
"12378","64660"
"12379","62261"
"12380","54568"
"12381","65282"
"12382","55962"
"12383","99559"
"12384","99567"
"12385","98274"
"12386","54896"
"12387","45040"
"12388","24280"
"12389","64664"
"12390","58845"
"12391","28442"
"12392","38251"
"12393","39108"
"12394","38255"
"12395","99568"
"12396","99571"
"12397","98279"
"12398","98280"
"12399","65690"
"12400","66857"
"12401","24283"
"12402","62263"
"12403","28086"
"12404","39503"
"12405","28089"
"12406","23894"
"12407","65286"
"12408","65287"
"12409","98281"
"12410","99579"
"12411","98282"
"12412","99587"
"12413","99602"
"12414","99609"
"12415","38603"
"12416","24290"
"12417","24292"
"12418","28715"
"12419","34983"
"12420","54111"
"12421","62264"
"12422","37813"
"12423","44608"
"12424","68301"
"12425","23898"
"12426","38916"
"12427","68304"
"12428","83442"
"12429","98286"
"12430","65705"
"12431","45052"
"12432","24301"
"12433","62268"
"12434","64671"
"12435","62711"
"12436","44609"
"12437","39422"
"12438","28449"
"12439","83446"
"12440","99622"
"12441","83454"
"12442","65737"
"12443","66962"
"12444","38261"
"12445","54613"
"12446","65305"
"12447","66951"
"12448","14211"
"12449","64165"
"12450","45144"
"12451","45147"
"12452","45148"
"12453","54157"
"12454","44072"
"12455","24374"
"12456","66963"
"12457","66964"
"12458","45157"
"12459","34450"
"12460","63758"
"12461","62803"
"12462","65321"
"12463","68769"
"12464","28747"
"12465","99655"
"12466","99659"
"12467","28133"
"12468","54161"
"12469","68776"
"12470","68783"
"12471","63744"
"12472","67004"
"12473","65322"
"12474","66401"
"12475","34452"
"12476","99663"
"12477","98320"
"12478","99668"
"12479","64746"
"12480","33924"
"12481","62330"
"12482","63839"
"12483","23324"
"12484","62338"
"12485","23325"
"12486","45159"
"12487","45162"
"12488","68777"
"12489","62807"
"12490","28460"
"12491","23922"
"12492","98330"
"12493","65706"
"12494","99677"
"12495","83520"
"12496","99685"
"12497","98333"
"12498","64747"
"12499","62339"
"12500","33928"
"12501","68328"
"12502","45168"
"12503","66967"
"12504","63121"
"12505","65744"
"12506","66970"
"12507","65323"
"12508","62809"
"12509","68319"
"12510","99694"
"12511","98340"
"12512","98342"
"12513","83526"
"12514","98349"
"12515","03102"
"12516","28138"
"12517","44629"
"12518","66413"
"12519","45171"
"12520","65745"
"12521","34453"
"12522","68321"
"12523","44624"
"12524","98351"
"12525","98354"
"12526","08215"
"12527","99702"
"12528","99703"
"12529","34470"
"12530","62816"
"12531","65334"
"12532","67002"
"12533","68780"
"12534","68322"
"12535","66408"
"12536","66409"
"12537","03452"
"12538","98357"
"12539","98358"
"12540","83540"
"12541","66414"
"12542","54625"
"12543","23934"
"12544","45176"
"12545","65326"
"12546","65330"
"12547","98365"
"12548","68944"
"12549","83542"
"12550","38313"
"12551","28465"
"12552","68333"
"12553","28754"
"12554","28757"
"12555","66411"
"12556","44628"
"12557","83543"
"12558","98366"
"12559","13643"
"12560","89085"
"12561","65336"
"12562","44638"
"12563","54895"
"12564","23307"
"12565","54137"
"12566","34465"
"12567","24340"
"12568","37849"
"12569","28117"
"12570","66423"
"12571","68634"
"12572","68337"
"12573","28112"
"12574","29662"
"12575","44048"
"12576","65714"
"12577","68759"
"12578","54935"
"12579","28119"
"12580","44057"
"12581","23937"
"12582","07880"
"12583","38318"
"12584","68339"
"12585","54139"
"12586","64730"
"12587","65720"
"12588","66937"
"12589","28735"
"12590","37853"
"12591","64738"
"12592","64739"
"12593","87012"
"12594","54630"
"12595","44643"
"12596","64733"
"12597","64734"
"12598","44053"
"12599","28736"
"12600","24351"
"12601","66942"
"12602","66943"
"12603","62314"
"12604","88341"
"12605","28120"
"12606","62319"
"12607","34472"
"12608","28468"
"12609","44644"
"12610","68341"
"12611","54143"
"12612","54943"
"12613","68765"
"12614","54944"
"12615","87313"
"12616","28124"
"12617","54154"
"12618","66427"
"12619","54632"
"12620","29670"
"12621","54150"
"12622","65724"
"12623","24354"
"12624","66948"
"12625","65731"
"12626","87530"
"12627","65732"
"12628","28125"
"12629","33917"
"12630","54155"
"12631","44062"
"12632","62823"
"12633","66429"
"12634","68343"
"12635","68345"
"12636","23320"
"12637","87569"
"12638","23909"
"12639","34446"
"12640","68307"
"12641","66217"
"12642","66219"
"12643","66220"
"12644","68313"
"12645","28741"
"12646","54947"
"12647","66949"
"12648","11412"
"12649","64743"
"12650","62321"
"12651","44067"
"12652","62323"
"12653","62827"
"12654","45150"
"12655","28749"
"12656","66956"
"12657","65348"
"12658","23959"
"12659","87750"
"12660","66438"
"12661","24445"
"12662","45227"
"12663","54217"
"12664","62370"
"12665","62373"
"12666","99788"
"12667","98380"
"12668","98381"
"12669","44651"
"12670","73572"
"12671","13642"
"12672","38337"
"12673","54644"
"12674","67026"
"12675","45231"
"12676","45232"
"12677","45233"
"12678","98408"
"12679","62375"
"12680","66451"
"12681","68368"
"12682","11507"
"12683","98385"
"12684","98387"
"12685","99840"
"12686","98391"
"12687","98394"
"12688","62833"
"12689","38339"
"12690","23966"
"12691","83616"
"12692","98421"
"12693","11204"
"12694","98433"
"12695","98443"
"12696","33952"
"12697","62376"
"12698","28164"
"12699","99919"
"12700","83611"
"12701","98405"
"12702","23347"
"12703","54646"
"12704","13623"
"12705","34479"
"12706","68354"
"12707","98465"
"12708","98498"
"12709","98499"
"12710","83626"
"12711","98501"
"12712","29702"
"12713","28166"
"12714","29704"
"12715","59860"
"12716","28169"
"12717","44077"
"12718","62343"
"12719","23968"
"12720","34480"
"12721","98502"
"12722","98506"
"12723","98516"
"12724","98524"
"12725","62379"
"12726","59430"
"12727","23434"
"12728","33953"
"12729","29682"
"12730","44084"
"12731","64756"
"12732","62837"
"12733","28510"
"12734","68357"
"12735","98526"
"12736","98527"
"12737","59731"
"12738","23435"
"12739","62401"
"12740","62346"
"12741","44085"
"12742","44086"
"12743","28512"
"12744","54652"
"12745","62839"
"12746","62842"
"12747","68359"
"12748","59701"
"12749","83643"
"12750","83644"
"12751","98535"
"12752","23437"
"12753","23438"
"12754","23440"
"12755","62349"
"12756","33935"
"12757","28144"
"12758","23414"
"12759","68456"
"12760","62843"
"12761","68360"
"12762","54655"
"12763","67008"
"12764","98542"
"12765","98547"
"12766","98552"
"12767","64783"
"12768","44109"
"12769","33956"
"12770","68128"
"12771","62848"
"12772","23410"
"12773","33936"
"12774","64761"
"12775","45207"
"12776","82643"
"12777","45208"
"12778","82644"
"12779","45211"
"12780","98560"
"12781","73016"
"12782","59347"
"12783","83651"
"12784","98572"
"12785","62849"
"12786","38345"
"12787","44090"
"12788","54180"
"12789","33946"
"12790","33947"
"12791","65759"
"12792","54982"
"12793","68164"
"12794","68788"
"12795","98576"
"12796","98579"
"12797","62850"
"12798","24012"
"12799","23418"
"12800","54202"
"12801","68789"
"12802","68790"
"12803","28773"
"12804","27371"
"12805","98581"
"12806","83661"
"12807","83666"
"12808","54971"
"12809","54974"
"12810","54977"
"12811","64763"
"12812","62356"
"12813","23420"
"12814","54207"
"12815","27569"
"12816","28774"
"12817","28775"
"12818","98585"
"12819","44101"
"12820","54210"
"12821","28762"
"12822","67005"
"12823","44094"
"12824","62360"
"12825","64770"
"12826","27320"
"12827","44095"
"12828","54986"
"12829","67019"
"12830","37873"
"12831","54212"
"12832","28763"
"12833","28766"
"12834","44099"
"12835","23952"
"12836","68348"
"12837","28135"
"12838","65344"
"12839","24431"
"12840","24435"
"12841","54213"
"12842","62363"
"12843","24416"
"12844","45206"
"12845","83547"
"12846","99742"
"12847","99744"
"12848","28025"
"12849","62830"
"12850","66434"
"12851","62831"
"12852","24437"
"12853","45219"
"12854","65769"
"12855","67023"
"12856","23430"
"12857","44102"
"12858","54216"
"12859","10019"
"12860","99759"
"12861","98371"
"12862","99768"
"12863","99782"
"12864","99783"
"12865","54638"
"12866","38330"
"12867","65771"
"12868","45225"
"12869","67024"
"12870","10527"
"12871","65773"
"12872","62366"
"12873","62367"
"12874","68825"
"12875","28901"
"12876","82831"
"12877","38358"
"12878","24457"
"12879","22935"
"12880","37604"
"12881","27298"
"12882","43609"
"12883","23455"
"12884","64834"
"12885","64835"
"12886","33974"
"12887","45320"
"12888","67062"
"12889","28904"
"12890","28783"
"12891","24464"
"12892","43787"
"12893","43950"
"12894","58627"
"12895","22939"
"12896","64128"
"12897","29728"
"12898","23456"
"12899","44682"
"12900","67063"
"12901","67106"
"12902","45337"
"12903","64132"
"12904","58368"
"12905","67031"
"12906","45239"
"12907","45240"
"12908","67035"
"12909","53582"
"12910","53585"
"12911","33714"
"12912","43612"
"12913","22943"
"12914","22946"
"12915","58540"
"12916","64130"
"12917","29729"
"12918","28214"
"12919","67065"
"12920","68832"
"12921","45324"
"12922","24472"
"12923","45241"
"12924","68812"
"12925","22948"
"12926","58276"
"12927","27837"
"12928","38361"
"12929","65452"
"12930","68835"
"12931","67068"
"12932","24529"
"12933","45243"
"12934","24477"
"12935","61951"
"12936","27840"
"12937","11789"
"12938","24018"
"12939","28544"
"12940","67070"
"12941","82842"
"12942","68838"
"12943","28909"
"12944","24479"
"12945","45245"
"12946","27842"
"12947","22958"
"12948","12986"
"12949","38363"
"12950","66514"
"12951","65807"
"12952","68840"
"12953","67074"
"12954","68814"
"12955","67039"
"12956","65786"
"12957","27843"
"12958","43614"
"12959","10029"
"12960","28546"
"12961","66515"
"12962","65457"
"12963","66518"
"12964","67103"
"12965","24536"
"12966","45331"
"12967","68842"
"12968","28789"
"12969","45247"
"12970","13435"
"12971","22959"
"12972","33755"
"12973","24053"
"12974","66520"
"12975","68413"
"12976","72644"
"12977","67104"
"12978","65787"
"12979","68815"
"12980","64788"
"12981","73737"
"12982","28174"
"12983","62864"
"12984","34609"
"12985","68415"
"12986","68784"
"12987","54657"
"12988","54658"
"12989","65789"
"12990","24486"
"12991","64790"
"12992","73162"
"12993","33960"
"12994","28203"
"12995","65461"
"12996","54701"
"12997","28523"
"12998","54659"
"12999","28524"
"13000","34498"
"13001","68371"
"13002","65791"
"13003","74637"
"13004","73857"
"13005","45302"
"13006","67042"
"13007","54241"
"13008","54245"
"13009","29712"
"13010","28552"
"13011","66523"
"13012","28527"
"13013","28529"
"13014","44667"
"13015","73033"
"13016","68377"
"13017","68821"
"13018","67051"
"13019","45308"
"13020","62420"
"13021","62422"
"13022","44117"
"13023","24059"
"13024","44691"
"13025","44695"
"13026","45630"
"13027","54660"
"13028","62861"
"13029","68378"
"13030","24016"
"13031","24503"
"13032","28803"
"13033","48624"
"13034","27825"
"13035","64801"
"13036","23453"
"13037","73139"
"13038","33971"
"13039","34614"
"13040","28557"
"13041","38374"
"13042","68381"
"13043","54661"
"13044","65439"
"13045","44677"
"13046","82731"
"13047","33711"
"13048","97502"
"13049","62425"
"13050","62426"
"13051","62427"
"13052","66527"
"13053","62871"
"13054","66528"
"13055","34638"
"13056","67055"
"13057","66507"
"13058","28532"
"13059","74523"
"13060","27826"
"13061","64124"
"13062","64125"
"13063","28209"
"13064","37912"
"13065","33972"
"13066","62431"
"13067","62875"
"13068","54721"
"13069","67056"
"13070","97463"
"13071","28538"
"13072","68404"
"13073","44680"
"13074","34606"
"13075","27829"
"13076","53579"
"13077","33712"
"13078","28210"
"13079","62432"
"13080","28211"
"13081","97435"
"13082","44122"
"13083","28212"
"13084","28805"
"13085","67057"
"13086","54413"
"13087","64858"
"13088","23504"
"13089","54416"
"13090","44145"
"13091","37934"
"13092","97842"
"13093","24541"
"13094","24549"
"13095","44149"
"13096","62458"
"13097","28301"
"13098","44201"
"13099","62002"
"13100","49876"
"13101","54418"
"13102","64862"
"13103","16444"
"13104","54421"
"13105","45346"
"13106","45350"
"13107","45352"
"13108","68847"
"13109","68849"
"13110","45359"
"13111","23508"
"13112","29817"
"13113","62477"
"13114","15650"
"13115","15361"
"13116","27858"
"13117","62877"
"13118","62878"
"13119","68430"
"13120","38380"
"13121","82939"
"13122","45362"
"13123","67123"
"13124","62462"
"13125","28303"
"13126","15689"
"13127","62463"
"13128","34103"
"13129","37642"
"13130","68433"
"13131","44704"
"13132","65479"
"13133","66534"
"13134","82942"
"13135","68852"
"13136","67124"
"13137","15948"
"13138","45368"
"13139","54428"
"13140","64873"
"13141","29809"
"13142","27862"
"13143","62011"
"13144","54724"
"13145","65484"
"13146","67131"
"13147","45370"
"13148","17821"
"13149","24566"
"13150","38006"
"13151","54433"
"13152","28305"
"13153","27863"
"13154","27864"
"13155","54725"
"13156","62881"
"13157","24571"
"13158","45371"
"13159","15133"
"13160","67134"
"13161","65010"
"13162","62467"
"13163","62012"
"13164","62013"
"13165","27869"
"13166","38388"
"13167","67135"
"13168","67137"
"13169","68860"
"13170","15483"
"13171","54436"
"13172","62468"
"13173","44203"
"13174","62014"
"13175","33765"
"13176","37645"
"13177","23461"
"13178","64841"
"13179","44130"
"13180","65486"
"13181","18046"
"13182","65501"
"13183","68437"
"13184","68439"
"13185","83014"
"13186","67142"
"13187","54440"
"13188","54442"
"13189","65016"
"13190","62445"
"13191","44132"
"13192","19549"
"13193","28217"
"13194","64844"
"13195","64847"
"13196","54727"
"13197","68440"
"13198","62884"
"13199","67143"
"13200","64155"
"13201","53706"
"13202","49881"
"13203","45160"
"13204","65017"
"13205","38015"
"13206","23464"
"13207","37920"
"13208","28226"
"13209","44706"
"13210","24070"
"13211","64156"
"13212","33770"
"13213","62017"
"13214","45070"
"13215","43717"
"13216","64161"
"13217","27872"
"13218","62473"
"13219","62474"
"13220","28310"
"13221","62475"
"13222","29732"
"13223","54405"
"13224","23487"
"13225","17247"
"13226","44250"
"13227","28570"
"13228","62887"
"13229","28571"
"13230","62021"
"13231","58650"
"13232","37656"
"13233","27847"
"13234","61956"
"13235","43617"
"13236","53590"
"13237","29153"
"13238","29741"
"13239","29742"
"13240","66539"
"13241","54728"
"13242","62888"
"13243","43719"
"13244","27878"
"13245","22964"
"13246","33759"
"13247","64137"
"13248","29944"
"13249","53593"
"13250","29743"
"13251","54406"
"13252","54408"
"13253","68444"
"13254","28572"
"13255","66542"
"13256","66543"
"13257","64402"
"13258","43720"
"13259","15006"
"13260","64422"
"13261","22968"
"13262","64138"
"13263","62449"
"13264","37923"
"13265","62892"
"13266","28574"
"13267","62893"
"13268","53715"
"13269","29543"
"13270","29483"
"13271","33774"
"13272","49893"
"13273","53716"
"13274","49868"
"13275","49870"
"13276","28269"
"13277","54410"
"13278","37924"
"13279","68447"
"13280","66546"
"13281","17606"
"13282","45341"
"13283","67108"
"13284","67109"
"13285","53717"
"13286","62027"
"13287","33777"
"13288","49871"
"13289","49873"
"13290","54411"
"13291","62450"
"13292","18245"
"13293","64855"
"13294","45342"
"13295","45344"
"13296","29547"
"13297","64863"
"13298","44146"
"13299","54422"
"13300","44147"
"13301","68927"
"13302","45431"
"13303","15412"
"13304","68929"
"13305","45433"
"13306","67215"
"13307","54734"
"13308","62899"
"13309","28589"
"13310","68901"
"13311","67209"
"13312","62031"
"13313","68005"
"13314","29128"
"13315","44241"
"13316","44253"
"13317","66015"
"13318","68932"
"13319","68934"
"13320","45458"
"13321","68937"
"13322","45459"
"13323","54736"
"13324","34684"
"13325","18195"
"13326","64428"
"13327","62032"
"13328","27888"
"13329","49896"
"13330","65037"
"13331","65039"
"13332","67219"
"13333","37686"
"13334","28590"
"13335","44720"
"13336","59935"
"13337","97639"
"13338","17041"
"13339","44721"
"13340","23027"
"13341","49905"
"13342","62522"
"13343","66606"
"13344","54742"
"13345","34690"
"13346","67220"
"13347","67226"
"13348","68943"
"13349","57649"
"13350","68945"
"13351","67235"
"13352","68947"
"13353","45505"
"13354","66604"
"13355","28594"
"13356","62901"
"13357","64429"
"13358","53804"
"13359","64433"
"13360","57577"
"13361","38459"
"13362","54745"
"13363","68949"
"13364","68950"
"13365","68952"
"13366","67334"
"13367","45613"
"13368","54739"
"13369","68463"
"13370","24089"
"13371","57422"
"13372","44804"
"13373","68464"
"13374","23032"
"13375","62035"
"13376","64434"
"13377","82007"
"13378","65557"
"13379","38461"
"13380","68958"
"13381","68959"
"13382","29015"
"13383","68960"
"13384","68961"
"13385","66605"
"13386","38454"
"13387","62903"
"13388","27890"
"13389","64436"
"13390","64437"
"13391","54746"
"13392","54747"
"13393","37846"
"13394","66609"
"13395","34695"
"13396","68964"
"13397","37681"
"13398","54741"
"13399","67144"
"13400","24579"
"13401","64439"
"13402","23045"
"13403","37665"
"13404","37879"
"13405","37680"
"13406","66610"
"13407","65559"
"13408","43747"
"13409","64444"
"13410","64445"
"13411","45380"
"13412","83110"
"13413","45384"
"13414","67151"
"13415","38401"
"13416","53809"
"13417","49916"
"13418","33801"
"13419","24102"
"13420","38463"
"13421","64446"
"13422","29564"
"13423","68866"
"13424","83114"
"13425","83116"
"13426","37322"
"13427","83119"
"13428","68872"
"13429","23050"
"13430","43739"
"13431","49919"
"13432","62916"
"13433","34698"
"13434","68502"
"13435","27846"
"13436","62478"
"13437","38504"
"13438","68448"
"13439","67152"
"13440","45390"
"13441","83124"
"13442","53811"
"13443","62479"
"13444","62480"
"13445","62481"
"13446","44224"
"13447","66615"
"13448","97864"
"13449","16230"
"13450","54751"
"13451","44811"
"13452","82053"
"13453","62895"
"13454","24078"
"13455","65541"
"13456","67155"
"13457","24594"
"13458","44230"
"13459","62510"
"13460","17876"
"13461","34119"
"13462","23603"
"13463","62918"
"13464","82054"
"13465","28582"
"13466","24083"
"13467","54729"
"13468","44710"
"13469","68873"
"13470","24597"
"13471","17764"
"13472","29827"
"13473","23604"
"13474","62514"
"13475","82055"
"13476","68504"
"13477","44814"
"13478","66547"
"13479","66548"
"13480","44714"
"13481","24598"
"13482","17030"
"13483","24602"
"13484","34120"
"13485","38018"
"13486","34134"
"13487","66008"
"13488","44817"
"13489","62923"
"13490","24120"
"13491","68506"
"13492","62896"
"13493","76687"
"13494","65543"
"13495","45404"
"13496","68876"
"13497","45405"
"13498","68878"
"13499","38023"
"13500","66010"
"13501","68004"
"13502","38469"
"13503","38471"
"13504","78332"
"13505","28585"
"13506","44718"
"13507","45406"
"13508","67203"
"13509","24612"
"13510","67204"
"13511","24628"
"13512","65032"
"13513","28320"
"13514","65570"
"13515","77469"
"13516","24635"
"13517","45420"
"13518","54732"
"13519","62898"
"13520","24630"
"13521","45417"
"13522","45419"
"13523","65034"
"13524","54452"
"13525","34139"
"13526","78624"
"13527","24649"
"13528","67212"
"13529","68926"
"13530","45430"
"13531","24122"
"13532","34715"
"13533","45678"
"13534","67410"
"13535","64473"
"13536","43783"
"13537","78402"
"13538","37719"
"13539","62049"
"13540","33810"
"13541","44820"
"13542","34731"
"13543","44822"
"13544","68514"
"13545","69033"
"13546","45680"
"13547","45681"
"13548","78828"
"13549","62545"
"13550","65068"
"13551","23702"
"13552","62557"
"13553","43758"
"13554","53827"
"13555","62051"
"13556","66710"
"13557","65583"
"13558","66711"
"13559","17730"
"13560","76901"
"13561","45682"
"13562","45686"
"13563","67423"
"13564","29851"
"13565","66033"
"13566","62546"
"13567","64463"
"13568","23065"
"13569","29569"
"13570","62934"
"13571","75969"
"13572","24131"
"13573","69043"
"13574","67425"
"13575","69044"
"13576","67428"
"13577","65061"
"13578","28339"
"13579","23066"
"13580","33812"
"13581","29570"
"13582","79601"
"13583","58721"
"13584","66019"
"13585","62523"
"13586","82081"
"13587","44827"
"13588","65586"
"13589","68517"
"13590","69045"
"13591","69046"
"13592","62547"
"13593","77016"
"13594","23690"
"13595","44270"
"13596","54455"
"13597","29838"
"13598","23662"
"13599","66023"
"13600","82082"
"13601","54767"
"13602","28618"
"13603","67432"
"13604","76109"
"13605","64465"
"13606","65063"
"13607","54470"
"13608","54471"
"13609","68008"
"13610","38039"
"13611","65589"
"13612","54768"
"13613","62052"
"13614","23071"
"13615","76528"
"13616","27923"
"13617","64467"
"13618","62549"
"13619","29860"
"13620","28340"
"13621","54456"
"13622","68015"
"13623","28333"
"13624","65591"
"13625","66717"
"13626","77662"
"13627","33813"
"13628","43766"
"13629","37709"
"13630","27926"
"13631","44276"
"13632","38060"
"13633","28343"
"13634","62550"
"13635","44278"
"13636","23665"
"13637","76951"
"13638","65046"
"13639","54457"
"13640","28622"
"13641","28624"
"13642","68524"
"13643","37710"
"13644","53911"
"13645","23693"
"13646","44280"
"13647","66042"
"13648","78752"
"13649","29905"
"13650","62555"
"13651","65047"
"13652","66027"
"13653","65048"
"13654","38482"
"13655","44836"
"13656","68532"
"13657","58725"
"13658","23072"
"13659","38450"
"13660","43772"
"13661","54476"
"13662","44281"
"13663","65067"
"13664","62531"
"13665","44260"
"13666","29842"
"13667","67337"
"13668","67341"
"13669","67344"
"13670","19070"
"13671","38372"
"13672","33815"
"13673","37711"
"13674","62045"
"13675","53818"
"13676","38044"
"13677","68019"
"13678","45638"
"13679","68972"
"13680","68973"
"13681","68976"
"13682","76449"
"13683","49945"
"13684","23083"
"13685","62060"
"13686","23060"
"13687","58710"
"13688","43755"
"13689","29844"
"13690","34203"
"13691","68020"
"13692","62535"
"13693","79019"
"13694","67353"
"13695","45644"
"13696","45650"
"13697","23084"
"13698","23085"
"13699","33809"
"13700","64455"
"13701","29566"
"13702","54463"
"13703","54465"
"13704","23901"
"13705","23666"
"13706","69001"
"13707","67357"
"13708","67363"
"13709","37715"
"13710","58730"
"13711","43778"
"13712","58712"
"13713","58713"
"13714","58716"
"13715","22603"
"13716","65051"
"13717","62543"
"13718","29850"
"13719","34205"
"13720","62544"
"13721","45659"
"13722","69023"
"13723","69024"
"13724","62062"
"13725","53913"
"13726","23185"
"13727","43779"
"13728","49931"
"13729","53821"
"13730","62924"
"13731","68507"
"13732","38473"
"13733","69025"
"13734","69030"
"13735","45671"
"13736","27937"
"13737","23801"
"13738","33823"
"13739","43780"
"13740","54828"
"13741","38554"
"13742","28630"
"13743","62951"
"13744","45778"
"13745","45782"
"13746","45788"
"13747","28351"
"13748","22973"
"13749","66047"
"13750","44304"
"13751","28654"
"13752","65618"
"13753","68633"
"13754","44867"
"13755","62952"
"13756","44844"
"13757","62954"
"13758","67470"
"13759","23841"
"13760","45801"
"13761","44305"
"13762","65080"
"13763","66048"
"13764","82242"
"13765","45833"
"13766","67544"
"13767","62956"
"13768","54810"
"13769","62957"
"13770","23250"
"13771","67473"
"13772","69150"
"13773","67480"
"13774","65081"
"13775","28357"
"13776","62567"
"13777","34221"
"13778","82243"
"13779","34762"
"13780","45805"
"13781","15007"
"13782","98685"
"13783","67491"
"13784","28638"
"13785","34747"
"13786","44847"
"13787","58735"
"13788","49952"
"13789","29575"
"13790","62077"
"13791","68045"
"13792","66050"
"13793","98065"
"13794","44310"
"13795","65085"
"13796","69157"
"13797","45813"
"13798","67501"
"13799","45817"
"13800","54813"
"13801","28642"
"13802","65612"
"13803","37721"
"13804","98903"
"13805","64479"
"13806","27950"
"13807","54488"
"13808","62568"
"13809","29921"
"13810","66053"
"13811","45821"
"13812","67513"
"13813","67514"
"13814","67518"
"13815","25045"
"13816","67520"
"13817","82219"
"13818","68621"
"13819","23103"
"13820","62080"
"13821","68046"
"13822","34223"
"13823","44312"
"13824","69169"
"13825","45822"
"13826","25818"
"13827","45827"
"13828","44851"
"13829","28644"
"13830","53924"
"13831","23108"
"13832","49959"
"13833","58740"
"13834","54491"
"13835","38106"
"13836","67523"
"13837","25647"
"13838","45828"
"13839","45830"
"13840","45831"
"13841","68623"
"13842","67438"
"13843","67439"
"13844","33825"
"13845","49961"
"13846","44313"
"13847","34224"
"13848","24874"
"13849","28360"
"13850","45832"
"13851","69217"
"13852","45711"
"13853","69120"
"13854","45714"
"13855","33827"
"13856","27957"
"13857","58741"
"13858","62612"
"13859","25705"
"13860","65109"
"13861","27896"
"13862","34210"
"13863","68030"
"13864","44287"
"13865","45715"
"13866","45721"
"13867","67446"
"13868","64482"
"13869","64483"
"13870","24991"
"13871","58744"
"13872","23805"
"13873","38506"
"13874","68624"
"13875","66746"
"13876","62558"
"13877","28349"
"13878","34212"
"13879","67447"
"13880","67448"
"13881","84074"
"13882","45735"
"13883","27965"
"13884","27966"
"13885","53930"
"13886","53932"
"13887","38542"
"13888","68626"
"13889","38543"
"13890","65614"
"13891","44837"
"13892","15663"
"13893","84334"
"13894","54773"
"13895","69128"
"13896","45741"
"13897","45742"
"13898","69131"
"13899","27970"
"13900","62088"
"13901","34753"
"13902","24161"
"13903","66748"
"13904","84761"
"13905","38486"
"13906","28626"
"13907","45743"
"13908","45744"
"13909","27973"
"13910","53933"
"13911","38547"
"13912","54821"
"13913","28627"
"13914","24147"
"13915","05847"
"13916","54805"
"13917","69130"
"13918","45760"
"13919","69133"
"13920","23112"
"13921","27974"
"13922","44857"
"13923","34758"
"13924","62960"
"13925","34744"
"13926","24091"
"13927","44841"
"13928","66733"
"13929","45761"
"13930","69134"
"13931","69135"
"13932","67456"
"13933","37733"
"13934","33830"
"13935","34216"
"13936","65076"
"13937","23944"
"13938","44301"
"13939","38549"
"13940","54824"
"13941","62963"
"13942","68631"
"13943","66751"
"13944","82210"
"13945","66735"
"13946","67458"
"13947","67459"
"13948","82718"
"13949","45768"
"13950","45776"
"13951","29907"
"13952","65077"
"13953","38070"
"13954","62964"
"13955","28650"
"13956","75784"
"13957","72744"
"13958","70083"
"13959","05141"
"13960","84045"
"13961","72761"
"13962","74073"
"13963","74078"
"13964","93924"
"13965","72116"
"13966","84722"
"13967","91340"
"13968","85338"
"13969","88417"
"13970","54666"
"13971","72747"
"13972","92130"
"13973","93627"
"13974","97060"
"13975","72762"
"13976","74074"
"13977","75216"
"13978","87582"
"13979","72118"
"13980","93628"
"13981","86001"
"13982","77040"
"13983","77041"
"13984","77043"
"13985","84046"
"13986","72773"
"13987","72776"
"13988","97417"
"13989","84732"
"13990","73565"
"13991","84736"
"13992","95724"
"13993","93638"
"13994","93641"
"13995","93643"
"13996","77051"
"13997","77054"
"13998","85045"
"13999","73042"
"14000","80106"
"14001","70086"
"14002","71264"
"14003","15541"
"14004","06467"
"14005","95587"
"14006","75217"
"14007","72121"
"14008","75218"
"14009","93647"
"14010","93651"
"14011","77056"
"14012","77059"
"14013","72127"
"14014","72128"
"14015","54010"
"14016","72130"
"14017","78159"
"14018","78160"
"14019","78161"
"14020","70555"
"14021","73569"
"14022","85343"
"14023","84738"
"14024","93660"
"14025","77060"
"14026","54548"
"14027","93662"
"14028","75220"
"14029","87713"
"14030","84742"
"14031","95614"
"14032","95616"
"14033","95618"
"14034","78209"
"14035","75219"
"14036","91350"
"14037","24736"
"14038","84740"
"14039","85926"
"14040","93668"
"14041","93669"
"14042","93675"
"14043","77064"
"14044","84743"
"14045","72132"
"14046","87715"
"14047","95629"
"14048","53949"
"14049","95635"
"14050","97882"
"14051","81124"
"14052","71202"
"14053","77066"
"14054","93710"
"14055","93711"
"14056","77073"
"14057","93722"
"14058","84745"
"14059","05857"
"14060","84746"
"14061","87722"
"14062","95602"
"14063","78201"
"14064","95610"
"14065","78205"
"14066","74055"
"14067","72719"
"14068","72721"
"14069","81128"
"14070","53939"
"14071","77077"
"14072","93726"
"14073","77079"
"14074","93727"
"14075","77082"
"14076","87723"
"14077","72137"
"14078","87724"
"14079","91356"
"14080","95621"
"14081","61871"
"14082","95627"
"14083","78211"
"14084","92119"
"14085","85929"
"14086","92121"
"14087","93905"
"14088","77084"
"14089","80025"
"14090","90039"
"14091","87731"
"14092","07010"
"14093","75226"
"14094","97426"
"14095","95630"
"14096","95633"
"14097","78217"
"14098","72730"
"14099","97901"
"14100","73032"
"14101","90040"
"14102","89052"
"14103","08106"
"14104","89054"
"14105","97053"
"14106","91360"
"14107","87734"
"14108","73601"
"14109","75227"
"14110","69334"
"14111","67550"
"14112","67553"
"14113","45853"
"14114","18083"
"14115","12008"
"14116","67559"
"14117","92122"
"14118","72732"
"14119","84041"
"14120","84042"
"14121","85346"
"14122","73622"
"14123","80601"
"14124","45856"
"14125","45858"
"14126","07513"
"14127","67561"
"14128","45862"
"14129","67563"
"14130","72734"
"14131","74058"
"14132","85040"
"14133","87035"
"14134","75035"
"14135","85041"
"14136","80033"
"14137","94041"
"14138","91362"
"14139","70575"
"14140","75788"
"14141","74063"
"14142","85335"
"14143","75214"
"14144","91326"
"14145","80528"
"14146","80532"
"14147","85933"
"14148","04637"
"14149","81136"
"14150","74059"
"14151","80045"
"14152","80101"
"14153","92131"
"14154","92135"
"14155","72753"
"14156","92145"
"14157","92173"
"14158","87573"
"14159","50104"
"14160","80534"
"14161","75778"
"14162","92127"
"14163","74061"
"14164","80102"
"14165","89086"
"14166","80103"
"14167","75790"
"14168","92154"
"14169","85939"
"14170","46290"
"14171","80535"
"14172","97414"
"14173","71223"
"14174","81141"
"14175","71225"
"14176","73038"
"14177","87038"
"14178","92201"
"14179","71245"
"14180","88436"
"14181","50033"
"14182","92203"
"14183","71250"
"14184","72206"
"14185","73660"
"14186","80109"
"14187","89107"
"14188","87823"
"14189","97452"
"14190","73054"
"14191","97107"
"14192","71355"
"14193","90095"
"14194","97109"
"14195","70611"
"14196","72207"
"14197","70615"
"14198","97070"
"14199","73044"
"14200","84054"
"14201","72801"
"14202","71266"
"14203","70524"
"14204","74081"
"14205","84065"
"14206","71758"
"14207","89121"
"14208","80123"
"14209","87939"
"14210","75254"
"14211","75043"
"14212","90062"
"14213","89109"
"14214","22427"
"14215","73047"
"14216","84057"
"14217","86015"
"14218","86016"
"14219","81221"
"14220","81222"
"14221","87105"
"14222","90210"
"14223","75052"
"14224","72209"
"14225","15531"
"14226","25871"
"14227","74119"
"14228","72846"
"14229","89113"
"14230","90064"
"14231","73049"
"14232","70112"
"14233","74105"
"14234","72827"
"14235","92230"
"14236","72828"
"14237","99153"
"14238","84067"
"14239","75054"
"14240","97115"
"14241","87106"
"14242","85121"
"14243","81244"
"14244","71291"
"14245","72847"
"14246","87063"
"14247","80117"
"14248","59733"
"14249","75853"
"14250","71276"
"14251","80126"
"14252","84071"
"14253","81251"
"14254","86032"
"14255","97102"
"14256","73051"
"14257","71277"
"14258","92233"
"14259","04358"
"14260","97117"
"14261","75056"
"14262","73061"
"14263","74127"
"14264","75928"
"14265","74131"
"14266","87068"
"14267","80118"
"14268","90067"
"14269","75860"
"14270","19609"
"14271","74112"
"14272","81232"
"14273","72838"
"14274","80127"
"14275","97121"
"14276","75057"
"14277","89130"
"14278","74132"
"14279","72863"
"14280","72865"
"14281","84629"
"14282","75050"
"14283","80121"
"14284","80602"
"14285","72840"
"14286","72841"
"14287","92240"
"14288","70118"
"14289","84076"
"14290","73064"
"14291","75060"
"14292","76351"
"14293","73065"
"14294","75933"
"14295","72901"
"14296","85348"
"14297","84763"
"14298","80610"
"14299","72842"
"14300","74115"
"14301","74117"
"14302","77090"
"14303","26264"
"14304","71801"
"14305","45840"
"14306","95638"
"14307","78219"
"14308","97441"
"14309","80611"
"14310","80612"
"14311","77091"
"14312","77092"
"14313","93953"
"14314","15841"
"14315","94002"
"14316","94005"
"14317","97124"
"14318","85123"
"14319","73068"
"14320","78220"
"14321","95646"
"14322","95651"
"14323","95655"
"14324","97442"
"14325","36558"
"14326","80615"
"14327","94010"
"14328","77099"
"14329","94020"
"14330","94021"
"14331","72202"
"14332","91502"
"14333","73645"
"14334","85355"
"14335","75240"
"14336","15617"
"14337","35085"
"14338","97457"
"14339","95658"
"14340","78226"
"14341","95662"
"14342","73632"
"14343","80620"
"14344","72165"
"14345","77304"
"14346","94030"
"14347","94037"
"14348","86413"
"14349","94043"
"14350","94044"
"14351","70591"
"14352","91505"
"14353","95664"
"14354","78230"
"14355","95668"
"14356","95670"
"14357","72166"
"14358","91401"
"14359","86054"
"14360","97446"
"14361","94061"
"14362","94065"
"14363","77338"
"14364","94070"
"14365","77345"
"14366","85357"
"14367","80642"
"14368","87831"
"14369","95672"
"14370","85920"
"14371","78234"
"14372","97067"
"14373","84774"
"14374","72169"
"14375","70583"
"14376","94087"
"14377","77346"
"14378","77350"
"14379","94111"
"14380","94115"
"14381","86544"
"14382","77356"
"14383","91602"
"14384","72205"
"14385","73654"
"14386","80650"
"14387","70087"
"14388","90049"
"14389","89104"
"14390","91403"
"14391","70584"
"14392","93441"
"14393","97448"
"14394","75235"
"14395","94116"
"14396","94117"
"14397","77357"
"14398","91606"
"14399","80651"
"14400","75248"
"14401","70605"
"14402","87046"
"14403","20032"
"14404","80108"
"14405","89106"
"14406","97449"
"14407","84780"
"14408","75236"
"14409","84784"
"14410","77359"
"14411","77360"
"14412","77368"
"14413","90073"
"14414","81147"
"14415","73658"
"14416","73659"
"14417","89191"
"14418","80207"
"14419","73077"
"14420","72212"
"14421","71353"
"14422","92275"
"14423","84103"
"14424","85141"
"14425","30513"
"14426","80212"
"14427","75074"
"14428","77378"
"14429","94306"
"14430","94401"
"14431","77385"
"14432","70631"
"14433","80720"
"14434","80722"
"14435","73664"
"14436","83346"
"14437","73666"
"14438","72952"
"14439","81426"
"14440","72956"
"14441","90272"
"14442","80751"
"14443","85382"
"14444","94509"
"14445","77412"
"14446","94511"
"14447","59871"
"14448","15673"
"14449","31601"
"14450","88001"
"14451","72301"
"14452","80728"
"14453","91710"
"14454","91711"
"14455","75976"
"14456","71362"
"14457","77461"
"14458","77464"
"14459","77466"
"14460","93308"
"14461","77468"
"14462","84104"
"14463","90274"
"14464","89319"
"14465","75075"
"14466","94515"
"14467","94517"
"14468","75410"
"14469","75411"
"14470","94551"
"14471","34951"
"14472","94552"
"14473","73086"
"14474","70130"
"14475","84106"
"14476","97203"
"14477","77417"
"14478","77419"
"14479","94520"
"14480","80734"
"14481","70640"
"14482","33158"
"14483","85371"
"14484","94556"
"14485","77471"
"14486","77475"
"14487","73089"
"14488","80216"
"14489","73090"
"14490","97205"
"14491","94521"
"14492","94523"
"14493","32097"
"14494","94528"
"14495","94531"
"14496","70643"
"14497","70644"
"14498","77476"
"14499","94561"
"14500","77482"
"14501","73093"
"14502","84108"
"14503","80219"
"14504","50147"
"14505","77433"
"14506","94533"
"14507","94536"
"14508","77440"
"14509","75416"
"14510","70646"
"14511","85373"
"14512","72327"
"14513","77484"
"14514","77486"
"14515","31089"
"14516","70650"
"14517","73716"
"14518","80745"
"14519","75423"
"14520","80749"
"14521","91733"
"14522","77444"
"14523","94545"
"14524","77455"
"14525","72328"
"14526","33898"
"14527","72330"
"14528","94568"
"14529","94572"
"14530","94578"
"14531","94580"
"14532","77504"
"14533","77505"
"14534","80750"
"14535","72340"
"14536","72341"
"14537","62921"
"14538","77457"
"14539","94549"
"14540","84080"
"14541","89139"
"14542","88009"
"14543","75418"
"14544","77510"
"14545","94588"
"14546","94590"
"14547","94592"
"14548","62282"
"14549","88012"
"14550","73717"
"14551","84081"
"14552","89142"
"14553","80134"
"14554","89144"
"14555","80742"
"14556","75420"
"14557","75421"
"14558","85374"
"14559","16239"
"14560","71220"
"14561","94597"
"14562","77517"
"14563","77519"
"14564","94602"
"14565","73718"
"14566","97492"
"14567","72346"
"14568","97494"
"14569","73071"
"14570","87113"
"14571","42064"
"14572","89145"
"14573","80136"
"14574","80137"
"14575","80743"
"14576","72932"
"14577","81335"
"14578","74331"
"14579","77520"
"14580","94605"
"14581","94609"
"14582","02568"
"14583","94610"
"14584","74137"
"14585","71302"
"14586","74146"
"14587","92252"
"14588","97132"
"14589","97134"
"14590","71834"
"14591","71336"
"14592","72936"
"14593","21647"
"14594","94611"
"14595","77533"
"14596","94618"
"14597","94619"
"14598","71323"
"14599","92256"
"14600","71327"
"14601","71333"
"14602","84087"
"14603","75067"
"14604","04936"
"14605","89148"
"14606","87116"
"14607","72938"
"14608","74340"
"14609","92267"
"14610","90263"
"14611","97145"
"14612","87122"
"14613","97146"
"14614","84097"
"14615","01516"
"14616","86038"
"14617","92258"
"14618","72930"
"14619","77369"
"14620","94127"
"14621","97136"
"14622","97137"
"14623","75068"
"14624","81410"
"14625","72943"
"14626","48732"
"14627","73080"
"14628","87123"
"14629","94131"
"14630","77372"
"14631","77373"
"14632","94158"
"14633","80204"
"14634","84094"
"14635","86043"
"14636","72946"
"14637","59250"
"14638","71853"
"14639","85139"
"14640","94301"
"14641","77375"
"14642","94304"
"14643","89179"
"14644","85137"
"14645","80206"
"14646","92273"
"14647","72948"
"14648","59523"
"14649","71346"
"14650","73082"
"14651","84101"
"14652","84102"
"14653","73084"
"14654","95215"
"14655","95219"
"14656","95227"
"14657","74401"
"14658","81525"
"14659","38703"
"14660","92304"
"14661","73096"
"14662","87144"
"14663","70340"
"14664","90293"
"14665","70729"
"14666","76020"
"14667","71438"
"14668","95228"
"14669","95232"
"14670","43565"
"14671","63775"
"14672","80229"
"14673","80230"
"14674","73109"
"14675","76012"
"14676","74403"
"14677","73098"
"14678","84117"
"14679","70342"
"14680","70343"
"14681","71441"
"14682","63755"
"14683","76022"
"14684","80231"
"14685","70377"
"14686","90604"
"14687","92307"
"14688","76016"
"14689","71425"
"14690","89408"
"14691","90303"
"14692","85194"
"14693","04673"
"14694","80223"
"14695","97212"
"14696","76023"
"14697","86315"
"14698","92313"
"14699","75092"
"14700","89420"
"14701","70360"
"14702","81615"
"14703","71427"
"14704","02132"
"14705","70345"
"14706","73103"
"14707","73104"
"14708","90402"
"14709","75088"
"14710","80226"
"14711","92314"
"14712","74430"
"14713","85205"
"14714","73110"
"14715","88240"
"14716","84306"
"14717","97217"
"14718","80233"
"14719","74421"
"14720","94621"
"14721","94702"
"14722","94705"
"14723","70356"
"14724","76028"
"14725","71446"
"14726","49507"
"14727","70363"
"14728","85206"
"14729","84312"
"14730","94707"
"14731","94708"
"14732","94803"
"14733","94804"
"14734","94806"
"14735","84121"
"14736","80228"
"14737","64145"
"14738","84123"
"14739","73107"
"14740","81633"
"14741","92324"
"14742","73112"
"14743","87317"
"14744","84314"
"14745","94901"
"14746","94904"
"14747","94920"
"14748","97112"
"14749","94929"
"14750","75090"
"14751","70358"
"14752","73108"
"14753","85204"
"14754","76034"
"14755","74434"
"14756","71929"
"14757","80236"
"14758","84315"
"14759","08104"
"14760","94923"
"14761","94930"
"14762","94938"
"14763","80802"
"14764","80805"
"14765","73734"
"14766","72364"
"14767","71455"
"14768","92335"
"14769","74436"
"14770","29835"
"14771","70373"
"14772","71935"
"14773","97220"
"14774","94940"
"14775","77563"
"14776","94941"
"14777","91750"
"14778","75449"
"14779","76040"
"14780","76041"
"14781","43336"
"14782","10979"
"14783","92339"
"14784","92341"
"14785","71461"
"14786","86336"
"14787","81320"
"14788","72350"
"14789","72353"
"14790","94946"
"14791","94947"
"14792","72365"
"14793","02806"
"14794","80807"
"14795","74442"
"14796","77615"
"14797","73726"
"14798","72354"
"14799","72358"
"14800","91746"
"14801","73730"
"14802","94954"
"14803","77571"
"14804","79847"
"14805","94960"
"14806","70669"
"14807","72368"
"14808","75454"
"14809","73738"
"14810","77616"
"14811","77617"
"14812","77619"
"14813","77622"
"14814","91748"
"14815","84086"
"14816","80801"
"14817","73733"
"14818","74358"
"14819","74360"
"14820","81501"
"14821","76001"
"14822","94973"
"14823","77573"
"14824","95004"
"14825","77578"
"14826","28663"
"14827","70711"
"14828","70712"
"14829","85396"
"14830","72374"
"14831","95045"
"14832","95046"
"14833","95054"
"14834","95062"
"14835","74364"
"14836","76002"
"14837","45360"
"14838","74367"
"14839","95012"
"14840","95014"
"14841","80815"
"14842","70715"
"14843","91763"
"14844","95065"
"14845","95066"
"14846","95110"
"14847","95117"
"14848","05902"
"14849","77651"
"14850","76008"
"14851","71378"
"14852","95017"
"14853","95018"
"14854","77584"
"14855","72384"
"14856","73744"
"14857","73747"
"14858","95120"
"14859","27534"
"14860","95121"
"14861","95123"
"14862","71401"
"14863","74370"
"14864","95030"
"14865","95035"
"14866","77614"
"14867","97208"
"14868","75457"
"14869","85501"
"14870","26155"
"14871","73749"
"14872","91765"
"14873","77661"
"14874","95126"
"14875","95131"
"14876","77701"
"14877","95136"
"14878","95138"
"14879","76009"
"14880","71405"
"14881","15686"
"14882","71862"
"14883","71866"
"14884","72392"
"14885","80817"
"14886","72395"
"14887","88032"
"14888","95148"
"14889","77706"
"14890","77708"
"14891","77802"
"14892","44120"
"14893","98363"
"14894","95212"
"14895","95240"
"14896","77855"
"14897","90640"
"14898","80305"
"14899","71959"
"14900","74531"
"14901","74534"
"14902","70740"
"14903","80828"
"14904","36744"
"14905","91773"
"14906","73760"
"14907","95242"
"14908","95248"
"14909","84401"
"14910","73149"
"14911","97531"
"14912","86443"
"14913","74604"
"14914","73759"
"14915","36360"
"14916","91775"
"14917","70749"
"14918","91776"
"14919","88046"
"14920","95251"
"14921","77867"
"14922","95301"
"14923","95303"
"14924","72415"
"14925","70759"
"14926","36035"
"14927","72417"
"14928","74538"
"14929","86445"
"14930","72404"
"14931","70750"
"14932","72410"
"14933","95305"
"14934","95307"
"14935","77876"
"14936","95316"
"14937","53801"
"14938","97534"
"14939","72419"
"14940","80840"
"14941","72421"
"14942","74547"
"14943","74553"
"14944","73762"
"14945","80831"
"14946","70753"
"14947","95330"
"14948","99661"
"14949","95334"
"14950","75486"
"14951","92410"
"14952","74555"
"14953","74556"
"14954","88051"
"14955","80832"
"14956","95335"
"14957","77960"
"14958","77969"
"14959","99925"
"14960","97537"
"14961","72425"
"14962","74557"
"14963","74558"
"14964","70754"
"14965","80834"
"14966","71466"
"14967","71467"
"14968","77976"
"14969","95341"
"14970","99695"
"14971","95345"
"14972","88063"
"14973","88065"
"14974","91791"
"14975","74561"
"14976","76108"
"14977","86343"
"14978","92345"
"14979","71480"
"14980","95348"
"14981","85641"
"14982","95351"
"14983","77987"
"14984","77991"
"14985","97540"
"14986","80864"
"14987","91792"
"14988","74567"
"14989","76110"
"14990","76111"
"14991","74450"
"14992","85648"
"14993","76051"
"14994","74454"
"14995","81656"
"14996","89431"
"14997","90606"
"14998","84324"
"14999","84325"
"15000","80902"
"15001","75492"
"15002","74576"
"15003","43403"
"15004","85262"
"15005","74577"
"15006","92508"
"15007","74458"
"15008","74459"
"15009","76055"
"15010","92358"
"15011","76061"
"15012","84326"
"15013","71949"
"15014","90620"
"15015","86052"
"15016","97543"
"15017","91803"
"15018","70767"
"15019","80903"
"15020","74601"
"15021","92530"
"15022","86404"
"15023","92368"
"15024","71952"
"15025","73120"
"15026","85324"
"15027","84331"
"15028","90623"
"15029","73122"
"15030","72436"
"15031","70769"
"15032","73117"
"15033","71944"
"15034","76065"
"15035","76066"
"15036","76071"
"15037","85931"
"15038","73128"
"15039","85213"
"15040","70397"
"15041","89440"
"15042","72437"
"15043","85601"
"15044","80246"
"15045","73118"
"15046","88033"
"15047","70730"
"15048","72687"
"15049","76073"
"15050","74471"
"15051","89441"
"15052","84338"
"15053","84339"
"15054","73131"
"15055","70770"
"15056","73754"
"15057","80822"
"15058","70734"
"15059","72855"
"15060","73755"
"15061","91768"
"15062","86426"
"15063","76082"
"15064","92377"
"15065","71956"
"15066","73801"
"15067","70774"
"15068","73756"
"15069","75469"
"15070","71670"
"15071","75470"
"15072","76084"
"15073","92384"
"15074","76085"
"15075","75110"
"15076","80303"
"15077","91906"
"15078","72444"
"15079","86437"
"15080","75471"
"15081","72428"
"15082","88043"
"15083","92389"
"15084","86433"
"15085","95236"
"15086","95237"
"15087","97231"
"15088","92394"
"15089","76092"
"15090","92395"
"15091","92397"
"15092","71671"
"15093","92398"
"15094","86441"
"15095","73434"
"15096","85255"
"15097","90723"
"15098","72017"
"15099","78021"
"15100","95386"
"15101","70433"
"15102","89502"
"15103","96067"
"15104","75126"
"15105","90710"
"15106","92590"
"15107","76205"
"15108","92591"
"15109","74733"
"15110","97321"
"15111","80444"
"15112","89511"
"15113","85259"
"15114","15055"
"15115","95841"
"15116","95388"
"15117","78023"
"15118","87402"
"15119","89503"
"15120","72011"
"15121","74736"
"15122","92596"
"15123","90740"
"15124","97702"
"15125","70816"
"15126","95607"
"15127","78025"
"15128","95401"
"15129","75135"
"15130","88114"
"15131","88115"
"15132","74738"
"15133","74741"
"15134","92606"
"15135","92617"
"15136","97324"
"15137","95451"
"15138","85260"
"15139","89519"
"15140","70447"
"15141","97325"
"15142","78027"
"15143","95407"
"15144","73835"
"15145","70782"
"15146","73841"
"15147","76228"
"15148","90815"
"15149","92618"
"15150","92624"
"15151","74755"
"15152","72022"
"15153","73859"
"15154","75565"
"15155","88132"
"15156","95412"
"15157","91911"
"15158","70785"
"15159","94933"
"15160","70787"
"15161","70788"
"15162","74760"
"15163","92626"
"15164","95456"
"15165","95463"
"15166","85619"
"15167","73860"
"15168","91950"
"15169","95415"
"15170","90002"
"15171","95420"
"15172","78041"
"15173","78056"
"15174","70789"
"15175","80907"
"15176","91916"
"15177","95464"
"15178","95465"
"15179","95471"
"15180","72472"
"15181","91204"
"15182","85621"
"15183","91977"
"15184","95422"
"15185","95426"
"15186","75503"
"15187","80908"
"15188","78075"
"15189","78101"
"15190","78104"
"15191","75571"
"15192","93453"
"15193","85622"
"15194","92003"
"15195","95436"
"15196","78057"
"15197","88121"
"15198","88124"
"15199","70802"
"15200","78107"
"15201","78108"
"15202","70812"
"15203","95485"
"15204","70814"
"15205","92007"
"15206","72482"
"15207","80918"
"15208","95450"
"15209","95452"
"15210","73150"
"15211","72456"
"15212","80909"
"15213","72458"
"15214","95494"
"15215","78109"
"15216","95501"
"15217","95524"
"15218","78125"
"15219","71941"
"15220","92532"
"15221","70426"
"15222","84403"
"15223","91941"
"15224","73853"
"15225","02838"
"15226","80401"
"15227","91942"
"15228","78132"
"15229","95547"
"15230","92536"
"15231","74631"
"15232","87347"
"15233","97239"
"15234","97266"
"15235","73160"
"15236","72461"
"15237","80203"
"15238","97633"
"15239","91945"
"15240","78140"
"15241","78150"
"15242","78154"
"15243","95564"
"15244","78155"
"15245","74633"
"15246","92545"
"15247","95355"
"15248","81039"
"15249","80420"
"15250","91948"
"15251","85615"
"15252","95565"
"15253","95570"
"15254","90713"
"15255","95356"
"15256","78004"
"15257","78005"
"15258","97267"
"15259","80442"
"15260","72001"
"15261","72003"
"15262","73858"
"15263","74643"
"15264","92549"
"15265","90715"
"15266","73401"
"15267","78009"
"15268","95366"
"15269","78012"
"15270","81223"
"15271","75124"
"15272","90680"
"15273","97301"
"15274","74644"
"15275","74647"
"15276","74651"
"15277","84516"
"15278","72013"
"15279","84518"
"15280","95374"
"15281","81637"
"15282","95375"
"15283","95376"
"15284","89460"
"15285","84414"
"15286","92561"
"15287","76134"
"15288","76135"
"15289","80438"
"15290","84520"
"15291","95377"
"15292","06422"
"15293","95380"
"15294","85250"
"15295","80425"
"15296","92582"
"15297","92583"
"15298","92584"
"15299","92586"
"15300","92587"
"15301","84523"
"15302","89508"
"15303","80459"
"15304","99004"
"15305","99005"
"15306","72529"
"15307","71021"
"15308","85635"
"15309","71023"
"15310","99040"
"15311","99101"
"15312","92648"
"15313","76249"
"15314","06059"
"15315","76252"
"15316","99008"
"15317","73448"
"15318","85637"
"15319","73946"
"15320","99103"
"15321","97351"
"15322","74826"
"15323","74827"
"15324","76259"
"15325","32908"
"15326","74832"
"15327","92662"
"15328","89521"
"15329","75638"
"15330","72536"
"15331","99105"
"15332","99116"
"15333","74833"
"15334","76262"
"15335","74837"
"15336","29038"
"15337","32465"
"15338","92663"
"15339","74842"
"15340","73449"
"15341","70448"
"15342","72537"
"15343","92026"
"15344","75641"
"15345","99121"
"15346","99123"
"15347","92672"
"15348","06710"
"15349","92673"
"15350","76271"
"15351","73450"
"15352","75643"
"15353","73951"
"15354","74001"
"15355","72544"
"15356","72553"
"15357","99126"
"15358","99130"
"15359","32110"
"15360","92676"
"15361","92679"
"15362","75148"
"15363","80451"
"15364","85266"
"15365","74002"
"15366","92708"
"15367","99131"
"15368","99148"
"15369","99154"
"15370","34202"
"15371","74851"
"15372","76302"
"15373","92683"
"15374","74856"
"15375","72025"
"15376","72026"
"15377","73458"
"15378","76367"
"15379","74878"
"15380","99157"
"15381","32330"
"15382","92688"
"15383","76309"
"15384","92694"
"15385","97330"
"15386","72027"
"15387","73459"
"15388","74880"
"15389","92801"
"15390","76377"
"15391","99173"
"15392","33460"
"15393","99201"
"15394","99202"
"15395","99203"
"15396","74867"
"15397","76363"
"15398","72029"
"15399","80455"
"15400","76379"
"15401","74901"
"15402","74931"
"15403","30179"
"15404","92805"
"15405","92806"
"15406","74939"
"15407","99206"
"15408","99216"
"15409","99218"
"15410","99324"
"15411","92705"
"15412","98813"
"15413","83852"
"15414","30533"
"15415","89703"
"15416","84539"
"15417","85281"
"15418","92821"
"15419","92823"
"15420","74944"
"15421","92831"
"15422","74945"
"15423","92841"
"15424","92844"
"15425","30223"
"15426","99330"
"15427","99336"
"15428","98817"
"15429","98821"
"15430","83854"
"15431","98828"
"15432","84542"
"15433","73461"
"15434","92860"
"15435","92865"
"15436","30296"
"15437","92867"
"15438","92010"
"15439","85630"
"15440","83868"
"15441","83876"
"15442","99128"
"15443","89705"
"15444","73481"
"15445","84601"
"15446","73491"
"15447","29910"
"15448","30726"
"15449","74959"
"15450","92869"
"15451","76435"
"15452","85632"
"15453","92019"
"15454","98846"
"15455","98848"
"15456","75152"
"15457","97344"
"15458","85283"
"15459","96727"
"15460","92880"
"15461","74963"
"15462","85633"
"15463","71003"
"15464","98851"
"15465","98923"
"15466","98929"
"15467","98930"
"15468","97348"
"15469","97730"
"15470","83537"
"15471","92021"
"15472","76443"
"15473","74965"
"15474","71004"
"15475","72517"
"15476","76238"
"15477","98932"
"15478","98933"
"15479","72523"
"15480","80925"
"15481","96786"
"15482","72527"
"15483","80927"
"15484","92886"
"15485","99012"
"15486","99017"
"15487","92637"
"15488","74804"
"15489","76245"
"15490","98942"
"15491","98951"
"15492","96708"
"15493","80928"
"15494","92024"
"15495","80951"
"15496","99018"
"15497","99026"
"15498","99027"
"15499","99034"
"15500","71079"
"15501","74020"
"15502","92083"
"15503","96859"
"15504","70501"
"15505","75161"
"15506","92029"
"15507","93111"
"15508","76522"
"15509","76524"
"15510","97366"
"15511","85301"
"15512","87507"
"15513","75164"
"15514","62966"
"15515","74021"
"15516","88260"
"15517","88262"
"15518","81006"
"15519","92037"
"15520","93204"
"15521","76530"
"15522","91007"
"15523","84636"
"15524","72060"
"15525","60457"
"15526","70503"
"15527","97370"
"15528","76569"
"15529","76570"
"15530","71046"
"15531","72564"
"15532","71048"
"15533","76542"
"15534","93215"
"15535","84638"
"15536","61857"
"15537","93242"
"15538","93243"
"15539","81007"
"15540","85653"
"15541","72571"
"15542","93222"
"15543","93224"
"15544","89828"
"15545","97371"
"15546","93245"
"15547","62085"
"15548","93247"
"15549","72572"
"15550","72573"
"15551","72577"
"15552","76549"
"15553","76557"
"15554","70506"
"15555","80498"
"15556","85305"
"15557","72068"
"15558","69026"
"15559","29101"
"15560","61103"
"15561","75165"
"15562","76622"
"15563","76626"
"15564","76627"
"15565","85658"
"15566","72578"
"15567","85701"
"15568","81021"
"15569","93230"
"15570","76565"
"15571","60534"
"15572","99338"
"15573","87514"
"15574","72072"
"15575","76640"
"15576","76641"
"15577","93263"
"15578","72583"
"15579","92056"
"15580","92057"
"15581","99344"
"15582","47969"
"15583","99345"
"15584","99352"
"15585","87517"
"15586","73526"
"15587","91040"
"15588","76648"
"15589","76649"
"15590","81029"
"15591","92058"
"15592","92059"
"15593","46076"
"15594","99356"
"15595","99357"
"15596","72074"
"15597","73528"
"15598","80503"
"15599","76630"
"15600","76631"
"15601","76633"
"15602","76636"
"15603","72611"
"15604","46404"
"15605","92064"
"15606","74014"
"15607","99361"
"15608","99403"
"15609","85710"
"15610","72624"
"15611","92009"
"15612","75155"
"15613","84620"
"15614","72038"
"15615","46986"
"15616","71060"
"15617","76452"
"15618","73949"
"15619","89061"
"15620","80002"
"15621","71061"
"15622","72626"
"15623","74015"
"15624","84622"
"15625","80469"
"15626","50046"
"15627","85295"
"15628","76455"
"15629","93021"
"15630","73003"
"15631","89002"
"15632","84002"
"15633","80003"
"15634","97005"
"15635","85711"
"15636","88242"
"15637","51440"
"15638","97818"
"15639","70461"
"15640","80471"
"15641","70464"
"15642","70465"
"15643","76464"
"15644","76469"
"15645","93030"
"15646","73005"
"15647","90004"
"15648","50052"
"15649","97819"
"15650","72631"
"15651","87505"
"15652","85296"
"15653","84627"
"15654","76472"
"15655","76476"
"15656","76481"
"15657","80005"
"15658","75006"
"15659","66214"
"15660","84004"
"15661","71067"
"15662","81047"
"15663","97360"
"15664","72044"
"15665","76486"
"15666","76501"
"15667","93067"
"15668","87004"
"15669","85012"
"15670","57243"
"15671","66522"
"15672","87005"
"15673","72633"
"15674","88252"
"15675","92071"
"15676","70471"
"15677","72046"
"15678","76502"
"15679","93066"
"15680","97009"
"15681","84007"
"15682","66221"
"15683","88255"
"15684","85714"
"15685","85715"
"15686","71073"
"15687","72051"
"15688","84632"
"15689","80483"
"15690","76504"
"15691","76511"
"15692","93108"
"15693","40371"
"15694","73009"
"15695","87006"
"15696","87007"
"15697","92078"
"15698","71075"
"15699","92081"
"15700","97392"
"15701","72088"
"15702","93311"
"15703","76827"
"15704","40004"
"15705","85032"
"15706","75032"
"15707","70067"
"15708","80011"
"15709","70036"
"15710","73010"
"15711","84655"
"15712","80513"
"15713","80514"
"15714","91205"
"15715","42345"
"15716","76828"
"15717","76832"
"15718","93402"
"15719","87540"
"15720","97408"
"15721","75010"
"15722","90015"
"15723","70523"
"15724","75205"
"15725","72651"
"15726","40013"
"15727","85730"
"15728","81058"
"15729","76842"
"15730","76845"
"15731","76848"
"15732","84662"
"15733","73538"
"15734","75207"
"15735","85016"
"15736","89015"
"15737","42320"
"15738","70037"
"15739","97018"
"15740","85735"
"15741","92091"
"15742","71104"
"15743","81062"
"15744","76852"
"15745","76854"
"15746","87548"
"15747","91302"
"15748","41776"
"15749","97403"
"15750","89018"
"15751","84015"
"15752","97019"
"15753","70039"
"15754","85736"
"15755","81064"
"15756","76859"
"15757","93442"
"15758","76865"
"15759","67036"
"15760","76877"
"15761","87549"
"15762","70531"
"15763","75208"
"15764","73013"
"15765","73014"
"15766","89020"
"15767","89026"
"15768","88267"
"15769","74027"
"15770","40324"
"15771","76869"
"15772","70532"
"15773","72107"
"15774","87553"
"15775","73015"
"15776","89027"
"15777","97839"
"15778","97841"
"15779","93444"
"15780","76884"
"15781","29445"
"15782","40339"
"15783","72108"
"15784","91306"
"15785","70534"
"15786","84710"
"15787","97027"
"15788","84020"
"15789","97028"
"15790","90022"
"15791","72658"
"15792","72660"
"15793","70535"
"15794","76887"
"15795","93455"
"15796","72110"
"15797","72111"
"15798","87014"
"15799","97843"
"15800","81071"
"15801","93460"
"15802","85331"
"15803","73546"
"15804","71112"
"15805","91320"
"15806","73017"
"15807","97030"
"15808","87521"
"15809","85310"
"15810","72668"
"15811","75705"
"15812","72672"
"15813","93463"
"15814","93512"
"15815","70815"
"15816","84022"
"15817","73548"
"15818","73549"
"15819","97383"
"15820","72080"
"15821","85743"
"15822","81073"
"15823","72675"
"15824","81077"
"15825","87015"
"15826","71473"
"15827","89031"
"15828","70053"
"15829","93272"
"15830","76657"
"15831","76670"
"15832","93277"
"15833","87525"
"15834","73529"
"15835","72677"
"15836","72680"
"15837","71234"
"15838","72682"
"15839","72683"
"15840","97032"
"15841","89032"
"15842","84025"
"15843","80019"
"15844","93280"
"15845","76682"
"15846","76685"
"15847","72081"
"15848","71268"
"15849","75181"
"15850","75709"
"15851","85746"
"15852","92106"
"15853","92107"
"15854","84028"
"15855","87018"
"15856","76686"
"15857","76690"
"15858","93291"
"15859","21251"
"15860","71603"
"15861","70512"
"15862","97388"
"15863","73532"
"15864","92108"
"15865","76706"
"15866","76707"
"15867","73018"
"15868","97035"
"15869","75024"
"15870","21866"
"15871","93292"
"15872","76692"
"15873","70516"
"15874","80510"
"15875","87529"
"15876","76708"
"15877","93307"
"15878","80020"
"15879","73021"
"15880","73024"
"15881","20868"
"15882","87021"
"15883","75025"
"15884","97013"
"15885","71630"
"15886","85014"
"15887","70030"
"15888","72086"
"15889","76712"
"15890","76802"
"15891","97040"
"15892","37377"
"15893","04489"
"15894","71659"
"15895","70062"
"15896","71663"
"15897","32040"
"15898","45053"
"15899","33884"
"15900","06021"
"15901","81101"
"15902","92114"
"15903","97875"
"15904","04051"
"15905","68641"
"15906","68713"
"15907","27042"
"15908","10548"
"15909","93440"
"15910","54758"
"15911","04624"
"15912","62006"
"15913","67018"
"15914","41231"
"15915","01702"
"15916","81121"
"15917","97876"
"15918","28160"
"15919","14740"
"15920","28646"
"15921","53021"
"15922","05673"
"15923","26321"
"15924","58251"
"15925","16412"
"15926","01840"
"15927","88345"
"15928","92115"
"15929","88346"
"15930","12136"
"15931","28344"
"15932","27505"
"15933","53560"
"15934","54962"
"15935","53936"
"15936","45365"
"15937","49753"
"15938","44688"
"15939","43107"
"15940","45220"
"15941","88347"
"15942","88348"
"15943","27857"
"15944","28318"
"15945","06069"
"15946","10594"
"15947","13774"
"15948","48064"
"15949","68372"
"15950","83126"
"15951","58853"
"15952","43074"
"15953","10038"
"15954","14737"
"15955","88349"
"15956","72714"
"15957","28395"
"15958","58773"
"15959","49289"
"15960","53034"
"15961","50050"
"15962","01603"
"15963","15352"
"15964","13808"
"15965","14822"
"15966","12874"
"15967","73540"
"15968","85925"
"15969","93514"
"15970","48243"
"15971","93516"
"15972","76949"
"15973","93522"
"15974","44273"
"15975","58068"
"15976","58062"
"15977","58027"
"15978","55613"
"15979","53969"
"15980","68743"
"15981","48551"
"15982","74044"
"15983","73505"
"15984","43953"
"15985","93523"
"15986","93528"
"15987","93531"
"15988","76955"
"15989","58495"
"15990","79606"
"15991","79701"
"15992","48035"
"15993","79705"
"15994","79706"
"15995","74574"
"15996","73568"
"15997","73736"
"15998","45654"
"15999","97338"
"16000","77002"
"16001","93534"
"16002","77004"
"16003","37324"
"16004","48072"
"16005","93535"
"16006","77011"
"16007","79730"
"16008","79739"
"16009","73547"
"16010","05737"
"16011","74528"
"16012","97389"
"16013","97125"
"16014","16328"
"16015","55432"
"16016","77013"
"16017","77014"
"16018","77017"
"16019","77018"
"16020","77020"
"16021","77022"
"16022","79742"
"16023","74441"
"16024","71640"
"16025","93270"
"16026","55607"
"16027","84718"
"16028","72113"
"16029","70541"
"16030","93563"
"16031","77025"
"16032","93591"
"16033","77027"
"16034","79745"
"16035","79749"
"16036","72538"
"16037","56474"
"16038","95519"
"16039","93433"
"16040","33534"
"16041","32904"
"16042","91325"
"16043","84719"
"16044","80526"
"16045","93601"
"16046","77029"
"16047","93611"
"16048","56020"
"16049","79754"
"16050","95551"
"16051","99558"
"16052","58733"
"16053","07088"
"16054","03046"
"16055","36859"
"16056","39061"
"16057","20612"
"16058","73552"
"16059","55402"
"16060","88316"
"16061","85750"
"16062","74037"
"16063","74039"
"16064","93612"
"16065","77034"
"16066","77036"
"16067","77038"
"16068","77039"
"16069","79756"
"16070","55744"
"16071","79761"
"16072","79764"
"16073","67744"
"16074","20662"
"16075","25865"
"16076","85756"
"16077","74042"
"16078","88324"
"16079","07751"
"16080","07419"
"16081","55121"
"16082","08029"
"16083","07657"
"16084","07503"
"16085","13639"
"16086","12132"
"16087","79765"
"16088","79780"
"16089","79785"
"16090","12139"
"16091","02833"
"16092","55950"
"16093","15206"
"16094","05829"
"16095","72703"
"16096","88337"
"16097","81092"
"16098","13811"
"16099","12518"
"16100","12524"
"16101","11749"
"16102","79849"
"16103","56593"
"16104","79853"
"16105","79901"
"16106","79902"
"16107","79907"
"16108","79912"
"16109","79932"
"16110","57039"
"16111","15034"
"16112","35973"
"16113","92111"
"16114","37326"
"16115","38781"
"16116","71118"
"16117","74045"
"16118","11559"
"16119","13746"
"16120","12041"
"16121","79935"
"16122","79942"
"16123","72320"
"16124","06854"
"16125","06831"
"16126","38829"
"16127","06870"
"16128","72704"
"16129","71129"
"16130","59631"
"16131","64720"
"16132","23091"
"16133","53149"
"16134","85535"
"16135","06757"
"16136","32648"
"16137","39476"
"16138","49664"
"16139","55931"
"16140","01020"
"16141","03598"
"16142","58746"
"16143","43412"
"16144","23021"
"16145","44730"
"16146","45120"
"16147","43446"
"16148","65646"
"16149","54082"
"16150","20024"
"16151","94801"
"16152","62950"
"16153","48427"
"16154","38928"
"16155","10977"
"16156","45882"
"16157","43623"
"16158","54234"
"16159","65058"
"16160","26062"
"16161","18435"
"16162","26105"
"16163","85142"
"16164","85741"
"16165","93420"
"16166","97635"
"16167","30055"
"16168","17325"
"16169","44054"
"16170","63456"
"16171","14825"
"16172","15312"
"16173","98257"
"16174","26038"
"16175","26036"
"16176","36856"
"16177","36107"
"16178","85367"
"16179","83869"
"16180","34655"
"16181","65468"
"16182","32778"
"16183","14770"
"16184","02864"
"16185","02837"
"16186","79230"
"16187","21160"
"16188","04570"
"16189","74932"
"16190","18930"
"16191","36260"
"16192","64874"
"16193","71950"
"16194","72039"
"16195","06084"
"16196","04537"
"16197","42049"
"16198","47524"
"16199","04001"
"16200","55951"
"16201","35404"
"16202","36786"
"16203","64420"
"16204","94587"
"16205","92374"
"16206","92342"
"16207","02739"
"16208","01826"
"16209","21666"
"16210","21619"
"16211","39530"
"16212","40862"
"16213","02675"
"16214","03038"
"16215","21132"
"16216","35406"
"16217","28079"
"16218","28581"
"16219","98368"
"16220","41548"
"16221","49707"
"16222","38834"
"16223","55807"
"16224","11935"
"16225","38329"
"16226","03044"
"16227","36553"
"16228","35222"
"16229","58367"
"16230","05101"
"16231","28806"
"16232","48701"
"16233","21531"
"16234","01950"
"16235","88045"
"16236","08038"
"16237","03855"
"16238","49858"
"16239","01922"
"16240","55056"
"16241","35987"
"16242","36351"
"16243","99767"
"16244","16927"
"16245","15310"
"16246","15824"
"16247","49030"
"16248","03226"
"16249","49249"
"16250","48302"
"16251","68774"
"16252","28684"
"16253","55922"
"16254","08618"
"16255","36444"
"16256","85248"
"16257","85307"
"16258","85201"
"16259","07663"
"16260","16424"
"16261","18302"
"16262","28520"
"16263","19966"
"16264","62201"
"16265","33426"
"16266","47715"
"16267","06058"
"16268","68133"
"16269","43952"
"16270","69152"
"16271","10988"
"16272","08020"
"16273","85387"
"16274","72534"
"16275","36117"
"16276","35172"
"16277","99518"
"16278","04658"
"16279","61060"
"16280","87052"
"16281","89138"
"16282","08050"
"16283","12944"
"16284","71601"
"16285","85208"
"16286","85609"
"16287","16319"
"16288","15019"
"16289","15131"
"16290","47240"
"16291","50008"
"16292","07023"
"16293","37650"
"16294","14485"
"16295","85912"
"16296","74022"
"16297","43445"
"16298","18901"
"16299","18088"
"16300","17057"
"16301","39886"
"16302","70068"
"16303","08049"
"16304","04556"
"16305","12514"
"16306","58265"
"16307","98569"
"16308","28721"
"16309","53202"
"16310","08867"
"16311","11560"
"16312","17801"
"16313","16692"
"16314","87742"
"16315","44905"
"16316","47531"
"16317","04541"
"16318","42053"
"16319","18058"
"16320","97011"
"16321","98104"
"16322","16701"
"16323","08816"
"16324","44681"
"16325","07069"
"16326","70577"
"16327","04648"
"16328","01257"
"16329","63461"
"16330","16826"
"16331","36695"
"16332","89825"
"16333","28556"
"16334","72661"
"16335","90732"
"16336","37201"
"16337","29446"
"16338","93428"
"16339","06840"
"16340","04652"
"16341","04575"
"16342","21903"
"16343","04642"
"16344","43143"
"16345","37311"
"16346","98624"
"16347","66720"
"16348","88318"
"16349","66097"
"16350","66032"
"16351","71752"
"16352","90720"
"16353","94510"
"16354","92703"
"16355","79545"
"16356","78949"
"16357","91607"
"16358","31015"
"16359","88354"
"16360","30033"
"16361","96825"
"16362","67671"
"16363","42029"
"16364","95626"
"16365","90020"
"16366","93205"
"16367","95645"
"16368","92539"
"16369","90602"
"16370","11429"
"16371","83866"
"16372","61721"
"16373","66509"
"16374","23839"
"16375","20121"
"16376","95686"
"16377","80018"
"16378","80917"
"16379","06450"
"16380","06088"
"16381","11797"
"16382","90660"
"16383","96049"
"16384","91030"
"16385","80022"
"16386","61822"
"16387","62065"
"16388","40121"
"16389","41762"
"16390","40142"
"16391","42350"
"16392","10279"
"16393","33411"
"16394","33870"
"16395","06907"
"16396","80237"
"16397","96128"
"16398","06470"
"16399","06249"
"16400","80205"
"16401","32970"
"16402","61081"
"16403","13696"
"16404","60559"
"16405","61777"
"16406","76388"
"16407","79013"
"16408","77087"
"16409","79561"
"16410","77536"
"16411","33513"
"16412","34769"
"16413","34956"
"16414","13860"
"16415","34653"
"16416","06755"
"16417","06120"
"16418","33326"
"16419","33618"
"16420","47172"
"16421","46180"
"16422","46539"
"16423","75477"
"16424","79936"
"16425","12827"
"16426","79719"
"16427","77454"
"16428","34135"
"16429","30032"
"16430","30011"
"16431","30564"
"16432","30510"
"16433","46124"
"16434","47011"
"16435","47273"
"16436","59602"
"16437","78953"
"16438","37336"
"16439","43311"
"16440","44842"
"16441","39840"
"16442","31624"
"16443","47032"
"16444","52301"
"16445","52314"
"16446","37181"
"16447","38452"
"16448","59821"
"16449","76132"
"16450","38487"
"16451","29420"
"16452","29657"
"16453","30420"
"16454","30076"
"16455","96770"
"16456","52050"
"16457","51638"
"16458","50837"
"16459","59337"
"16460","52769"
"16461","22901"
"16462","05676"
"16463","16426"
"16464","29626"
"16465","02879"
"16466","60041"
"16467","62312"
"16468","52203"
"16469","51450"
"16470","59864"
"16471","18612"
"16472","72947"
"16473","29330"
"16474","29829"
"16475","57370"
"16476","61231"
"16477","60089"
"16478","31757"
"16479","31606"
"16480","83548"
"16481","59027"
"16482","94505"
"16483","93906"
"16484","95640"
"16485","29680"
"16486","57349"
"16487","57238"
"16488","83245"
"16489","62988"
"16490","62967"
"16491","96774"
"16492","59937"
"16493","61011"
"16494","60515"
"16495","61749"
"16496","72326"
"16497","95073"
"16498","90621"
"16499","95336"
"16500","29054"
"16501","29686"
"16502","62691"
"16503","68861"
"16504","61501"
"16505","61882"
"16506","46040"
"16507","62638"
"16508","87048"
"16509","61447"
"16510","62808"
"16511","95920"
"16512","90605"
"16513","92268"
"16514","59918"
"16515","80031"
"16516","57362"
"16517","37013"
"16518","37387"
"16519","46241"
"16520","06786"
"16521","06117"
"16522","06353"
"16523","80107"
"16524","20002"
"16525","68458"
"16526","46710"
"16527","60968"
"16528","46032"
"16529","47102"
"16530","35207"
"16531","18461"
"16532","16428"
"16533","35061"
"16534","99765"
"16535","16650"
"16536","27577"
"16537","75243"
"16538","78258"
"16539","77429"
"16540","06065"
"16541","33165"
"16542","32708"
"16543","34491"
"16544","46001"
"16545","46150"
"16546","47452"
"16547","27524"
"16548","50237"
"16549","86335"
"16550","85631"
"16551","86351"
"16552","75702"
"16553","76247"
"16554","75407"
"16555","77470"
"16556","32448"
"16557","30336"
"16558","19550"
"16559","28752"
"16560","50677"
"16561","52068"
"16562","50647"
"16563","99575"
"16564","93286"
"16565","75789"
"16566","76905"
"16567","30425"
"16568","30054"
"16569","50234"
"16570","28645"
"16571","50112"
"16572","50130"
"16573","52202"
"16574","67112"
"16575","42054"
"16576","40510"
"16577","70058"
"16578","70466"
"16579","55374"
"16580","55910"
"16581","27856"
"16582","65721"
"16583","08003"
"16584","07446"
"16585","03230"
"16586","24836"
"16587","25143"
"16588","70525"
"16589","04345"
"16590","04259"
"16591","49410"
"16592","28681"
"16593","55390"
"16594","56090"
"16595","03849"
"16596","88352"
"16597","07102"
"16598","07514"
"16599","26691"
"16600","26202"
"16601","25025"
"16602","46056"
"16603","12720"
"16604","21830"
"16605","20759"
"16606","04938"
"16607","55746"
"16608","55027"
"16609","63021"
"16610","03844"
"16611","03237"
"16612","03440"
"16613","08536"
"16614","28328"
"16615","14215"
"16616","46516"
"16617","47884"
"16618","46913"
"16619","50134"
"16620","50151"
"16621","04237"
"16622","20737"
"16623","01940"
"16624","21539"
"16625","28018"
"16626","48440"
"16627","65351"
"16628","63966"
"16629","10922"
"16630","13441"
"16631","14544"
"16632","11946"
"16633","50249"
"16634","52746"
"16635","51652"
"16636","44672"
"16637","51038"
"16638","49668"
"16639","49047"
"16640","64843"
"16641","03857"
"16642","03110"
"16643","68652"
"16644","14171"
"16645","14807"
"16646","14101"
"16647","43793"
"16648","51237"
"16649","66046"
"16650","67443"
"16651","67107"
"16652","48889"
"16653","49342"
"16654","49651"
"16655","03235"
"16656","03031"
"16657","84060"
"16658","43927"
"16659","05442"
"16660","84656"
"16661","59015"
"16662","63825"
"16663","12077"
"16664","64146"
"16665","41015"
"16666","42303"
"16667","55092"
"16668","55372"
"16669","59544"
"16670","16422"
"16671","43109"
"16672","56054"
"16673","84309"
"16674","53018"
"16675","24086"
"16676","54302"
"16677","64050"
"16678","65652"
"16679","65727"
"16680","66526"
"16681","67154"
"16682","58705"
"16683","41540"
"16684","49618"
"16685","56473"
"16686","98116"
"16687","23442"
"16688","53045"
"16689","53586"
"16690","65440"
"16691","63350"
"16692","03082"
"16693","10472"
"16694","40316"
"16695","40063"
"16696","70777"
"16697","56062"
"16698","56155"
"16699","38866"
"16700","54159"
"16701","54482"
"16702","54964"
"16703","69361"
"16704","12911"
"16705","08061"
"16706","07624"
"16707","71111"
"16708","70747"
"16709","04274"
"16710","56572"
"16711","70818"
"16712","70630"
"16713","36916"
"16714","31712"
"16715","12929"
"16716","22731"
"16717","05071"
"16718","36313"
"16719","68859"
"16720","03225"
"16721","68512"
"16722","70543"
"16723","21237"
"16724","71029"
"16725","21804"
"16726","74766"
"16727","22952"
"16728","54459"
"16729","54462"
"16730","23120"
"16731","23885"
"16732","05753"
"16733","04779"
"16734","04783"
"16735","01366"
"16736","02122"
"16737","74339"
"16738","20879"
"16739","04030"
"16740","21677"
"16741","54407"
"16742","62932"
"16743","63662"
"16744","13145"
"16745","44418"
"16746","98661"
"16747","98406"
"16748","73012"
"16749","98258"
"16750","99179"
"16751","21114"
"16752","48189"
"16753","48837"
"16754","49250"
"16755","04733"
"16756","04492"
"16757","02460"
"16758","20877"
"16759","74438"
"16760","12454"
"16761","56101"
"16762","56226"
"16763","48414"
"16764","55420"
"16765","98589"
"16766","99003"
"16767","48612"
"16768","49622"
"16769","49819"
"16770","97123"
"16771","56303"
"16772","21034"
"16773","20817"
"16774","48836"
"16775","55362"
"16776","55060"
"16777","38753"
"16778","23830"
"16779","22438"
"16780","67849"
"16781","15334"
"16782","97470"
"16783","66512"
"16784","67444"
"16785","48158"
"16786","48097"
"16787","49067"
"16788","38871"
"16789","38774"
"16790","63438"
"16791","25632"
"16792","26386"
"16793","97737"
"16794","67346"
"16795","66554"
"16796","55302"
"16797","55016"
"16798","55007"
"16799","63023"
"16800","64784"
"16801","17981"
"16802","16033"
"16803","45326"
"16804","97825"
"16805","28781"
"16806","58260"
"16807","58480"
"16808","86436"
"16809","35745"
"16810","71861"
"16811","29210"
"16812","02832"
"16813","17339"
"16814","43764"
"16815","97868"
"16816","02857"
"16817","02907"
"16818","58374"
"16819","89317"
"16820","72916"
"16821","35950"
"16822","95758"
"16823","57471"
"16824","43943"
"16825","58327"
"16826","97761"
"16827","12849"
"16828","16744"
"16829","33440"
"16830","51106"
"16831","07460"
"16832","03224"
"16833","88103"
"16834","88026"
"16835","12027"
"16836","93430"
"16837","15038"
"16838","94949"
"16839","85745"
"16840","12737"
"16841","13342"
"16842","13489"
"16843","16939"
"16844","29692"
"16845","57433"
"16846","57235"
"16847","10578"
"16848","15658"
"16849","12148"
"16850","12522"
"16851","10501"
"16852","68157"
"16853","94972"
"16854","33876"
"16855","32350"
"16856","45885"
"16857","45356"
"16858","74041"
"16859","18371"
"16860","74636"
"16861","38379"
"16862","37888"
"16863","68928"
"16864","59243"
"16865","68406"
"16866","12420"
"16867","28436"
"16868","30240"
"16869","27828"
"16870","16365"
"16871","73062"
"16872","17762"
"16873","17013"
"16874","15681"
"16875","16728"
"16876","75791"
"16877","14082"
"16878","28206"
"16879","12981"
"16880","27260"
"16881","15676"
"16882","27407"
"16883","12969"
"16884","17959"
"16885","19605"
"16886","15210"
"16887","18823"
"16888","76086"
"16889","78130"
"16890","76210"
"16891","28216"
"16892","15623"
"16893","16236"
"16894","58572"
"16895","43511"
"16896","44141"
"16897","10532"
"16898","13680"
"16899","28347"
"16900","28304"
"16901","15851"
"16902","80808"
"16903","19904"
"16904","17943"
"16905","12037"
"16906","13694"
"16907","43031"
"16908","58494"
"16909","43155"
"16910","43113"
"16911","44484"
"16912","44272"
"16913","96087"
"16914","60099"
"16915","17254"
"16916","13332"
"16917","10804"
"16918","45304"
"16919","45679"
"16920","45314"
"16921","12194"
"16922","14025"
"16923","02921"
"16924","18462"
"16925","29909"
"16926","16868"
"16927","78379"
"16928","87730"
"16929","74720"
"16930","43341"
"16931","74062"
"16932","12115"
"16933","73063"
"16934","74756"
"16935","74552"
"16936","15241"
"16937","16837"
"16938","02920"
"16939","57460"
"16940","57070"
"16941","57331"
"16942","97447"
"16943","97209"
"16944","14489"
"16945","13148"
"16946","82936"
"16947","82224"
"16948","16749"
"16949","06606"
"16950","73724"
"16951","43543"
"16952","17260"
"16953","37891"
"16954","13753"
"16955","13350"
"16956","12750"
"16957","04982"
"16958","64451"
"16959","16242"
"16960","47126"
"16961","52257"
"16962","97306"
"16963","15314"
"16964","15320"
"16965","38341"
"16966","16875"
"16967","12170"
"16968","13846"
"16969","64859"
"16970","16501"
"16971","52135"
"16972","42036"
"16973","25148"
"16974","98853"
"16975","17036"
"16976","15344"
"16977","75453"
"16978","97437"
"16979","59450"
"16980","65444"
"16981","15929"
"16982","99137"
"16983","15026"
"16984","15958"
"16985","15202"
"16986","97490"
"16987","97377"
"16988","15031"
"16989","27358"
"16990","27703"
"16991","28685"
"16992","17016"
"16993","74423"
"16994","57420"
"16995","76650"
"16996","18332"
"16997","15868"
"16998","45387"
"16999","17058"
"17000","18969"
"17001","17740"
"17002","18049"
"17003","79053"
"17004","29329"
"17005","28403"
"17006","28443"
"17007","97416"
"17008","17508"
"17009","36441"
"17010","36375"
"17011","45224"
"17012","45814"
"17013","15774"
"17014","17315"
"17015","18037"
"17016","16153"
"17017","24550"
"17018","84730"
"17019","53188"
"17020","05678"
"17021","54412"
"17022","10964"
"17023","08070"
"17024","73771"
"17025","67901"
"17026","29355"
"17027","52584"
"17028","04614"
"17029","50836"
"17030","22812"
"17031","05770"
"17032","77642"
"17033","77977"
"17034","78257"
"17035","76873"
"17036","59046"
"17037","15712"
"17038","54130"
"17039","52620"
"17040","21409"
"17041","62860"
"17042","24139"
"17043","05760"
"17044","98943"
"17045","76140"
"17046","75651"
"17047","76676"
"17048","57214"
"17049","44030"
"17050","43938"
"17051","07620"
"17052","10805"
"17053","14037"
"17054","21550"
"17055","62869"
"17056","24853"
"17057","24822"
"17058","22713"
"17059","57426"
"17060","23168"
"17061","88130"
"17062","57255"
"17063","07866"
"17064","20639"
"17065","55808"
"17066","39531"
"17067","21221"
"17068","26680"
"17069","26263"
"17070","29044"
"17071","23149"
"17072","20194"
"17073","79046"
"17074","08809"
"17075","18301"
"17076","42140"
"17077","40108"
"17078","41528"
"17079","75167"
"17080","77568"
"17081","37659"
"17082","23503"
"17083","24279"
"17084","98635"
"17085","27215"
"17086","13743"
"17087","49690"
"17088","49918"
"17089","75478"
"17090","76599"
"17091","78537"
"17092","37246"
"17093","98445"
"17094","20191"
"17095","98390"
"17096","25878"
"17097","98684"
"17098","12306"
"17099","12138"
"17100","54540"
"17101","20659"
"17102","75561"
"17103","29666"
"17104","77837"
"17105","26547"
"17106","26257"
"17107","27107"
"17108","45645"
"17109","68123"
"17110","04491"
"17111","57787"
"17112","38152"
"17113","75558"
"17114","77864"
"17115","37095"
"17116","76939"
"17117","75978"
"17118","77026"
"17119","25083"
"17120","25187"
"17121","26525"
"17122","23451"
"17123","74731"
"17124","77994"
"17125","37690"
"17126","15476"
"17127","38582"
"17128","76471"
"17129","79062"
"17130","05732"
"17131","78369"
"17132","05906"
"17133","05842"
"17134","84024"
"17135","05058"
"17136","53597"
"17137","15555"
"17138","37332"
"17139","17037"
"17140","15324"
"17141","78152"
"17142","38236"
"17143","37019"
"17144","22180"
"17145","24593"
"17146","53923"
"17147","98275"
"17148","15035"
"17149","53074"
"17150","32713"
"17151","30666"
"17152","76519"
"17153","77901"
"17154","78734"
"17155","77047"
"17156","05403"
"17157","24064"
"17158","54311"
"17159","17771"
"17160","54636"
"17161","03909"
"17162","62814"
"17163","04547"
"17164","78662"
"17165","76823"
"17166","76861"
"17167","24258"
"17168","23022"
"17169","21108"
"17170","15420"
"17171","63845"
"17172","04558"
"17173","47230"
"17174","04853"
"17175","76693"
"17176","75838"
"17177","76632"
"17178","99133"
"17179","25154"
"17180","25401"
"17181","18225"
"17182","14753"
"17183","49234"
"17184","49464"
"17185","03827"
"17186","46064"
"17187","41007"
"17188","78066"
"17189","76841"
"17190","26184"
"17191","25922"
"17192","15635"
"17193","26372"
"17194","08226"
"17195","03745"
"17196","28278"
"17197","64854"
"17198","83628"
"17199","83845"
"17200","37034"
"17201","37171"
"17202","25173"
"17203","75975"
"17204","84096"
"17205","05468"
"17206","58032"
"17207","56701"
"17208","56728"
"17209","04563"
"17210","02554"
"17211","49406"
"17212","21536"
"17213","76679"
"17214","77080"
"17215","56110"
"17216","58060"
"17217","45866"
"17218","54763"
"17219","50230"
"17220","81090"
"17221","30731"
"17222","49913"
"17223","01832"
"17224","68971"
"17225","77583"
"17226","76087"
"17227","01951"
"17228","05845"
"17229","36913"
"17230","96111"
"17231","72512"
"17232","48807"
"17233","56584"
"17234","73550"
"17235","04039"
"17236","48154"
"17237","79052"
"17238","19939"
"17239","33019"
"17240","92124"
"17241","01237"
"17242","79927"
"17243","05363"
"17244","53576"
"17245","54211"
"17246","54403"
"17247","53295"
"17248","75402"
"17249","25501"
"17250","54858"
"17251","78563"
"17252","32180"
"17253","52619"
"17254","50860"
"17255","38701"
"17256","04612"
"17257","01852"
"17258","48911"
"17259","78244"
"17260","05046"
"17261","05871"
"17262","22737"
"17263","54861"
"17264","77878"
"17265","68770"
"17266","05077"
"17267","15935"
"17268","34759"
"17269","04631"
"17270","79247"
"17271","60633"
"17272","49689"
"17273","64681"
"17274","53079"
"17275","62919"
"17276","65669"
"17277","97017"
"17278","18826"
"17279","30217"
"17280","41719"
"17281","76837"
"17282","21719"
"17283","64484"
"17284","69365"
"17285","58639"
"17286","03266"
"17287","69214"
"17288","36523"
"17289","35633"
"17290","20674"
"17291","03901"
"17292","76689"
"17293","49112"
"17294","04568"
"17295","07931"
"17296","89007"
"17297","49051"
"17298","21841"
"17299","67442"
"17300","20818"
"17301","85350"
"17302","36350"
"17303","78648"
"17304","78237"
"17305","66755"
"17306","49636"
"17307","49802"
"17308","02535"
"17309","08016"
"17310","45347"
"17311","07747"
"17312","11933"
"17313","77983"
"17314","77009"
"17315","45325"
"17316","05494"
"17317","78238"
"17318","95678"
"17319","78239"
"17320","78243"
"17321","95683"
"17322","78248"
"17323","63147"
"17324","64153"
"17325","76446"
"17326","04745"
"17327","14589"
"17328","10475"
"17329","14136"
"17330","08610"
"17331","18840"
"17332","05051"
"17333","15362"
"17334","92014"
"17335","78250"
"17336","76230"
"17337","79530"
"17338","95688"
"17339","49836"
"17340","08401"
"17341","07823"
"17342","47390"
"17343","54757"
"17344","80758"
"17345","06519"
"17346","72679"
"17347","92283"
"17348","23304"
"17349","85226"
"17350","95689"
"17351","95690"
"17352","63384"
"17353","49760"
"17354","54650"
"17355","54230"
"17356","31522"
"17357","06091"
"17358","20019"
"17359","22151"
"17360","78253"
"17361","95692"
"17362","95693"
"17363","74964"
"17364","68069"
"17365","08550"
"17366","03048"
"17367","54110"
"17368","54853"
"17369","23663"
"17370","84756"
"17371","53807"
"17372","78260"
"17373","95699"
"17374","78261"
"17375","78263"
"17376","12920"
"17377","92346"
"17378","20015"
"17379","26804"
"17380","54770"
"17381","23950"
"17382","54837"
"17383","61917"
"17384","53085"
"17385","95703"
"17386","78266"
"17387","95714"
"17388","83660"
"17389","30517"
"17390","53035"
"17391","61855"
"17392","23302"
"17393","04471"
"17394","01259"
"17395","03290"
"17396","41837"
"17397","25837"
"17398","26430"
"17399","05656"
"17400","22972"
"17401","95715"
"17402","95722"
"17403","24556"
"17404","95736"
"17405","95746"
"17406","19968"
"17407","04674"
"17408","04625"
"17409","67669"
"17410","01906"
"17411","24375"
"17412","23960"
"17413","54623"
"17414","24319"
"17415","78349"
"17416","78352"
"17417","78353"
"17418","95765"
"17419","31647"
"17420","04421"
"17421","04105"
"17422","22949"
"17423","24714"
"17424","54423"
"17425","22623"
"17426","82837"
"17427","03779"
"17428","95776"
"17429","78358"
"17430","78362"
"17431","95817"
"17432","95818"
"17433","50450"
"17434","66404"
"17435","61469"
"17436","98223"
"17437","03903"
"17438","08831"
"17439","18013"
"17440","79905"
"17441","85050"
"17442","85705"
"17443","85352"
"17444","71759"
"17445","78548"
"17446","78550"
"17447","75460"
"17448","99333"
"17449","78557"
"17450","78560"
"17451","78567"
"17452","04046"
"17453","04843"
"17454","41034"
"17455","12054"
"17456","44683"
"17457","85930"
"17458","71827"
"17459","99124"
"17460","78569"
"17461","30354"
"17462","30024"
"17463","30101"
"17464","40104"
"17465","66521"
"17466","44021"
"17467","27980"
"17468","45629"
"17469","95612"
"17470","24432"
"17471","95003"
"17472","78572"
"17473","78574"
"17474","78575"
"17475","78576"
"17476","40222"
"17477","21102"
"17478","15012"
"17479","97402"
"17480","98315"
"17481","23882"
"17482","92356"
"17483","95385"
"17484","96092"
"17485","90017"
"17486","78577"
"17487","78579"
"17488","96038"
"17489","52544"
"17490","21676"
"17491","61704"
"17492","98856"
"17493","35905"
"17494","35133"
"17495","92660"
"17496","94606"
"17497","80634"
"17498","80497"
"17499","78583"
"17500","78585"
"17501","60531"
"17502","70632"
"17503","26424"
"17504","18417"
"17505","06280"
"17506","02459"
"17507","01772"
"17508","38863"
"17509","07758"
"17510","97341"
"17511","96055"
"17512","96063"
"17513","78589"
"17514","25879"
"17515","78595"
"17516","51360"
"17517","49682"
"17518","21872"
"17519","36017"
"17520","35760"
"17521","16120"
"17522","07005"
"17523","59025"
"17524","96068"
"17525","26684"
"17526","80435"
"17527","49930"
"17528","01354"
"17529","95822"
"17530","99507"
"17531","85377"
"17532","71662"
"17533","85536"
"17534","73571"
"17535","58271"
"17536","26149"
"17537","44081"
"17538","06482"
"17539","81504"
"17540","06468"
"17541","32092"
"17542","78372"
"17543","95824"
"17544","78375"
"17545","95826"
"17546","72629"
"17547","24724"
"17548","92359"
"17549","94591"
"17550","07722"
"17551","12458"
"17552","12057"
"17553","19943"
"17554","32259"
"17555","32803"
"17556","95832"
"17557","95834"
"17558","75140"
"17559","37640"
"17560","78384"
"17561","72851"
"17562","91304"
"17563","95814"
"17564","91732"
"17565","92104"
"17566","10962"
"17567","12935"
"17568","06706"
"17569","32159"
"17570","84124"
"17571","34266"
"17572","33877"
"17573","78390"
"17574","95910"
"17575","92333"
"17576","95747"
"17577","80238"
"17578","78040"
"17579","38357"
"17580","12302"
"17581","84329"
"17582","27949"
"17583","14564"
"17584","58772"
"17585","92118"
"17586","95698"
"17587","06605"
"17588","78404"
"17589","95917"
"17590","78406"
"17591","78409"
"17592","05161"
"17593","78410"
"17594","78374"
"17595","24607"
"17596","74641"
"17597","74836"
"17598","23919"
"17599","81331"
"17600","06824"
"17601","95930"
"17602","78413"
"17603","82441"
"17604","78414"
"17605","78416"
"17606","78417"
"17607","44236"
"17608","45504"
"17609","18822"
"17610","44637"
"17611","74428"
"17612","20165"
"17613","94025"
"17614","83115"
"17615","94074"
"17616","78418"
"17617","95948"
"17618","16407"
"17619","16729"
"17620","16406"
"17621","16133"
"17622","26716"
"17623","15084"
"17624","93033"
"17625","53206"
"17626","06795"
"17627","33756"
"17628","33715"
"17629","95953"
"17630","78516"
"17631","95961"
"17632","73539"
"17633","35226"
"17634","25688"
"17635","36376"
"17636","72170"
"17637","35758"
"17638","36106"
"17639","95975"
"17640","52639"
"17641","52049"
"17642","60417"
"17643","04646"
"17644","78535"
"17645","95968"
"17646","78538"
"17647","96118"
"17648","95974"
"17649","07436"
"17650","07920"
"17651","36116"
"17652","35096"
"17653","95977"
"17654","78541"
"17655","78545"
"17656","55704"
"17657","56222"
"17658","31623"
"17659","55322"
"17660","80426"
"17661","33566"
"17662","19730"
"17663","92101"
"17664","92223"
"17665","95129"
"17666","95467"
"17667","78656"
"17668","51342"
"17669","78249"
"17670","53195"
"17671","50150"
"17672","66716"
"17673","50120"
"17674","38619"
"17675","56748"
"17676","06705"
"17677","34471"
"17678","31093"
"17679","72136"
"17680","95969"
"17681","53501"
"17682","91914"
"17683","52635"
"17684","67436"
"17685","66422"
"17686","66849"
"17687","38914"
"17688","31560"
"17689","31216"
"17690","95492"
"17691","96062"
"17692","84724"
"17693","94539"
"17694","67757"
"17695","42259"
"17696","38633"
"17697","64759"
"17698","31625"
"17699","30449"
"17700","94596"
"17701","93401"
"17702","94132"
"17703","53571"
"17704","41033"
"17705","40145"
"17706","65781"
"17707","38946"
"17708","65708"
"17709","96703"
"17710","61933"
"17711","95560"
"17712","80247"
"17713","80741"
"17714","61625"
"17715","06420"
"17716","70811"
"17717","70380"
"17718","04352"
"17719","63952"
"17720","29439"
"17721","20405"
"17722","33860"
"17723","62922"
"17724","61410"
"17725","81641"
"17726","83228"
"17727","80436"
"17728","06026"
"17729","80478"
"17730","96069"
"17731","78597"
"17732","04102"
"17733","04937"
"17734","04285"
"17735","04084"
"17736","99730"
"17737","32164"
"17738","06092"
"17739","32124"
"17740","32927"
"17741","61876"
"17742","62471"
"17743","60955"
"17744","78605"
"17745","01770"
"17746","01969"
"17747","90069"
"17748","49102"
"17749","01093"
"17750","49282"
"17751","32433"
"17752","34235"
"17753","30084"
"17754","61778"
"17755","47346"
"17756","47805"
"17757","47923"
"17758","08736"
"17759","78612"
"17760","78614"
"17761","48809"
"17762","48422"
"17763","49070"
"17764","55327"
"17765","30566"
"17766","30291"
"17767","46034"
"17768","47018"
"17769","03884"
"17770","50483"
"17771","78615"
"17772","78617"
"17773","55917"
"17774","55798"
"17775","55338"
"17776","96150"
"17777","30545"
"17778","52641"
"17779","51558"
"17780","39520"
"17781","76508"
"17782","20006"
"17783","50611"
"17784","78620"
"17785","96109"
"17786","56152"
"17787","55356"
"17788","56683"
"17789","42762"
"17790","96760"
"17791","83448"
"17792","60135"
"17793","04488"
"17794","62835"
"17795","61571"
"17796","50635"
"17797","50256"
"17798","50519"
"17799","67133"
"17800","96110"
"17801","96112"
"17802","70607"
"17803","70659"
"17804","65278"
"17805","04008"
"17806","04989"
"17807","70537"
"17808","62340"
"17809","61376"
"17810","61856"
"17811","67468"
"17812","67739"
"17813","42567"
"17814","96115"
"17815","47388"
"17816","96116"
"17817","20695"
"17818","04686"
"17819","04401"
"17820","62242"
"17821","61321"
"17822","60602"
"17823","61772"
"17824","62015"
"17825","47552"
"17826","67831"
"17827","67050"
"17828","40047"
"17829","41601"
"17830","99506"
"17831","78626"
"17832","96121"
"17833","78628"
"17834","04472"
"17835","04964"
"17836","46181"
"17837","25703"
"17838","46131"
"17839","47640"
"17840","36736"
"17841","99585"
"17842","78632"
"17843","78633"
"17844","96140"
"17845","04917"
"17846","04429"
"17847","01379"
"17848","48071"
"17849","49329"
"17850","47470"
"17851","51053"
"17852","50849"
"17853","85617"
"17854","99777"
"17855","72389"
"17856","96141"
"17857","96142"
"17858","96143"
"17859","47881"
"17860","96146"
"17861","49076"
"17862","49625"
"17863","49088"
"17864","48328"
"17865","50125"
"17866","06268"
"17867","72686"
"17868","85627"
"17869","72135"
"17870","98121"
"17871","91786"
"17872","78640"
"17873","78642"
"17874","78652"
"17875","48454"
"17876","56444"
"17877","55923"
"17878","68376"
"17879","03581"
"17880","03043"
"17881","27014"
"17882","87022"
"17883","87042"
"17884","07310"
"17885","45140"
"17886","27851"
"17887","58230"
"17888","79072"
"17889","79078"
"17890","83830"
"17891","61348"
"17892","75652"
"17893","78757"
"17894","07070"
"17895","12046"
"17896","13847"
"17897","14001"
"17898","14051"
"17899","12965"
"17900","12790"
"17901","12785"
"17902","79082"
"17903","97007"
"17904","75246"
"17905","19504"
"17906","62836"
"17907","61517"
"17908","60042"
"17909","13634"
"17910","13141"
"17911","14536"
"17912","12144"
"17913","73851"
"17914","43115"
"17915","84725"
"17916","74047"
"17917","79087"
"17918","79091"
"17919","79094"
"17920","61364"
"17921","62238"
"17922","62644"
"17923","68028"
"17924","59420"
"17925","45323"
"17926","74735"
"17927","97080"
"17928","61773"
"17929","61427"
"17930","79097"
"17931","79098"
"17932","79105"
"17933","79106"
"17934","62690"
"17935","61930"
"17936","78659"
"17937","29453"
"17938","78661"
"17939","12121"
"17940","28262"
"17941","61361"
"17942","46234"
"17943","46033"
"17944","79110"
"17945","79118"
"17946","79124"
"17947","78670"
"17948","75926"
"17949","78672"
"17950","78702"
"17951","78712"
"17952","78717"
"17953","28634"
"17954","12489"
"17955","47433"
"17956","47283"
"17957","47670"
"17958","79220"
"17959","57344"
"17960","79231"
"17961","79241"
"17962","78724"
"17963","78725"
"17964","78727"
"17965","78728"
"17966","78732"
"17967","13730"
"17968","12846"
"17969","46122"
"17970","75849"
"17971","47639"
"17972","52246"
"17973","50323"
"17974","52411"
"17975","79250"
"17976","79255"
"17977","58081"
"17978","78733"
"17979","78738"
"17980","78739"
"17981","45358"
"17982","78745"
"17983","27208"
"17984","58467"
"17985","43011"
"17986","50655"
"17987","52748"
"17988","50058"
"17989","51570"
"17990","50010"
"17991","43315"
"17992","16631"
"17993","45146"
"17994","58478"
"17995","11717"
"17996","78747"
"17997","78749"
"17998","78750"
"17999","78753"
"18000","89424"
"18001","08028"
"18002","03064"
"18003","77430"
"18004","19706"
"18005","03037"
"18006","07095"
"18007","52221"
"18008","50275"
"18009","50064"
"18010","50562"
"18011","52327"
"18012","10579"
"18013","12862"
"18014","44907"
"18015","60601"
"18016","73145"
"18017","78827"
"18018","78830"
"18019","89704"
"18020","08057"
"18021","87736"
"18022","51546"
"18023","52072"
"18024","67202"
"18025","74023"
"18026","48236"
"18027","73073"
"18028","73447"
"18029","78838"
"18030","78843"
"18031","78886"
"18032","12093"
"18033","67860"
"18034","67732"
"18035","66940"
"18036","67524"
"18037","59930"
"18038","30016"
"18039","30292"
"18040","78932"
"18041","78935"
"18042","12428"
"18043","13473"
"18044","11738"
"18045","66757"
"18046","42040"
"18047","41040"
"18048","65775"
"18049","40351"
"18050","31638"
"18051","30009"
"18052","30808"
"18053","83815"
"18054","78942"
"18055","78948"
"18056","12206"
"18057","13034"
"18058","10710"
"18059","07206"
"18060","11726"
"18061","68522"
"18062","42027"
"18063","40219"
"18064","78954"
"18065","96768"
"18066","31078"
"18067","60585"
"18068","65079"
"18069","64014"
"18070","74632"
"18071","38623"
"18072","65263"
"18073","59925"
"18074","02827"
"18075","12545"
"18076","78962"
"18077","79011"
"18078","79022"
"18079","61858"
"18080","62253"
"18081","25276"
"18082","63352"
"18083","64474"
"18084","65231"
"18085","28669"
"18086","28733"
"18087","79025"
"18088","79033"
"18089","79039"
"18090","79043"
"18091","83311"
"18092","25301"
"18093","60646"
"18094","83849"
"18095","68803"
"18096","03231"
"18097","69356"
"18098","68871"
"18099","07035"
"18100","27542"
"18101","58351"
"18102","79054"
"18103","20862"
"18104","79056"
"18105","79070"
"18106","23457"
"18107","23124"
"18108","26559"
"18109","57313"
"18110","37341"
"18111","21131"
"18112","04086"
"18113","04443"
"18114","79104"
"18115","20896"
"18116","79553"
"18117","79566"
"18118","24846"
"18119","24957"
"18120","26339"
"18121","05471"
"18122","37186"
"18123","38334"
"18124","02779"
"18125","21773"
"18126","20901"
"18127","01009"
"18128","01066"
"18129","79603"
"18130","17931"
"18131","15469"
"18132","19128"
"18133","20119"
"18134","05035"
"18135","38838"
"18136","97495"
"18137","25312"
"18138","97225"
"18139","73043"
"18140","15368"
"18141","19343"
"18142","15434"
"18143","21797"
"18144","01002"
"18145","01008"
"18146","02534"
"18147","75069"
"18148","07524"
"18149","75141"
"18150","75229"
"18151","79838"
"18152","98640"
"18153","18252"
"18154","18640"
"18155","16860"
"18156","48892"
"18157","49002"
"18158","49057"
"18159","07605"
"18160","77503"
"18161","76834"
"18162","76656"
"18163","77008"
"18164","37059"
"18165","53189"
"18166","86431"
"18167","24850"
"18168","18816"
"18169","15665"
"18170","07645"
"18171","45169"
"18172","44121"
"18173","48867"
"18174","49202"
"18175","55398"
"18176","38563"
"18177","20137"
"18178","30206"
"18179","25431"
"18180","54515"
"18181","21036"
"18182","29040"
"18183","29708"
"18184","55444"
"18185","56759"
"18186","56734"
"18187","79259"
"18188","22923"
"18189","22310"
"18190","54653"
"18191","25193"
"18192","12433"
"18193","24817"
"18194","55395"
"18195","29653"
"18196","29162"
"18197","16327"
"18198","79311"
"18199","79312"
"18200","79314"
"18201","84634"
"18202","05443"
"18203","12448"
"18204","56232"
"18205","55075"
"18206","55710"
"18207","57706"
"18208","57562"
"18209","37046"
"18210","57384"
"18211","79316"
"18212","79324"
"18213","79325"
"18214","12450"
"18215","24281"
"18216","99167"
"18217","56714"
"18218","55031"
"18219","55337"
"18220","39455"
"18221","38661"
"18222","57067"
"18223","57560"
"18224","16844"
"18225","75901"
"18226","12456"
"18227","79330"
"18228","79343"
"18229","25404"
"18230","24918"
"18231","84128"
"18232","05069"
"18233","30248"
"18234","15742"
"18235","15122"
"18236","18854"
"18237","16694"
"18238","78613"
"18239","79345"
"18240","79351"
"18241","05487"
"18242","05359"
"18243","05602"
"18244","17007"
"18245","18326"
"18246","16127"
"18247","76554"
"18248","12490"
"18249","78730"
"18250","76227"
"18251","79355"
"18252","79364"
"18253","79367"
"18254","05342"
"18255","75089"
"18256","76556"
"18257","17518"
"18258","15341"
"18259","16735"
"18260","45015"
"18261","79538"
"18262","75409"
"18263","41760"
"18264","79370"
"18265","79372"
"18266","79376"
"18267","79382"
"18268","76671"
"18269","78148"
"18270","16802"
"18271","44429"
"18272","29565"
"18273","75076"
"18274","41826"
"18275","41821"
"18276","79407"
"18277","79416"
"18278","79424"
"18279","77961"
"18280","75960"
"18281","16821"
"18282","29630"
"18283","15828"
"18284","41848"
"18285","70346"
"18286","70116"
"18287","71459"
"18288","70128"
"18289","79501"
"18290","79518"
"18291","79519"
"18292","12547"
"18293","84335"
"18294","22406"
"18295","23605"
"18296","16259"
"18297","19507"
"18298","71316"
"18299","71027"
"18300","79526"
"18301","79534"
"18302","79537"
"18303","16830"
"18304","05459"
"18305","24277"
"18306","29332"
"18307","29856"
"18308","21042"
"18309","21060"
"18310","21224"
"18311","20602"
"18312","79541"
"18313","79547"
"18314","19456"
"18315","79548"
"18316","99115"
"18317","98014"
"18318","37048"
"18319","16640"
"18320","19127"
"18321","19129"
"18322","43003"
"18323","12847"
"18324","12841"
"18325","19472"
"18326","68766"
"18327","27016"
"18328","69032"
"18329","89029"
"18330","03773"
"18331","68870"
"18332","68810"
"18333","76048"
"18334","75156"
"18335","08534"
"18336","76129"
"18337","19474"
"18338","89128"
"18339","68824"
"18340","68629"
"18341","89004"
"18342","28640"
"18343","01060"
"18344","03597"
"18345","69138"
"18346","03443"
"18347","77316"
"18348","19523"
"18349","79342"
"18350","79363"
"18351","68040"
"18352","07860"
"18353","88232"
"18354","88416"
"18355","28390"
"18356","28573"
"18357","12974"
"18358","07885"
"18359","19535"
"18360","69153"
"18361","08820"
"18362","64118"
"18363","78941"
"18364","77381"
"18365","79258"
"18366","87516"
"18367","88265"
"18368","12124"
"18369","12010"
"18370","19545"
"18371","14883"
"18372","27106"
"18373","65682"
"18374","65734"
"18375","65766"
"18376","79027"
"18377","37180"
"18378","14441"
"18379","10940"
"18380","14712"
"18381","19562"
"18382","14604"
"18383","27583"
"18384","27845"
"18385","65082"
"18386","63112"
"18387","07512"
"18388","68007"
"18389","69140"
"18390","08048"
"18391","22030"
"18392","55001"
"18393","05068"
"18394","23452"
"18395","12962"
"18396","14011"
"18397","58701"
"18398","58049"
"18399","58503"
"18400","68405"
"18401","07830"
"18402","69132"
"18403","32008"
"18404","03446"
"18405","98072"
"18406","99371"
"18407","14533"
"18408","11742"
"18409","13404"
"18410","14138"
"18411","45113"
"18412","58418"
"18413","44406"
"18414","40011"
"18415","69038"
"18416","69101"
"18417","07730"
"18418","99158"
"18419","25015"
"18420","99150"
"18421","11727"
"18422","13667"
"18423","12189"
"18424","43830"
"18425","40025"
"18426","45409"
"18427","58366"
"18428","44618"
"18429","68457"
"18430","68864"
"18431","03894"
"18432","07013"
"18433","05253"
"18434","49452"
"18435","55126"
"18436","35013"
"18437","55426"
"18438","87729"
"18439","59211"
"18440","84088"
"18441","05867"
"18442","53561"
"18443","54826"
"18444","72567"
"18445","54304"
"18446","88101"
"18447","76429"
"18448","35014"
"18449","08511"
"18450","56318"
"18451","56115"
"18452","63656"
"18453","69336"
"18454","59760"
"18455","68416"
"18456","62348"
"18457","05675"
"18458","25844"
"18459","48030"
"18460","54635"
"18461","87935"
"18462","87375"
"18463","87051"
"18464","12085"
"18465","02872"
"18466","64127"
"18467","63013"
"18468","64636"
"18469","03839"
"18470","32424"
"18471","69151"
"18472","68460"
"18473","63934"
"18474","68658"
"18475","64089"
"18476","64058"
"18477","63771"
"18478","14733"
"18479","12482"
"18480","13418"
"18481","39167"
"18482","11552"
"18483","10507"
"18484","08223"
"18485","08068"
"18486","68022"
"18487","87032"
"18488","07922"
"18489","11230"
"18490","68827"
"18491","14743"
"18492","48359"
"18493","12565"
"18494","12131"
"18495","63123"
"18496","64085"
"18497","13035"
"18498","18517"
"18499","15367"
"18500","44144"
"18501","10037"
"18502","13477"
"18503","41230"
"18504","11572"
"18505","14102"
"18506","87941"
"18507","12086"
"18508","14105"
"18509","14816"
"18510","68336"
"18511","65075"
"18512","65686"
"18513","64481"
"18514","32425"
"18515","44675"
"18516","29715"
"18517","15467"
"18518","10928"
"18519","68773"
"18520","59547"
"18521","69039"
"18522","65582"
"18523","65329"
"18524","64755"
"18525","39168"
"18526","65702"
"18527","29458"
"18528","16249"
"18529","28115"
"18530","13415"
"18531","27019"
"18532","59521"
"18533","68314"
"18534","63743"
"18535","08021"
"18536","41240"
"18537","08510"
"18538","69331"
"18539","68768"
"18540","17219"
"18541","57045"
"18542","57223"
"18543","12502"
"18544","27283"
"18545","58655"
"18546","59418"
"18547","48370"
"18548","59856"
"18549","02896"
"18550","37022"
"18551","37014"
"18552","67029"
"18553","04858"
"18554","58356"
"18555","45036"
"18556","27581"
"18557","18472"
"18558","78722"
"18559","35593"
"18560","18510"
"18561","15108"
"18562","15678"
"18563","38061"
"18564","17880"
"18565","15468"
"18566","55987"
"18567","63954"
"18568","01531"
"18569","43082"
"18570","48375"
"18571","44483"
"18572","58455"
"18573","15949"
"18574","16217"
"18575","17562"
"18576","19140"
"18577","79042"
"18578","16102"
"18579","15684"
"18580","21822"
"18581","30363"
"18582","38847"
"18583","43402"
"18584","45622"
"18585","58477"
"18586","19422"
"18587","44813"
"18588","44866"
"18589","17953"
"18590","77545"
"18591","78228"
"18592","39179"
"18593","76270"
"18594","78501"
"18595","11937"
"18596","48619"
"18597","49766"
"18598","13625"
"18599","10523"
"18600","29568"
"18601","29150"
"18602","78218"
"18603","41301"
"18604","78050"
"18605","29717"
"18606","22408"
"18607","55742"
"18608","73722"
"18609","03836"
"18610","37412"
"18611","12980"
"18612","74554"
"18613","15207"
"18614","32428"
"18615","18464"
"18616","04851"
"18617","42204"
"18618","23354"
"18619","74845"
"18620","29810"
"18621","45335"
"18622","43219"
"18623","74012"
"18624","45403"
"18625","50652"
"18626","52573"
"18627","21078"
"18628","61744"
"18629","50320"
"18630","15010"
"18631","16838"
"18632","18706"
"18633","88411"
"18634","76261"
"18635","45042"
"18636","41314"
"18637","44240"
"18638","74872"
"18639","63347"
"18640","21662"
"18641","11363"
"18642","11768"
"18643","08518"
"18644","16657"
"18645","15005"
"18646","17747"
"18647","25506"
"18648","14804"
"18649","12068"
"18650","44641"
"18651","74825"
"18652","97221"
"18653","12150"
"18654","45869"
"18655","49096"
"18656","03868"
"18657","10931"
"18658","21051"
"18659","68727"
"18660","44114"
"18661","18438"
"18662","15823"
"18663","18623"
"18664","98110"
"18665","15956"
"18666","73644"
"18667","35204"
"18668","74110"
"18669","38365"
"18670","25523"
"18671","74865"
"18672","74570"
"18673","02905"
"18674","07727"
"18675","19136"
"18676","27920"
"18677","14127"
"18678","64642"
"18679","13832"
"18680","07452"
"18681","07703"
"18682","35463"
"18683","36317"
"18684","85203"
"18685","73099"
"18686","43067"
"18687","73134"
"18688","44319"
"18689","54220"
"18690","98664"
"18691","48655"
"18692","25547"
"18693","50551"
"18694","01129"
"18695","24581"
"18696","28204"
"18697","72103"
"18698","72073"
"18699","72473"
"18700","74864"
"18701","43730"
"18702","26034"
"18703","21090"
"18704","35550"
"18705","18222"
"18706","16928"
"18707","17520"
"18708","15349"
"18709","92382"
"18710","92555"
"18711","92879"
"18712","97114"
"18713","97481"
"18714","25621"
"18715","17368"
"18716","85543"
"18717","99564"
"18718","72432"
"18719","73069"
"18720","71841"
"18721","94080"
"18722","92883"
"18723","63846"
"18724","59467"
"18725","25638"
"18726","19380"
"18727","19608"
"18728","18224"
"18729","43802"
"18730","73444"
"18731","97008"
"18732","73004"
"18733","85747"
"18734","32034"
"18735","61437"
"18736","25653"
"18737","06853"
"18738","28081"
"18739","27235"
"18740","12187"
"18741","28208"
"18742","19120"
"18743","97455"
"18744","17042"
"18745","18241"
"18746","19342"
"18747","25670"
"18748","16901"
"18749","06370"
"18750","04660"
"18751","13411"
"18752","27050"
"18753","17324"
"18754","18615"
"18755","15849"
"18756","15520"
"18757","15229"
"18758","07737"
"18759","16624"
"18760","17110"
"18761","44124"
"18762","45318"
"18763","46307"
"18764","44450"
"18765","27897"
"18766","28746"
"18767","28207"
"18768","58061"
"18769","21140"
"18770","17578"
"18771","15683"
"18772","16917"
"18773","57078"
"18774","81005"
"18775","06804"
"18776","80812"
"18777","32968"
"18778","15201"
"18779","92373"
"18780","22802"
"18781","16833"
"18782","06604"
"18783","38366"
"18784","38569"
"18785","76578"
"18786","76250"
"18787","16041"
"18788","29164"
"18789","29401"
"18790","32653"
"18791","33065"
"18792","16835"
"18793","30214"
"18794","34741"
"18795","38501"
"18796","37302"
"18797","37657"
"18798","76239"
"18799","41836"
"18800","29370"
"18801","29384"
"18802","30075"
"18803","16847"
"18804","31801"
"18805","37208"
"18806","37931"
"18807","37204"
"18808","16361"
"18809","75204"
"18810","24562"
"18811","22645"
"18812","29111"
"18813","57066"
"18814","16853"
"18815","29645"
"18816","17576"
"18817","30663"
"18818","96797"
"18819","16613"
"18820","78634"
"18821","77301"
"18822","22302"
"18823","20181"
"18824","84085"
"18825","16876"
"18826","29819"
"18827","29376"
"18828","96719"
"18829","61754"
"18830","76063"
"18831","76301"
"18832","77019"
"18833","75180"
"18834","24517"
"18835","22853"
"18836","12601"
"18837","29403"
"18838","17813"
"18839","29681"
"18840","57477"
"18841","62908"
"18842","62673"
"18843","62325"
"18844","76207"
"18845","78162"
"18846","76017"
"18847","16915"
"18848","84044"
"18849","05441"
"18850","57106"
"18851","57276"
"18852","57048"
"18853","37918"
"18854","60558"
"18855","62501"
"18856","47711"
"18857","46319"
"18858","12604"
"18859","46115"
"18860","79713"
"18861","78121"
"18862","22079"
"18863","98531"
"18864","37914"
"18865","38371"
"18866","38049"
"18867","47610"
"18868","51056"
"18869","16920"
"18870","50208"
"18871","50680"
"18872","75603"
"18873","79415"
"18874","98312"
"18875","98030"
"18876","24138"
"18877","57776"
"18878","37737"
"18879","38587"
"18880","12738"
"18881","52132"
"18882","84657"
"18883","23109"
"18884","79009"
"18885","79044"
"18886","98829"
"18887","51103"
"18888","66012"
"18889","18062"
"18890","15460"
"18891","49884"
"18892","23502"
"18893","12752"
"18894","16911"
"18895","17004"
"18896","17407"
"18897","18349"
"18898","98144"
"18899","98037"
"18900","25103"
"18901","25921"
"18902","25036"
"18903","77456"
"18904","12767"
"18905","79322"
"18906","67047"
"18907","67643"
"18908","40243"
"18909","66026"
"18910","78665"
"18911","77521"
"18912","77538"
"18913","76052"
"18914","25985"
"18915","48039"
"18916","05143"
"18917","05832"
"18918","76043"
"18919","78607"
"18920","17035"
"18921","17213"
"18922","45886"
"18923","45845"
"18924","43845"
"18925","76115"
"18926","35022"
"18927","78231"
"18928","76543"
"18929","75077"
"18930","05872"
"18931","54138"
"18932","54028"
"18933","75968"
"18934","77015"
"18935","45694"
"18936","44129"
"18937","55029"
"18938","19009"
"18939","15695"
"18940","79347"
"18941","71745"
"18942","90005"
"18943","54703"
"18944","05465"
"18945","25608"
"18946","75247"
"18947","78729"
"18948","38635"
"18949","77069"
"18950","75087"
"18951","77389"
"18952","02898"
"18953","29372"
"18954","93267"
"18955","90068"
"18956","24176"
"18957","54968"
"18958","06024"
"18959","40107"
"18960","11362"
"18961","79782"
"18962","78938"
"18963","29322"
"18964","18834"
"18965","57470"
"18966","95409"
"18967","95314"
"18968","88034"
"18969","68879"
"18970","55036"
"18971","03809"
"18972","13122"
"18973","77365"
"18974","78883"
"18975","17724"
"18976","29203"
"18977","93010"
"18978","92084"
"18979","95923"
"18980","80202"
"18981","35034"
"18982","61284"
"18983","52166"
"18984","02539"
"18985","24888"
"18986","56239"
"18987","05901"
"18988","79086"
"18989","78963"
"18990","16611"
"18991","17964"
"18992","48048"
"18993","15018"
"18994","63446"
"18995","65083"
"18996","03045"
"18997","03258"
"18998","03462"
"18999","03284"
"19000","22974"
"19001","84026"
"19002","15364"
"19003","24054"
"19004","55037"
"19005","15227"
"19006","45891"
"19007","69022"
"19008","08755"
"19009","06018"
"19010","22663"
"19011","22920"
"19012","82421"
"19013","23315"
"19014","99577"
"19015","35042"
"19016","85737"
"19017","32833"
"19018","80735"
"19019","33062"
"19020","31901"
"19021","31328"
"19022","60610"
"19023","22637"
"19024","24136"
"19025","82609"
"19026","48062"
"19027","85027"
"19028","85083"
"19029","71762"
"19030","30028"
"19031","03908"
"19032","62926"
"19033","98012"
"19034","05735"
"19035","20144"
"19036","24873"
"19037","32060"
"19038","54229"
"19039","72635"
"19040","72821"
"19041","90746"
"19042","60148"
"19043","01930"
"19044","52003"
"19045","02332"
"19046","99217"
"19047","98850"
"19048","60034"
"19049","54835"
"19050","94565"
"19051","92025"
"19052","21851"
"19053","04694"
"19054","01266"
"19055","24323"
"19056","22844"
"19057","54901"
"19058","53190"
"19059","48069"
"19060","54766"
"19061","95624"
"19062","93022"
"19063","93645"
"19064","64672"
"19065","04730"
"19066","21758"
"19067","23856"
"19068","84645"
"19069","54026"
"19070","35051"
"19071","30520"
"19072","91780"
"19073","92210"
"19074","94582"
"19075","95324"
"19076","80105"
"19077","12865"
"19078","56039"
"19079","98002"
"19080","98239"
"19081","35052"
"19082","25862"
"19083","26169"
"19084","54940"
"19085","26534"
"19086","80234"
"19087","06415"
"19088","06414"
"19089","32631"
"19090","33410"
"19091","19967"
"19092","39367"
"19093","07827"
"19094","56629"
"19095","08008"
"19096","26707"
"19097","25841"
"19098","23110"
"19099","54479"
"19100","07631"
"19101","07078"
"19102","16232"
"19103","55909"
"19104","70508"
"19105","74902"
"19106","03781"
"19107","03771"
"19108","07456"
"19109","75959"
"19110","26296"
"19111","25545"
"19112","26508"
"19113","25031"
"19114","23089"
"19115","46738"
"19116","87564"
"19117","14873"
"19118","14750"
"19119","11223"
"19120","70401"
"19121","71369"
"19122","71045"
"19123","37028"
"19124","78559"
"19125","44839"
"19126","46747"
"19127","26717"
"19128","05452"
"19129","12156"
"19130","12047"
"19131","68843"
"19132","27401"
"19133","14054"
"19134","20634"
"19135","04252"
"19136","04772"
"19137","39406"
"19138","02021"
"19139","45255"
"19140","25443"
"19141","97369"
"19142","98392"
"19143","36576"
"19144","24657"
"19145","99144"
"19146","98372"
"19147","13146"
"19148","60520"
"19149","28372"
"19150","27018"
"19151","21657"
"19152","01083"
"19153","48631"
"19154","36548"
"19155","75040"
"19156","76874"
"19157","78931"
"19158","78622"
"19159","42124"
"19160","24915"
"19161","24843"
"19162","26338"
"19163","45122"
"19164","45806"
"19165","44902"
"19166","48169"
"19167","49921"
"19168","56327"
"19169","22656"
"19170","32577"
"19171","23316"
"19172","23322"
"19173","23230"
"19174","25021"
"19175","24884"
"19176","84405"
"19177","58731"
"19178","58576"
"19179","55088"
"19180","55044"
"19181","25801"
"19182","55012"
"19183","56221"
"19184","24174"
"19185","84333"
"19186","23224"
"19187","75491"
"19188","76953"
"19189","84637"
"19190","12023"
"19191","14607"
"19192","25813"
"19193","12147"
"19194","73119"
"19195","56262"
"19196","38737"
"19197","24530"
"19198","24569"
"19199","38553"
"19200","54937"
"19201","73757"
"19202","97001"
"19203","07757"
"19204","97206"
"19205","15068"
"19206","54838"
"19207","24467"
"19208","22641"
"19209","22205"
"19210","38949"
"19211","39461"
"19212","37688"
"19213","84330"
"19214","25836"
"19215","53968"
"19216","49817"
"19217","56731"
"19218","56527"
"19219","22436"
"19220","98374"
"19221","63628"
"19222","92259"
"19223","92008"
"19224","53208"
"19225","23803"
"19226","25853"
"19227","53403"
"19228","23967"
"19229","47120"
"19230","04061"
"19231","51446"
"19232","01119"
"19233","46759"
"19234","99181"
"19235","98859"
"19236","65446"
"19237","25855"
"19238","63561"
"19239","41543"
"19240","01341"
"19241","53092"
"19242","84665"
"19243","54023"
"19244","76635"
"19245","22719"
"19246","55779"
"19247","25650"
"19248","25906"
"19249","25314"
"19250","41815"
"19251","66102"
"19252","04965"
"19253","04927"
"19254","25181"
"19255","75489"
"19256","53704"
"19257","53001"
"19258","30216"
"19259","25911"
"19260","45770"
"19261","16871"
"19262","17840"
"19263","26410"
"19264","25110"
"19265","76225"
"19266","22820"
"19267","03875"
"19268","43935"
"19269","27917"
"19270","25938"
"19271","61375"
"19272","54485"
"19273","54738"
"19274","78067"
"19275","68455"
"19276","12760"
"19277","37687"
"19278","05730"
"19279","47351"
"19280","47345"
"19281","25951"
"19282","69127"
"19283","19035"
"19284","74330"
"19285","57632"
"19286","24072"
"19287","98647"
"19288","03584"
"19289","15001"
"19290","51458"
"19291","50644"
"19292","25976"
"19293","50682"
"19294","05053"
"19295","84013"
"19296","57570"
"19297","74843"
"19298","25030"
"19299","26585"
"19300","53960"
"19301","16313"
"19302","15834"
"19303","07849"
"19304","50166"
"19305","52039"
"19306","66714"
"19307","36530"
"19308","85328"
"19309","54566"
"19310","54424"
"19311","57738"
"19312","29448"
"19313","66093"
"19314","12803"
"19315","66531"
"19316","41649"
"19317","72315"
"19318","99670"
"19319","06878"
"19320","61254"
"19321","54870"
"19322","99751"
"19323","37820"
"19324","37023"
"19325","12816"
"19326","38253"
"19327","40046"
"19328","67658"
"19329","94564"
"19330","92328"
"19331","90403"
"19332","12937"
"19333","63822"
"19334","58573"
"19335","18642"
"19336","24225"
"19337","17015"
"19338","18214"
"19339","78542"
"19340","40152"
"19341","42326"
"19342","41862"
"19343","30078"
"19344","31007"
"19345","83867"
"19346","59031"
"19347","83602"
"19348","12832"
"19349","22576"
"19350","75019"
"19351","75166"
"19352","76036"
"19353","70445"
"19354","70374"
"19355","20878"
"19356","96776"
"19357","62943"
"19358","62806"
"19359","12838"
"19360","53137"
"19361","54611"
"19362","77303"
"19363","75707"
"19364","78233"
"19365","04270"
"19366","20744"
"19367","01522"
"19368","02648"
"19369","61061"
"19370","12863"
"19371","62894"
"19372","54539"
"19373","62037"
"19374","79532"
"19375","77562"
"19376","01534"
"19377","49415"
"19378","49058"
"19379","48413"
"19380","61021"
"19381","12885"
"19382","62628"
"19383","61315"
"19384","62876"
"19385","62815"
"19386","62053"
"19387","99517"
"19388","32209"
"19389","61862"
"19390","75572"
"19391","76678"
"19392","12887"
"19393","49328"
"19394","48745"
"19395","46528"
"19396","84113"
"19397","05649"
"19398","38579"
"19399","58316"
"19400","03101"
"19401","07081"
"19402","53167"
"19403","12901"
"19404","37352"
"19405","05650"
"19406","56258"
"19407","55941"
"19408","39563"
"19409","17370"
"19410","25704"
"19411","30518"
"19412","30238"
"19413","54979"
"19414","12933"
"19415","13648"
"19416","58849"
"19417","43462"
"19418","30056"
"19419","31083"
"19420","96717"
"19421","60021"
"19422","98528"
"19423","35806"
"19424","54495"
"19425","12942"
"19426","05661"
"19427","58078"
"19428","12492"
"19429","12431"
"19430","12858"
"19431","60188"
"19432","83850"
"19433","61910"
"19434","35601"
"19435","38391"
"19436","48074"
"19437","79403"
"19438","24981"
"19439","53926"
"19440","54301"
"19441","74085"
"19442","44047"
"19443","61044"
"19444","62928"
"19445","60131"
"19446","60479"
"19447","23139"
"19448","38666"
"19449","35974"
"19450","85120"
"19451","86003"
"19452","72479"
"19453","54960"
"19454","92327"
"19455","54467"
"19456","74834"
"19457","97086"
"19458","18944"
"19459","48075"
"19460","39823"
"19461","46538"
"19462","46166"
"19463","46745"
"19464","50853"
"19465","51563"
"19466","72413"
"19467","72204"
"19468","92602"
"19469","54435"
"19470","48080"
"19471","21912"
"19472","99836"
"19473","30125"
"19474","95132"
"19475","50262"
"19476","52755"
"19477","50477"
"19478","50219"
"19479","15741"
"19480","15722"
"19481","48082"
"19482","18346"
"19483","18244"
"19484","07093"
"19485","64682"
"19486","56484"
"19487","33160"
"19488","91105"
"19489","60613"
"19490","83676"
"19491","66013"
"19492","48083"
"19493","67584"
"19494","67846"
"19495","67645"
"19496","02831"
"19497","16441"
"19498","04668"
"19499","21631"
"19500","23161"
"19501","30124"
"19502","50140"
"19503","35070"
"19504","60044"
"19505","34114"
"19506","40040"
"19507","42776"
"19508","70806"
"19509","19056"
"19510","16317"
"19511","18829"
"19512","96065"
"19513","16834"
"19514","48085"
"19515","76014"
"19516","57371"
"19517","04693"
"19518","46737"
"19519","04043"
"19520","71016"
"19521","70094"
"19522","57793"
"19523","57073"
"19524","57756"
"19525","35077"
"19526","36855"
"19527","06239"
"19528","06903"
"19529","94970"
"19530","47404"
"19531","60097"
"19532","47130"
"19533","71235"
"19534","21043"
"19535","01540"
"19536","32091"
"19537","32442"
"19538","08723"
"19539","02809"
"19540","28073"
"19541","24413"
"19542","92054"
"19543","34607"
"19544","34110"
"19545","47326"
"19546","83870"
"19547","35079"
"19548","02368"
"19549","02561"
"19550","49344"
"19551","67864"
"19552","02669"
"19553","04746"
"19554","23356"
"19555","74363"
"19556","98407"
"19557","19311"
"19558","98901"
"19559","38704"
"19560","35160"
"19561","35224"
"19562","47060"
"19563","06351"
"19564","62941"
"19565","30552"
"19566","83851"
"19567","60068"
"19568","04676"
"19569","71072"
"19570","35082"
"19571","18947"
"19572","35545"
"19573","36029"
"19574","85122"
"19575","66502"
"19576","08310"
"19577","89135"
"19578","03304"
"19579","48720"
"19580","56027"
"19581","55072"
"19582","41073"
"19583","01222"
"19584","02744"
"19585","21668"
"19586","01035"
"19587","01337"
"19588","11965"
"19589","72666"
"19590","72377"
"19591","94541"
"19592","55614"
"19593","92220"
"19594","07058"
"19595","68434"
"19596","69161"
"19597","69027"
"19598","07304"
"19599","67140"
"19600","21782"
"19601","46406"
"19602","66767"
"19603","41339"
"19604","49248"
"19605","03257"
"19606","07039"
"19607","07960"
"19608","93706"
"19609","93258"
"19610","90037"
"19611","95735"
"19612","91001"
"19613","95204"
"19614","48401"
"19615","07481"
"19616","08089"
"19617","13028"
"19618","14625"
"19619","13206"
"19620","13083"
"19621","61028"
"19622","21219"
"19623","57648"
"19624","07470"
"19625","50664"
"19626","95984"
"19627","95254"
"19628","80757"
"19629","81506"
"19630","87028"
"19631","68841"
"19632","59922"
"19633","68131"
"19634","56187"
"19635","04680"
"19636","46537"
"19637","71049"
"19638","07731"
"19639","02886"
"19640","27876"
"19641","06492"
"19642","32702"
"19643","33438"
"19644","32187"
"19645","33134"
"19646","28429"
"19647","39191"
"19648","14820"
"19649","10920"
"19650","44112"
"19651","30083"
"19652","30062"
"19653","27958"
"19654","98026"
"19655","43606"
"19656","54850"
"19657","54303"
"19658","39192"
"19659","65616"
"19660","63016"
"19661","60561"
"19662","60133"
"19663","62436"
"19664","62976"
"19665","15380"
"19666","19607"
"19667","26750"
"19668","98607"
"19669","98639"
"19670","41472"
"19671","98010"
"19672","65650"
"19673","65232"
"19674","68771"
"19675","60437"
"19676","47946"
"19677","46910"
"19678","46128"
"19679","15757"
"19680","17512"
"19681","30417"
"19682","24828"
"19683","49781"
"19684","01879"
"19685","68922"
"19686","68003"
"19687","51004"
"19688","52404"
"19689","50859"
"19690","50216"
"19691","16411"
"19692","39194"
"19693","73950"
"19694","19505"
"19695","67485"
"19696","49962"
"19697","49099"
"19698","02633"
"19699","89405"
"19700","08034"
"19701","07838"
"19702","07087"
"19703","41501"
"19704","66510"
"19705","67058"
"19706","67673"
"19707","40915"
"19708","35016"
"19709","36915"
"19710","02643"
"19711","64752"
"19712","63070"
"19713","63010"
"19714","41514"
"19715","10607"
"19716","10591"
"19717","12167"
"19718","11217"
"19719","25213"
"19720","25039"
"19721","05031"
"19722","84095"
"19723","36267"
"19724","35741"
"19725","41517"
"19726","36006"
"19727","99748"
"19728","88125"
"19729","55104"
"19730","49408"
"19731","49232"
"19732","12721"
"19733","13492"
"19734","68924"
"19735","68305"
"19736","39202"
"19737","22718"
"19738","53179"
"19739","54499"
"19740","35971"
"19741","85048"
"19742","85034"
"19743","58415"
"19744","88029"
"19745","03451"
"19746","38654"
"19747","41526"
"19748","27523"
"19749","10605"
"19750","32223"
"19751","54124"
"19752","25932"
"19753","44460"
"19754","45434"
"19755","10452"
"19756","13827"
"19757","64496"
"19758","07870"
"19759","28470"
"19760","28605"
"19761","12932"
"19762","54498"
"19763","92251"
"19764","14711"
"19765","73763"
"19766","74427"
"19767","08514"
"19768","74072"
"19769","07878"
"19770","44103"
"19771","28730"
"19772","28578"
"19773","03229"
"19774","44504"
"19775","63451"
"19776","54812"
"19777","21217"
"19778","21542"
"19779","23068"
"19780","99166"
"19781","26039"
"19782","97062"
"19783","16240"
"19784","97385"
"19785","45623"
"19786","03852"
"19787","14551"
"19788","58647"
"19789","58460"
"19790","19086"
"19791","19142"
"19792","07927"
"19793","05772"
"19794","36615"
"19795","06413"
"19796","94404"
"19797","06444"
"19798","19802"
"19799","18064"
"19800","18045"
"19801","15020"
"19802","15219"
"19803","21223"
"19804","14174"
"19805","12029"
"19806","57716"
"19807","92315"
"19808","90018"
"19809","93723"
"19810","94086"
"19811","83872"
"19812","91745"
"19813","47620"
"19814","08006"
"19815","76370"
"19816","76306"
"19817","75708"
"19818","16125"
"19819","15376"
"19820","96124"
"19821","95125"
"19822","80301"
"19823","80804"
"19824","30013"
"19825","26147"
"19826","62530"
"19827","67731"
"19828","28277"
"19829","76126"
"19830","75020"
"19831","78141"
"19832","68352"
"19833","27875"
"19834","01243"
"19835","06090"
"19836","26152"
"19837","06708"
"19838","32628"
"19839","76364"
"19840","14224"
"19841","38118"
"19842","12763"
"19843","75496"
"19844","77336"
"19845","49046"
"19846","49776"
"19847","08023"
"19848","49963"
"19849","32113"
"19850","30256"
"19851","28677"
"19852","14710"
"19853","74051"
"19854","78376"
"19855","22664"
"19856","22480"
"19857","55318"
"19858","08026"
"19859","55025"
"19860","55934"
"19861","31408"
"19862","30025"
"19863","58736"
"19864","44231"
"19865","44135"
"19866","24014"
"19867","23938"
"19868","99029"
"19869","21250"
"19870","56585"
"19871","39208"
"19872","96766"
"19873","61815"
"19874","60061"
"19875","61567"
"19876","58384"
"19877","45251"
"19878","45309"
"19879","45327"
"19880","21252"
"19881","30535"
"19882","30064"
"19883","01602"
"19884","49458"
"19885","48897"
"19886","55427"
"19887","55071"
"19888","56227"
"19889","34714"
"19890","72032"
"19891","22646"
"19892","08035"
"19893","72718"
"19894","81225"
"19895","24867"
"19896","92011"
"19897","30171"
"19898","30012"
"19899","55046"
"19900","56316"
"19901","55105"
"19902","85147"
"19903","17056"
"19904","85605"
"19905","06905"
"19906","62846"
"19907","27941"
"19908","10543"
"19909","54733"
"19910","31035"
"19911","62642"
"19912","38754"
"19913","38629"
"19914","12975"
"19915","72045"
"19916","94612"
"19917","93555"
"19918","22851"
"19919","01960"
"19920","24916"
"19921","96778"
"19922","96780"
"19923","83834"
"19924","39162"
"19925","12998"
"19926","65638"
"19927","92630"
"19928","93268"
"19929","95363"
"19930","72642"
"19931","49050"
"19932","58529"
"19933","17249"
"19934","05762"
"19935","19075"
"19936","17072"
"19937","10975"
"19938","14588"
"19939","14067"
"19940","96789"
"19941","60046"
"19942","68833"
"19943","03601"
"19944","68938"
"19945","72648"
"19946","95673"
"19947","13021"
"19948","92376"
"19949","92832"
"19950","91730"
"19951","59222"
"19952","59929"
"19953","12583"
"19954","62374"
"19955","60410"
"19956","83246"
"19957","68318"
"19958","17075"
"19959","03047"
"19960","08802"
"19961","07033"
"19962","11948"
"19963","91770"
"19964","90059"
"19965","92509"
"19966","90058"
"19967","91731"
"19968","95041"
"19969","17077"
"19970","95937"
"19971","28748"
"19972","62868"
"19973","62907"
"19974","14548"
"19975","13136"
"19976","12742"
"19977","10463"
"19978","71940"
"19979","72085"
"19980","17097"
"19981","93244"
"19982","80023"
"19983","81020"
"19984","80649"
"19985","27021"
"19986","14616"
"19987","45449"
"19988","61046"
"19989","61484"
"19990","62454"
"19991","17104"
"19992","62682"
"19993","72435"
"19994","95122"
"19995","92069"
"19996","94546"
"19997","80915"
"19998","80125"
"19999","80654"
"20000","43026"
"20001","45789"
"20002","07720"
"20003","24368"
"20004","13062"
"20005","12483"
"20006","11568"
"20007","62548"
"20008","60119"
"20009","61014"
"20010","72628"
"20011","72533"
"20012","80740"
"20013","06759"
"20014","76010"
"20015","17214"
"20016","13494"
"20017","12075"
"20018","73045"
"20019","74350"
"20020","77037"
"20021","15220"
"20022","44131"
"20023","43811"
"20024","15009"
"20025","72941"
"20026","17220"
"20027","91935"
"20028","91709"
"20029","37861"
"20030","37819"
"20031","17701"
"20032","97233"
"20033","17068"
"20034","29147"
"20035","57571"
"20036","38362"
"20037","40231"
"20038","38108"
"20039","38059"
"20040","15723"
"20041","93907"
"20042","92835"
"20043","90027"
"20044","95816"
"20045","79770"
"20046","23834"
"20047","15132"
"20048","46125"
"20049","15744"
"20050","15431"
"20051","18086"
"20052","15738"
"20053","44687"
"20054","18254"
"20055","18602"
"20056","78573"
"20057","77386"
"20058","77597"
"20059","38738"
"20060","93305"
"20061","95365"
"20062","95842"
"20063","90638"
"20064","95978"
"20065","23359"
"20066","22846"
"20067","24421"
"20068","45879"
"20069","16263"
"20070","55085"
"20071","15456"
"20072","16732"
"20073","75215"
"20074","79012"
"20075","77083"
"20076","78407"
"20077","77380"
"20078","40376"
"20079","92677"
"20080","95950"
"20081","60072"
"20082","80132"
"20083","98051"
"20084","24849"
"20085","24869"
"20086","18832"
"20087","37062"
"20088","38316"
"20089","42782"
"20090","40171"
"20091","70752"
"20092","35119"
"20093","80403"
"20094","81045"
"20095","80809"
"20096","06712"
"20097","80475"
"20098","80457"
"20099","75117"
"20100","05360"
"20101","32780"
"20102","33548"
"20103","35121"
"20104","33510"
"20105","70780"
"20106","70651"
"20107","06282"
"20108","33771"
"20109","34105"
"20110","32141"
"20111","57380"
"20112","54621"
"20113","54425"
"20114","25315"
"20115","32132"
"20116","33805"
"20117","33990"
"20118","30082"
"20119","21788"
"20120","04786"
"20121","01073"
"20122","21162"
"20123","32055"
"20124","06511"
"20125","33493"
"20126","55108"
"20127","54772"
"20128","53536"
"20129","31322"
"20130","30297"
"20131","31405"
"20132","17331"
"20133","52043"
"20134","52216"
"20135","51443"
"20136","51111"
"20137","41535"
"20138","66436"
"20139","66753"
"20140","67863"
"20141","31707"
"20142","30122"
"20143","39834"
"20144","17044"
"20145","97317"
"20146","51250"
"20147","52727"
"20148","41537"
"20149","52649"
"20150","50841"
"20151","16748"
"20152","31011"
"20153","96821"
"20154","96782"
"20155","83233"
"20156","96722"
"20157","37921"
"20158","15536"
"20159","41555"
"20160","16416"
"20161","15448"
"20162","52552"
"20163","51033"
"20164","66088"
"20165","67118"
"20166","82835"
"20167","35763"
"20168","35477"
"20169","83262"
"20170","30427"
"20171","60608"
"20172","60160"
"20173","78566"
"20174","77340"
"20175","67120"
"20176","67475"
"20177","67510"
"20178","66440"
"20179","67437"
"20180","36540"
"20181","41567"
"20182","85552"
"20183","61761"
"20184","60501"
"20185","62054"
"20186","83451"
"20187","75448"
"20188","79031"
"20189","75693"
"20190","76120"
"20191","66968"
"20192","32447"
"20193","40763"
"20194","40223"
"20195","72460"
"20196","91307"
"20197","92262"
"20198","90077"
"20199","60423"
"20200","62466"
"20201","95060"
"20202","06830"
"20203","41605"
"20204","78213"
"20205","78338"
"20206","75039"
"20207","37143"
"20208","40771"
"20209","40160"
"20210","42565"
"20211","92881"
"20212","93615"
"20213","90670"
"20214","41621"
"20215","06035"
"20216","81138"
"20217","31527"
"20218","33922"
"20219","51345"
"20220","47849"
"20221","05769"
"20222","23417"
"20223","20180"
"20224","41018"
"20225","24816"
"20226","30434"
"20227","41655"
"20228","71229"
"20229","95944"
"20230","80010"
"20231","06524"
"20232","32301"
"20233","62086"
"20234","02664"
"20235","01907"
"20236","50466"
"20237","41650"
"20238","98953"
"20239","25302"
"20240","61068"
"20241","61054"
"20242","60550"
"20243","61426"
"20244","61606"
"20245","61368"
"20246","81036"
"20247","33647"
"20248","35622"
"20249","32948"
"20250","04424"
"20251","55069"
"20252","40211"
"20253","26269"
"20254","24951"
"20255","84513"
"20256","47834"
"20257","47619"
"20258","46130"
"20259","30436"
"20260","33538"
"20261","32205"
"20262","30017"
"20263","04634"
"20264","63535"
"20265","05155"
"20266","54827"
"20267","53526"
"20268","47438"
"20269","47165"
"20270","55724"
"20271","46143"
"20272","30739"
"20273","31072"
"20274","31098"
"20275","38746"
"20276","48728"
"20277","53711"
"20278","99666"
"20279","46784"
"20280","46992"
"20281","26206"
"20282","47036"
"20283","81638"
"20284","06040"
"20285","80463"
"20286","03851"
"20287","48468"
"20288","65246"
"20289","25651"
"20290","23035"
"20291","24834"
"20292","26222"
"20293","47232"
"20294","47611"
"20295","47971"
"20296","50607"
"20297","32148"
"20298","32692"
"20299","06237"
"20300","06785"
"20301","39752"
"20302","10901"
"20303","21523"
"20304","97024"
"20305","47023"
"20306","46041"
"20307","46256"
"20308","52659"
"20309","52540"
"20310","52305"
"20311","52254"
"20312","50327"
"20313","33930"
"20314","26241"
"20315","32502"
"20316","33428"
"20317","33966"
"20318","33317"
"20319","33417"
"20320","32821"
"20321","68410"
"20322","69041"
"20323","59484"
"20324","11971"
"20325","21532"
"20326","47970"
"20327","46779"
"20328","47905"
"20329","47327"
"20330","52162"
"20331","50479"
"20332","50638"
"20333","51232"
"20334","52354"
"20335","33919"
"20336","98154"
"20337","26253"
"20338","33965"
"20339","30040"
"20340","32355"
"20341","32181"
"20342","03785"
"20343","16115"
"20344","47874"
"20345","46765"
"20346","47841"
"20347","52556"
"20348","08056"
"20349","50129"
"20350","67743"
"20351","30152"
"20352","31788"
"20353","84790"
"20354","14803"
"20355","14817"
"20356","23427"
"20357","47116"
"20358","50605"
"20359","21555"
"20360","51442"
"20361","66725"
"20362","67010"
"20363","66025"
"20364","39705"
"20365","83619"
"20366","33993"
"20367","51556"
"20368","55756"
"20369","67059"
"20370","21561"
"20371","67952"
"20372","38864"
"20373","64485"
"20374","39356"
"20375","39088"
"20376","47616"
"20377","30752"
"20378","42001"
"20379","66771"
"20380","40379"
"20381","08065"
"20382","41254"
"20383","66431"
"20384","64674"
"20385","65603"
"20386","64632"
"20387","39751"
"20388","39427"
"20389","01430"
"20390","21620"
"20391","67545"
"20392","26288"
"20393","41232"
"20394","41132"
"20395","41759"
"20396","07723"
"20397","07719"
"20398","29582"
"20399","07928"
"20400","07728"
"20401","63367"
"20402","65236"
"20403","08072"
"20404","63348"
"20405","61415"
"20406","04032"
"20407","49090"
"20408","40060"
"20409","41839"
"20410","28902"
"20411","99163"
"20412","63091"
"20413","65049"
"20414","08074"
"20415","65349"
"20416","04662"
"20417","02638"
"20418","64421"
"20419","49969"
"20420","48201"
"20421","41822"
"20422","41666"
"20423","71439"
"20424","13682"
"20425","21613"
"20426","45236"
"20427","53587"
"20428","63552"
"20429","65629"
"20430","28173"
"20431","59353"
"20432","70563"
"20433","70121"
"20434","70393"
"20435","71356"
"20436","21624"
"20437","71407"
"20438","71243"
"20439","21156"
"20440","18074"
"20441","74956"
"20442","65069"
"20443","63751"
"20444","65473"
"20445","71450"
"20446","70453"
"20447","26422"
"20448","21627"
"20449","04038"
"20450","21208"
"20451","21737"
"20452","04412"
"20453","04364"
"20454","35111"
"20455","36271"
"20456","64668"
"20457","65768"
"20458","63115"
"20459","13102"
"20460","63073"
"20461","71406"
"20462","04963"
"20463","04411"
"20464","21017"
"20465","04056"
"20466","04970"
"20467","04956"
"20468","20785"
"20469","21128"
"20470","13113"
"20471","99841"
"20472","71999"
"20473","94028"
"20474","68787"
"20475","07052"
"20476","03833"
"20477","03449"
"20478","04342"
"20479","01862"
"20480","01921"
"20481","17238"
"20482","20851"
"20483","01746"
"20484","02717"
"20485","20675"
"20486","49927"
"20487","02375"
"20488","02474"
"20489","48304"
"20490","95682"
"20491","61319"
"20492","17241"
"20493","96741"
"20494","20622"
"20495","02135"
"20496","48850"
"20497","01080"
"20498","62044"
"20499","61873"
"20500","46220"
"20501","92570"
"20502","94563"
"20503","17250"
"20504","91206"
"20505","61547"
"20506","83324"
"20507","62560"
"20508","49332"
"20509","49251"
"20510","48614"
"20511","46072"
"20512","46113"
"20513","47443"
"20514","13126"
"20515","50111"
"20516","92405"
"20517","80128"
"20518","81418"
"20519","81144"
"20520","06409"
"20521","62905"
"20522","61543"
"20523","95319"
"20524","63539"
"20525","17253"
"20526","07522"
"20527","72339"
"20528","49713"
"20529","49712"
"20530","48342"
"20531","50131"
"20532","50074"
"20533","51239"
"20534","67211"
"20535","66049"
"20536","17256"
"20537","20506"
"20538","34434"
"20539","33841"
"20540","33467"
"20541","52334"
"20542","49793"
"20543","04679"
"20544","49425"
"20545","49013"
"20546","48023"
"20547","17263"
"20548","66425"
"20549","42084"
"20550","41085"
"20551","70809"
"20552","71432"
"20553","49820"
"20554","55080"
"20555","21750"
"20556","20198"
"20557","48883"
"20558","26280"
"20559","17306"
"20560","49619"
"20561","70776"
"20562","04097"
"20563","20607"
"20564","04221"
"20565","56256"
"20566","56243"
"20567","56293"
"20568","56141"
"20569","44855"
"20570","17311"
"20571","12778"
"20572","29840"
"20573","44861"
"20574","72470"
"20575","56215"
"20576","56684"
"20577","56715"
"20578","04481"
"20579","48462"
"20580","02190"
"20581","17318"
"20582","48638"
"20583","48334"
"20584","49872"
"20585","56659"
"20586","55355"
"20587","95567"
"20588","93552"
"20589","95002"
"20590","56379"
"20591","55307"
"20592","13205"
"20593","56068"
"20594","55416"
"20595","55764"
"20596","55992"
"20597","38828"
"20598","39480"
"20599","56465"
"20600","44445"
"20601","14220"
"20602","12493"
"20603","17343"
"20604","12921"
"20605","43334"
"20606","75562"
"20607","92548"
"20608","76131"
"20609","74653"
"20610","56342"
"20611","52561"
"20612","60966"
"20613","47371"
"20614","30107"
"20615","59640"
"20616","56074"
"20617","39440"
"20618","74071"
"20619","73011"
"20620","73701"
"20621","76179"
"20622","92603"
"20623","76226"
"20624","33194"
"20625","55112"
"20626","68748"
"20627","65712"
"20628","56310"
"20629","55707"
"20630","97451"
"20631","97908"
"20632","74754"
"20633","78064"
"20634","57220"
"20635","33196"
"20636","35136"
"20637","36801"
"20638","47832"
"20639","38685"
"20640","39082"
"20641","16351"
"20642","15906"
"20643","78112"
"20644","95536"
"20645","95569"
"20646","63566"
"20647","35146"
"20648","43338"
"20649","49715"
"20650","39464"
"20651","64476"
"20652","64492"
"20653","16625"
"20654","32038"
"20655","70437"
"20656","73438"
"20657","57529"
"20658","55116"
"20659","43345"
"20660","43348"
"20661","63955"
"20662","63534"
"20663","64601"
"20664","32356"
"20665","30079"
"20666","96819"
"20667","96860"
"20668","89509"
"20669","84049"
"20670","30115"
"20671","89512"
"20672","70807"
"20673","88135"
"20674","63956"
"20675","56029"
"20676","51532"
"20677","64064"
"20678","65620"
"20679","65284"
"20680","62553"
"20681","60091"
"20682","61030"
"20683","60532"
"20684","61488"
"20685","61261"
"20686","04093"
"20687","02767"
"20688","21520"
"20689","48363"
"20690","32707"
"20691","35966"
"20692","30117"
"20693","15063"
"20694","64507"
"20695","60940"
"20696","61532"
"20697","46106"
"20698","46149"
"20699","46795"
"20700","49242"
"20701","49676"
"20702","48310"
"20703","30118"
"20704","56044"
"20705","47373"
"20706","63349"
"20707","65072"
"20708","07201"
"20709","51572"
"20710","50173"
"20711","50524"
"20712","52165"
"20713","50073"
"20714","50218"
"20715","56093"
"20716","56515"
"20717","59226"
"20718","56359"
"20719","36470"
"20720","66863"
"20721","08620"
"20722","07432"
"20723","03216"
"20724","68025"
"20725","35151"
"20726","03595"
"20727","66843"
"20728","67454"
"20729","56282"
"20730","55435"
"20731","38651"
"20732","55103"
"20733","64867"
"20734","45066"
"20735","68741"
"20736","48152"
"20737","45101"
"20738","66871"
"20739","88136"
"20740","87357"
"20741","67865"
"20742","40737"
"20743","40228"
"20744","41216"
"20745","65347"
"20746","65783"
"20747","30120"
"20748","89706"
"20749","49744"
"20750","48192"
"20751","48307"
"20752","48877"
"20753","48744"
"20754","14739"
"20755","11795"
"20756","11377"
"20757","13692"
"20758","30121"
"20759","12196"
"20760","40840"
"20761","40009"
"20762","03847"
"20763","03251"
"20764","07012"
"20765","07950"
"20766","07932"
"20767","49341"
"20768","48881"
"20769","41669"
"20770","13314"
"20771","59231"
"20772","64096"
"20773","13301"
"20774","14802"
"20775","42236"
"20776","42371"
"20777","88024"
"20778","07643"
"20779","12538"
"20780","05485"
"20781","32456"
"20782","11961"
"20783","10918"
"20784","48742"
"20785","56350"
"20786","56434"
"20787","55305"
"20788","28147"
"20789","28683"
"20790","21702"
"20791","04085"
"20792","30441"
"20793","02576"
"20794","48604"
"20795","10023"
"20796","14561"
"20797","11213"
"20798","12516"
"20799","12809"
"20800","55391"
"20801","56078"
"20802","56339"
"20803","41701"
"20804","13156"
"20805","27027"
"20806","48446"
"20807","71998"
"20808","90701"
"20809","72005"
"20810","97302"
"20811","85251"
"20812","59065"
"20813","30339"
"20814","41721"
"20815","55013"
"20816","56019"
"20817","55030"
"20818","27020"
"20819","58240"
"20820","72447"
"20821","91913"
"20822","72453"
"20823","75550"
"20824","46514"
"20825","55731"
"20826","41203"
"20827","56331"
"20828","47358"
"20829","62286"
"20830","62421"
"20831","78657"
"20832","68760"
"20833","66939"
"20834","28387"
"20835","58051"
"20836","30442"
"20837","58048"
"20838","52632"
"20839","59274"
"20840","57252"
"20841","78676"
"20842","78731"
"20843","78744"
"20844","65723"
"20845","65729"
"20846","65733"
"20847","41746"
"20848","45786"
"20849","12751"
"20850","13071"
"20851","10960"
"20852","53042"
"20853","57258"
"20854","98335"
"20855","98339"
"20856","98346"
"20857","33916"
"20858","32463"
"20859","78754"
"20860","78010"
"20861","78704"
"20862","24361"
"20863","24363"
"20864","74075"
"20865","73739"
"20866","73446"
"20867","83535"
"20868","23321"
"20869","30445"
"20870","78885"
"20871","78943"
"20872","58212"
"20873","70810"
"20874","73937"
"20875","70817"
"20876","76244"
"20877","97026"
"20878","15610"
"20879","29672"
"20880","55734"
"20881","62320"
"20882","43223"
"20883","73543"
"20884","42455"
"20885","79024"
"20886","92653"
"20887","74831"
"20888","76264"
"20889","17053"
"20890","17551"
"20891","84072"
"20892","30451"
"20893","15942"
"20894","15547"
"20895","15631"
"20896","29673"
"20897","28129"
"20898","79061"
"20899","79093"
"20900","79103"
"20901","79119"
"20902","76266"
"20903","41766"
"20904","92692"
"20905","74869"
"20906","15017"
"20907","44666"
"20908","29683"
"20909","15062"
"20910","02815"
"20911","15615"
"20912","18932"
"20913","62326"
"20914","26351"
"20915","44076"
"20916","79234"
"20917","19122"
"20918","16930"
"20919","17929"
"20920","98823"
"20921","98831"
"20922","98857"
"20923","29407"
"20924","57620"
"20925","26361"
"20926","37212"
"20927","37860"
"20928","28463"
"20929","78660"
"20930","78002"
"20931","76454"
"20932","99001"
"20933","75146"
"20934","70452"
"20935","90802"
"20936","21641"
"20937","15936"
"20938","15692"
"20939","15624"
"20940","59247"
"20941","66418"
"20942","54628"
"20943","68340"
"20944","62822"
"20945","78073"
"20946","75173"
"20947","08093"
"20948","79401"
"20949","78391"
"20950","70455"
"20951","97342"
"20952","63135"
"20953","47393"
"20954","61373"
"20955","58238"
"20956","56644"
"20957","66428"
"20958","26412"
"20959","66432"
"20960","54952"
"20961","49009"
"20962","54930"
"20963","97346"
"20964","80922"
"20965","58243"
"20966","20147"
"20967","57248"
"20968","43084"
"20969","21661"
"20970","27806"
"20971","45154"
"20972","54956"
"20973","68756"
"20974","99621"
"20975","99633"
"20976","72524"
"20977","80930"
"20978","72531"
"20979","57792"
"20980","26419"
"20981","58649"
"20982","61931"
"20983","54963"
"20984","54966"
"20985","99644"
"20986","54125"
"20987","33907"
"20988","71024"
"20989","73947"
"20990","71030"
"20991","26436"
"20992","53566"
"20993","58620"
"20994","28759"
"20995","82638"
"20996","83545"
"20997","64722"
"20998","23301"
"20999","97753"
"21000","76366"
"21001","49853"
"21002","05154"
"21003","26447"
"21004","39532"
"21005","99758"
"21006","98373"
"21007","99774"
"21008","99926"
"21009","33931"
"21010","62344"
"21011","23308"
"21012","44050"
"21013","44052"
"21014","21705"
"21015","76372"
"21016","74930"
"21017","35972"
"21018","46959"
"21019","51559"
"21020","48801"
"21021","51564"
"21022","74949"
"21023","06266"
"21024","80755"
"21025","13316"
"21026","28453"
"21027","66402"
"21028","66406"
"21029","92807"
"21030","76389"
"21031","12463"
"21032","13203"
"21033","36483"
"21034","31303"
"21035","78616"
"21036","13319"
"21037","96114"
"21038","28461"
"21039","68326"
"21040","66935"
"21041","12468"
"21042","27356"
"21043","44064"
"21044","59258"
"21045","56368"
"21046","52627"
"21047","13325"
"21048","96155"
"21049","78655"
"21050","48320"
"21051","64726"
"21052","03077"
"21053","68355"
"21054","44657"
"21055","65756"
"21056","99349"
"21057","99363"
"21058","13341"
"21059","52731"
"21060","63345"
"21061","36538"
"21062","24848"
"21063","26151"
"21064","80836"
"21065","82646"
"21066","65760"
"21067","89060"
"21068","84001"
"21069","13362"
"21070","02163"
"21071","02111"
"21072","47885"
"21073","65779"
"21074","24872"
"21075","05036"
"21076","05067"
"21077","53108"
"21078","65762"
"21079","45215"
"21080","13363"
"21081","24935"
"21082","79369"
"21083","07421"
"21084","20852"
"21085","36870"
"21086","58278"
"21087","33328"
"21088","54614"
"21089","08406"
"21090","03882"
"21091","13365"
"21092","58063"
"21093","67020"
"21094","82712"
"21095","20855"
"21096","20905"
"21097","25405"
"21098","63660"
"21099","33332"
"21100","33592"
"21101","33594"
"21102","13367"
"21103","35643"
"21104","65436"
"21105","53046"
"21106","58259"
"21107","57540"
"21108","24442"
"21109","98424"
"21110","98530"
"21111","98558"
"21112","25414"
"21113","03079"
"21114","82201"
"21115","17522"
"21116","21031"
"21117","25428"
"21118","61802"
"21119","59914"
"21120","37325"
"21121","49724"
"21122","98575"
"21123","62365"
"21124","33950"
"21125","25503"
"21126","13421"
"21127","12423"
"21128","16678"
"21129","22627"
"21130","49743"
"21131","53215"
"21132","61759"
"21133","61760"
"21134","58496"
"21135","29697"
"21136","37877"
"21137","13428"
"21138","62410"
"21139","16691"
"21140","16695"
"21141","12491"
"21142","43460"
"21143","64037"
"21144","32766"
"21145","49730"
"21146","48818"
"21147","51579"
"21148","13440"
"21149","68365"
"21150","28518"
"21151","28525"
"21152","92861"
"21153","12508"
"21154","16750"
"21155","19503"
"21156","19522"
"21157","30750"
"21158","56121"
"21159","50231"
"21160","52037"
"21161","36054"
"21162","46985"
"21163","33036"
"21164","49220"
"21165","61051"
"21166","92868"
"21167","76445"
"21168","99016"
"21169","99030"
"21170","55128"
"21171","19540"
"21172","19604"
"21173","35004"
"21174","52041"
"21175","52044"
"21176","68375"
"21177","34601"
"21178","47431"
"21179","52654"
"21180","52658"
"21181","55150"
"21182","52721"
"21183","99110"
"21184","99136"
"21185","99159"
"21186","40031"
"21187","40052"
"21188","50641"
"21189","34604"
"21190","24017"
"21191","45237"
"21192","32176"
"21193","57261"
"21194","58261"
"21195","61431"
"21196","58270"
"21197","43116"
"21198","99180"
"21199","99212"
"21200","85286"
"21201","84623"
"21202","55602"
"21203","40434"
"21204","46517"
"21205","24422"
"21206","23454"
"21207","53063"
"21208","58497"
"21209","43416"
"21210","58501"
"21211","33573"
"21212","87506"
"21213","72055"
"21214","35180"
"21215","72554"
"21216","39169"
"21217","41262"
"21218","05089"
"21219","22847"
"21220","49735"
"21221","57576"
"21222","23409"
"21223","71043"
"21224","74006"
"21225","82443"
"21226","38843"
"21227","39177"
"21228","37342"
"21229","43442"
"21230","32750"
"21231","98321"
"21232","98671"
"21233","44089"
"21234","44093"
"21235","54205"
"21236","75656"
"21237","40440"
"21238","81019"
"21239","74011"
"21240","42533"
"21241","48834"
"21242","48835"
"21243","25033"
"21244","25320"
"21245","23421"
"21246","44646"
"21247","75668"
"21248","35187"
"21249","76463"
"21250","93101"
"21251","93110"
"21252","36036"
"21253","42603"
"21254","52001"
"21255","84037"
"21256","84643"
"21257","84093"
"21258","05827"
"21259","32177"
"21260","38332"
"21261","23963"
"21262","76527"
"21263","93223"
"21264","76561"
"21265","30741"
"21266","36528"
"21267","63336"
"21268","93424"
"21269","76862"
"21270","40444"
"21271","76870"
"21272","93449"
"21273","66516"
"21274","28547"
"21275","16912"
"21276","12701"
"21277","12729"
"21278","12743"
"21279","39668"
"21280","47519"
"21281","40445"
"21282","47522"
"21283","33128"
"21284","76934"
"21285","85023"
"21286","85024"
"21287","34610"
"21288","65463"
"21289","44702"
"21290","12759"
"21291","12768"
"21292","40447"
"21293","60013"
"21294","47525"
"21295","47529"
"21296","47532"
"21297","49305"
"21298","85028"
"21299","12870"
"21300","17045"
"21301","45311"
"21302","24520"
"21303","60452"
"21304","70002"
"21305","55032"
"21306","38643"
"21307","47920"
"21308","65806"
"21309","68836"
"21310","65810"
"21311","73025"
"21312","97042"
"21313","73027"
"21314","50842"
"21315","73029"
"21316","68828"
"21317","28905"
"21318","89011"
"21319","40140"
"21320","46055"
"21321","60035"
"21322","60511"
"21323","60514"
"21324","29519"
"21325","41849"
"21326","62001"
"21327","33761"
"21328","53598"
"21329","62009"
"21330","73537"
"21331","87544"
"21332","91006"
"21333","89821"
"21334","30531"
"21335","48621"
"21336","90743"
"21337","39301"
"21338","62010"
"21339","27865"
"21340","72106"
"21341","70533"
"21342","72063"
"21343","84640"
"21344","60518"
"21345","42122"
"21346","21144"
"21347","28215"
"21348","48453"
"21349","62446"
"21350","23480"
"21351","44136"
"21352","44142"
"21353","84711"
"21354","80525"
"21355","81087"
"21356","75758"
"21357","84642"
"21358","72067"
"21359","39305"
"21360","25817"
"21361","25840"
"21362","28273"
"21363","29801"
"21364","25979"
"21365","12808"
"21366","12823"
"21367","75172"
"21368","72630"
"21369","75682"
"21370","35650"
"21371","25864"
"21372","25882"
"21373","21207"
"21374","37938"
"21375","66533"
"21376","68431"
"21377","44705"
"21378","12833"
"21379","12844"
"21380","12852"
"21381","30458"
"21382","97826"
"21383","85718"
"21384","21210"
"21385","52046"
"21386","47030"
"21387","34654"
"21388","38392"
"21389","62886"
"21390","62889"
"21391","37052"
"21392","60459"
"21393","24473"
"21394","76571"
"21395","76621"
"21396","76628"
"21397","59349"
"21398","52747"
"21399","61080"
"21400","62890"
"21401","45340"
"21402","67110"
"21403","30461"
"21404","45348"
"21405","68818"
"21406","67049"
"21407","67052"
"21408","53577"
"21409","43607"
"21410","93256"
"21411","76667"
"21412","76681"
"21413","31407"
"21414","39322"
"21415","31411"
"21416","49271"
"21417","67127"
"21418","68855"
"21419","68858"
"21420","27832"
"21421","61944"
"21422","76691"
"21423","87010"
"21424","49279"
"21425","21714"
"21426","27313"
"21427","31743"
"21428","57312"
"21429","47917"
"21430","45373"
"21431","64157"
"21432","27871"
"21433","37617"
"21434","29511"
"21435","97015"
"21436","21718"
"21437","85018"
"21438","85019"
"21439","70043"
"21440","70051"
"21441","91103"
"21442","58318"
"21443","49546"
"21444","58532"
"21445","75201"
"21446","70518"
"21447","25003"
"21448","08217"
"21449","75203"
"21450","27844"
"21451","44111"
"21452","62419"
"21453","29714"
"21454","73530"
"21455","21054"
"21456","25537"
"21457","37356"
"21458","58535"
"21459","21740"
"21460","22660"
"21461","87535"
"21462","97836"
"21463","88301"
"21464","37902"
"21465","62428"
"21466","64804"
"21467","25560"
"21468","25573"
"21469","25649"
"21470","26560"
"21471","25692"
"21472","16849"
"21473","57656"
"21474","39656"
"21475","75704"
"21476","75706"
"21477","29727"
"21478","54669"
"21479","12561"
"21480","16858"
"21481","26562"
"21482","47042"
"21483","52078"
"21484","74032"
"21485","71108"
"21486","71110"
"21487","93313"
"21488","76836"
"21489","22738"
"21490","22740"
"21491","79928"
"21492","26572"
"21493","22747"
"21494","33614"
"21495","12972"
"21496","17063"
"21497","17070"
"21498","53713"
"21499","49891"
"21500","29545"
"21501","64427"
"21502","93109"
"21503","26582"
"21504","32210"
"21505","53533"
"21506","62515"
"21507","13026"
"21508","17084"
"21509","13036"
"21510","64865"
"21511","62461"
"21512","54427"
"21513","23511"
"21514","26586"
"21515","83858"
"21516","19468"
"21517","14218"
"21518","22811"
"21519","58561"
"21520","52155"
"21521","48888"
"21522","13054"
"21523","49548"
"21524","31756"
"21525","26587"
"21526","61474"
"21527","44216"
"21528","54446"
"21529","28579"
"21530","28583"
"21531","68453"
"21532","54731"
"21533","49420"
"21534","63548"
"21535","16511"
"21536","21781"
"21537","05774"
"21538","47136"
"21539","47138"
"21540","48895"
"21541","61476"
"21542","56732"
"21543","49601"
"21544","28586"
"21545","24087"
"21546","38455"
"21547","26610"
"21548","85233"
"21549","91011"
"21550","93720"
"21551","80653"
"21552","52175"
"21553","56201"
"21554","52207"
"21555","49612"
"21556","22042"
"21557","53517"
"21558","53805"
"21559","08270"
"21560","24578"
"21561","45382"
"21562","83118"
"21563","13066"
"21564","13081"
"21565","38732"
"21566","60067"
"21567","43014"
"21568","59448"
"21569","33144"
"21570","13471"
"21571","57014"
"21572","57701"
"21573","59931"
"21574","22715"
"21575","68874"
"21576","24603"
"21577","68882"
"21578","35114"
"21579","32117"
"21580","48120"
"21581","17570"
"21582","40334"
"21583","58030"
"21584","56517"
"21585","57022"
"21586","27357"
"21587","58549"
"21588","33611"
"21589","22730"
"21590","53528"
"21591","67205"
"21592","13484"
"21593","24631"
"21594","53718"
"21595","35126"
"21596","41527"
"21597","22101"
"21598","58346"
"21599","31781"
"21600","32792"
"21601","48875"
"21602","39702"
"21603","13495"
"21604","62034"
"21605","62036"
"21606","53806"
"21607","41539"
"21608","41554"
"21609","63766"
"21610","58352"
"21611","43536"
"21612","61865"
"21613","52144"
"21614","13601"
"21615","42764"
"21616","36104"
"21617","37664"
"21618","64440"
"21619","43746"
"21620","41564"
"21621","41606"
"21622","48429"
"21623","43540"
"21624","61872"
"21625","13605"
"21626","29469"
"21627","64090"
"21628","39756"
"21629","62512"
"21630","36578"
"21631","56481"
"21632","44223"
"21633","85923"
"21634","71201"
"21635","32449"
"21636","13607"
"21637","60448"
"21638","50703"
"21639","26259"
"21640","40206"
"21641","55052"
"21642","32080"
"21643","32083"
"21644","38680"
"21645","27007"
"21646","57645"
"21647","13619"
"21648","43006"
"21649","75765"
"21650","93519"
"21651","26224"
"21652","26238"
"21653","08055"
"21654","48096"
"21655","38720"
"21656","46532"
"21657","41464"
"21658","17737"
"21659","52806"
"21660","47564"
"21661","93529"
"21662","77003"
"21663","93543"
"21664","26278"
"21665","26327"
"21666","48412"
"21667","50674"
"21668","30423"
"21669","99778"
"21670","13628"
"21671","63730"
"21672","61489"
"21673","77030"
"21674","93618"
"21675","93624"
"21676","28464"
"21677","08081"
"21678","13088"
"21679","13112"
"21680","17251"
"21681","13638"
"21682","48420"
"21683","41524"
"21684","21216"
"21685","21218"
"21686","07930"
"21687","43145"
"21688","37153"
"21689","58483"
"21690","58778"
"21691","79741"
"21692","13641"
"21693","13142"
"21694","13157"
"21695","17321"
"21696","13214"
"21697","21226"
"21698","08015"
"21699","21239"
"21700","12956"
"21701","43146"
"21702","43148"
"21703","17749"
"21704","79755"
"21705","79778"
"21706","79835"
"21707","55111"
"21708","60085"
"21709","55115"
"21710","61847"
"21711","24148"
"21712","44843"
"21713","44846"
"21714","30143"
"21715","62040"
"21716","62047"
"21717","29567"
"21718","35148"
"21719","55118"
"21720","32162"
"21721","30439"
"21722","61250"
"21723","31790"
"21724","57356"
"21725","46205"
"21726","62958"
"21727","82217"
"21728","43760"
"21729","27915"
"21730","23661"
"21731","41713"
"21732","39213"
"21733","41731"
"21734","59748"
"21735","43204"
"21736","50273"
"21737","57363"
"21738","61544"
"21739","69121"
"21740","95943"
"21741","38037"
"21742","29841"
"21743","38042"
"21744","30446"
"21745","41763"
"21746","53118"
"21747","40475"
"21748","57366"
"21749","57763"
"21750","67445"
"21751","45740"
"21752","32220"
"21753","78564"
"21754","38046"
"21755","66030"
"21756","29847"
"21757","30452"
"21758","50278"
"21759","21638"
"21760","21650"
"21761","21655"
"21762","49816"
"21763","37407"
"21764","37409"
"21765","83843"
"21766","78240"
"21767","95687"
"21768","65054"
"21769","55314"
"21770","28609"
"21771","65580"
"21772","26431"
"21773","26443"
"21774","21703"
"21775","61920"
"21776","31017"
"21777","78254"
"21778","95757"
"21779","95762"
"21780","99586"
"21781","40484"
"21782","34222"
"21783","76544"
"21784","79021"
"21785","62424"
"21786","46374"
"21787","13317"
"21788","13322"
"21789","17401"
"21790","56235"
"21791","63037"
"21792","30157"
"21793","52251"
"21794","95815"
"21795","56751"
"21796","08628"
"21797","01030"
"21798","50036"
"21799","50606"
"21800","13354"
"21801","17408"
"21802","31022"
"21803","40505"
"21804","57032"
"21805","27046"
"21806","10925"
"21807","78373"
"21808","95828"
"21809","78385"
"21810","42123"
"21811","70041"
"21812","25121"
"21813","13409"
"21814","30161"
"21815","17529"
"21816","13431"
"21817","54759"
"21818","54761"
"21819","66712"
"21820","66713"
"21821","95912"
"21822","95934"
"21823","55317"
"21824","56244"
"21825","48185"
"21826","64456"
"21827","13450"
"21828","48159"
"21829","60103"
"21830","48162"
"21831","54771"
"21832","45634"
"21833","68974"
"21834","17051"
"21835","66006"
"21836","38873"
"21837","89506"
"21838","89169"
"21839","65464"
"21840","50250"
"21841","50257"
"21842","50261"
"21843","67356"
"21844","45662"
"21845","65026"
"21846","28323"
"21847","38876"
"21848","13786"
"21849","44826"
"21850","44622"
"21851","43465"
"21852","31833"
"21853","38850"
"21854","41824"
"21855","41833"
"21856","67418"
"21857","69042"
"21858","48466"
"21859","58722"
"21860","66014"
"21861","34141"
"21862","38457"
"21863","34691"
"21864","15216"
"21865","02892"
"21866","57427"
"21867","41845"
"21868","31003"
"21869","42023"
"21870","32819"
"21871","48915"
"21872","43767"
"21873","27927"
"21874","23079"
"21875","54750"
"21876","82052"
"21877","28606"
"21878","76903"
"21879","79404"
"21880","35654"
"21881","01364"
"21882","25507"
"21883","31008"
"21884","63025"
"21885","62061"
"21886","27942"
"21887","62069"
"21888","62920"
"21889","54756"
"21890","45426"
"21891","81645"
"21892","48470"
"21893","05343"
"21894","24130"
"21895","05151"
"21896","05476"
"21897","39767"
"21898","47177"
"21899","52231"
"21900","29853"
"21901","65064"
"21902","54473"
"21903","30471"
"21904","68930"
"21905","68935"
"21906","68941"
"21907","68948"
"21908","13650"
"21909","58041"
"21910","65657"
"21911","58038"
"21912","56522"
"21913","56524"
"21914","39332"
"21915","34208"
"21916","62554"
"21917","28345"
"21918","66044"
"21919","68955"
"21920","67336"
"21921","45628"
"21922","43748"
"21923","16061"
"21924","19707"
"21925","46615"
"21926","06437"
"21927","59465"
"21928","59468"
"21929","56533"
"21930","28348"
"21931","62948"
"21932","49015"
"21933","49017"
"21934","32157"
"21935","32832"
"21936","60467"
"21937","32694"
"21938","33187"
"21939","32533"
"21940","55793"
"21941","30511"
"21942","55748"
"21943","60461"
"21944","26520"
"21945","21742"
"21946","63051"
"21947","39338"
"21948","36273"
"21949","47243"
"21950","30045"
"21951","30094"
"21952","35744"
"21953","31049"
"21954","43046"
"21955","08234"
"21956","21776"
"21957","49028"
"21958","30475"
"21959","36279"
"21960","27103"
"21961","31711"
"21962","30455"
"21963","96762"
"21964","21864"
"21965","08559"
"21966","21915"
"21967","08690"
"21968","21783"
"21969","51011"
"21970","21784"
"21971","31545"
"21972","36619"
"21973","62414"
"21974","60098"
"21975","08734"
"21976","08822"
"21977","21790"
"21978","17560"
"21979","13476"
"21980","60471"
"21981","17579"
"21982","56551"
"21983","37047"
"21984","27408"
"21985","60516"
"21986","60007"
"21987","61435"
"21988","61234"
"21989","61413"
"21990","08833"
"21991","08329"
"21992","08872"
"21993","13825"
"21994","13501"
"21995","13606"
"21996","17739"
"21997","13637"
"21998","67455"
"21999","45764"
"22000","69142"
"22001","47453"
"22002","33867"
"22003","26704"
"22004","47330"
"22005","46107"
"22006","47568"
"22007","50160"
"22008","17860"
"22009","31806"
"22010","33449"
"22011","43220"
"22012","17754"
"22013","40468"
"22014","21802"
"22015","38857"
"22016","53916"
"22017","58737"
"22018","27954"
"22019","50563"
"22020","50532"
"22021","52560"
"22022","22312"
"22023","43221"
"22024","27503"
"22025","08341"
"22026","46787"
"22027","40481"
"22028","35208"
"22029","40503"
"22030","35211"
"22031","53925"
"22032","27968"
"22033","27972"
"22034","37732"
"22035","44288"
"22036","21811"
"22037","66524"
"22038","67578"
"22039","67492"
"22040","55953"
"22041","32609"
"22042","51343"
"22043","48461"
"22044","35653"
"22045","50864"
"22046","51002"
"22047","26757"
"22048","68033"
"22049","62563"
"22050","38103"
"22051","29920"
"22052","42410"
"22053","08332"
"22054","21821"
"22055","32619"
"22056","63074"
"22057","56267"
"22058","08350"
"22059","46616"
"22060","32508"
"22061","30477"
"22062","08317"
"22063","66054"
"22064","54493"
"22065","26810"
"22066","26818"
"22067","52336"
"22068","49036"
"22069","21835"
"22070","52345"
"22071","56280"
"22072","26681"
"22073","21801"
"22074","38541"
"22075","68627"
"22076","38545"
"22077","26852"
"22078","17768"
"22079","13673"
"22080","26814"
"22081","78520"
"22082","95970"
"22083","94518"
"22084","57034"
"22085","47613"
"22086","61256"
"22087","63435"
"22088","82229"
"22089","44859"
"22090","13685"
"22091","26866"
"22092","13731"
"22093","18055"
"22094","18328"
"22095","43029"
"22096","27405"
"22097","59758"
"22098","22203"
"22099","44864"
"22100","65617"
"22101","65619"
"22102","08528"
"22103","13750"
"22104","13787"
"22105","95986"
"22106","95993"
"22107","96037"
"22108","43211"
"22109","37189"
"22110","57381"
"22111","22211"
"22112","46760"
"22113","54946"
"22114","21861"
"22115","67487"
"22116","45810"
"22117","67502"
"22118","13797"
"22119","17844"
"22120","96054"
"22121","78588"
"22122","46110"
"22123","35771"
"22124","51235"
"22125","17756"
"22126","69167"
"22127","67521"
"22128","67554"
"22129","45860"
"22130","87574"
"22131","40516"
"22132","38913"
"22133","30178"
"22134","66839"
"22135","32501"
"22136","17767"
"22137","46582"
"22138","39309"
"22139","35773"
"22140","51246"
"22141","48634"
"22142","72156"
"22143","91202"
"22144","90010"
"22145","80224"
"22146","06016"
"22147","13669"
"22148","06052"
"22149","55335"
"22150","60145"
"22151","30189"
"22152","42037"
"22153","60476"
"22154","59105"
"22155","68520"
"22156","69155"
"22157","12211"
"22158","13672"
"22159","72722"
"22160","85934"
"22161","75779"
"22162","92128"
"22163","93646"
"22164","13626"
"22165","13842"
"22166","13859"
"22167","17885"
"22168","57449"
"22169","17776"
"22170","63873"
"22171","42265"
"22172","13841"
"22173","12804"
"22174","28671"
"22175","93630"
"22176","93656"
"22177","77061"
"22178","17921"
"22179","14008"
"22180","13676"
"22181","14012"
"22182","14024"
"22183","14040"
"22184","46825"
"22185","42280"
"22186","32658"
"22187","51453"
"22188","58444"
"22189","29916"
"22190","37421"
"22191","13679"
"22192","77071"
"22193","93901"
"22194","77085"
"22195","97048"
"22196","55343"
"22197","50436"
"22198","46254"
"22199","55349"
"22200","50441"
"22201","39478"
"22202","17814"
"22203","60912"
"22204","63110"
"22205","58323"
"22206","10549"
"22207","14748"
"22208","10705"
"22209","43017"
"22210","80026"
"22211","90042"
"22212","70072"
"22213","17824"
"22214","38943"
"22215","40816"
"22216","55354"
"22217","88430"
"22218","85942"
"22219","92211"
"22220","74116"
"22221","74029"
"22222","87040"
"22223","73040"
"22224","71854"
"22225","49677"
"22226","53228"
"22227","13778"
"22228","89103"
"22229","80543"
"22230","46706"
"22231","51039"
"22232","32548"
"22233","35751"
"22234","95601"
"22235","95606"
"22236","95615"
"22237","73554"
"22238","13784"
"22239","97859"
"22240","72134"
"22241","91355"
"22242","72140"
"22243","51044"
"22244","51047"
"22245","35757"
"22246","78214"
"22247","95637"
"22248","78221"
"22249","13806"
"22250","16223"
"22251","19382"
"22252","15042"
"22253","15211"
"22254","72142"
"22255","97431"
"22256","51054"
"22257","10115"
"22258","10301"
"22259","10309"
"22260","13815"
"22261","10457"
"22262","10506"
"22263","95659"
"22264","78235"
"22265","97068"
"22266","84053"
"22267","15221"
"22268","15671"
"22269","45229"
"22270","43022"
"22271","48187"
"22272","02816"
"22273","85347"
"22274","73626"
"22275","10536"
"22276","10566"
"22277","17980"
"22278","97071"
"22279","87059"
"22280","29464"
"22281","15078"
"22282","30175"
"22283","18430"
"22284","29152"
"22285","29939"
"22286","40409"
"22287","40007"
"22288","14060"
"22289","18018"
"22290","14098"
"22291","14111"
"22292","14134"
"22293","48190"
"22294","80116"
"22295","71747"
"22296","95951"
"22297","37051"
"22298","70652"
"22299","04967"
"22300","21212"
"22301","01810"
"22302","14167"
"22303","40827"
"22304","50322"
"22305","38951"
"22306","85118"
"22307","73053"
"22308","84764"
"22309","58072"
"22310","27110"
"22311","49418"
"22312","59530"
"22313","01011"
"22314","49265"
"22315","46228"
"22316","02446"
"22317","48418"
"22318","48449"
"22319","60553"
"22320","60556"
"22321","51430"
"22322","35816"
"22323","63090"
"22324","84765"
"22325","91387"
"22326","40601"
"22327","56570"
"22328","22401"
"22329","61604"
"22330","31829"
"22331","48894"
"22332","49312"
"22333","56271"
"22334","56353"
"22335","56285"
"22336","56288"
"22337","99690"
"22338","38920"
"22339","56292"
"22340","73642"
"22341","72173"
"22342","72181"
"22343","63855"
"22344","61607"
"22345","57438"
"22346","48043"
"22347","55419"
"22348","56360"
"22349","60144"
"22350","39337"
"22351","56295"
"22352","56296"
"22353","59067"
"22354","61318"
"22355","84782"
"22356","74080"
"22357","32621"
"22358","51358"
"22359","72117"
"22360","46236"
"22361","65685"
"22362","63547"
"22363","64076"
"22364","59537"
"22365","63471"
"22366","74084"
"22367","74107"
"22368","74114"
"22369","86029"
"22370","87583"
"22371","38924"
"22372","84731"
"22373","64475"
"22374","68620"
"22375","03753"
"22376","89110"
"22377","36738"
"22378","56579"
"22379","33177"
"22380","61614"
"22381","33473"
"22382","50424"
"22383","71286"
"22384","93925"
"22385","72120"
"22386","70556"
"22387","72717"
"22388","08041"
"22389","03850"
"22390","07463"
"22391","10916"
"22392","12418"
"22393","42032"
"22394","22437"
"22395","57445"
"22396","57446"
"22397","77094"
"22398","14086"
"22399","12180"
"22400","11697"
"22401","31622"
"22402","94022"
"22403","94040"
"22404","60474"
"22405","77481"
"22406","24165"
"22407","98396"
"22408","37318"
"22409","67566"
"22410","67576"
"22411","67579"
"22412","14411"
"22413","18109"
"22414","18210"
"22415","55786"
"22416","77334"
"22417","77339"
"22418","94118"
"22419","94124"
"22420","90094"
"22421","89120"
"22422","90221"
"22423","99320"
"22424","24565"
"22425","67601"
"22426","32534"
"22427","45898"
"22428","89156"
"22429","18235"
"22430","14477"
"22431","48215"
"22432","60180"
"22433","84069"
"22434","84075"
"22435","26354"
"22436","25111"
"22437","35674"
"22438","67649"
"22439","62091"
"22440","64487"
"22441","55373"
"22442","41002"
"22443","30252"
"22444","46345"
"22445","87824"
"22446","73646"
"22447","73650"
"22448","03586"
"22449","51027"
"22450","24813"
"22451","26425"
"22452","05654"
"22453","28001"
"22454","53947"
"22455","43843"
"22456","28365"
"22457","55382"
"22458","01355"
"22459","91601"
"22460","51029"
"22461","85361"
"22462","84058"
"22463","38057"
"22464","53563"
"22465","29588"
"22466","43901"
"22467","49066"
"22468","31069"
"22469","31075"
"22470","73655"
"22471","48519"
"22472","91701"
"22473","53015"
"22474","62621"
"22475","44333"
"22476","68062"
"22477","49071"
"22478","49073"
"22479","61342"
"22480","49428"
"22481","87937"
"22482","46704"
"22483","72210"
"22484","72623"
"22485","05060"
"22486","26676"
"22487","29943"
"22488","62630"
"22489","62634"
"22490","63538"
"22491","37067"
"22492","74126"
"22493","08554"
"22494","92243"
"22495","82061"
"22496","01450"
"22497","01515"
"22498","01532"
"22499","62975"
"22500","54836"
"22501","82323"
"22502","37069"
"22503","58202"
"22504","21902"
"22505","43062"
"22506","33487"
"22507","72858"
"22508","72903"
"22509","72923"
"22510","01719"
"22511","01747"
"22512","01801"
"22513","01867"
"22514","15546"
"22515","21913"
"22516","11426"
"22517","11430"
"22518","11436"
"22519","11530"
"22520","15697"
"22521","24201"
"22522","68643"
"22523","75065"
"22524","97133"
"22525","29356"
"22526","08629"
"22527","27527"
"22528","57467"
"22529","77371"
"22530","94134"
"22531","77377"
"22532","11577"
"22533","11692"
"22534","14487"
"22535","18322"
"22536","71835"
"22537","08730"
"22538","73074"
"22539","43314"
"22540","57469"
"22541","42322"
"22542","39481"
"22543","77396"
"22544","94512"
"22545","94526"
"22546","14513"
"22547","14522"
"22548","08740"
"22549","18344"
"22550","55357"
"22551","40868"
"22552","38962"
"22553","55363"
"22554","42327"
"22555","51501"
"22556","56013"
"22557","77447"
"22558","77459"
"22559","88055"
"22560","08741"
"22561","14568"
"22562","18425"
"22563","14611"
"22564","30260"
"22565","40939"
"22566","40949"
"22567","04862"
"22568","04966"
"22569","01032"
"22570","01094"
"22571","08808"
"22572","48731"
"22573","56017"
"22574","46932"
"22575","36370"
"22576","85128"
"22577","37922"
"22578","38347"
"22579","16503"
"22580","60191"
"22581","60192"
"22582","08823"
"22583","55397"
"22584","50536"
"22585","50540"
"22586","01069"
"22587","01220"
"22588","01256"
"22589","10603"
"22590","56314"
"22591","56319"
"22592","56324"
"22593","08840"
"22594","49087"
"22595","77098"
"22596","16420"
"22597","78016"
"22598","77580"
"22599","77032"
"22600","02025"
"22601","02072"
"22602","02140"
"22603","02170"
"22604","08858"
"22605","02330"
"22606","02364"
"22607","02467"
"22608","10950"
"22609","10974"
"22610","15449"
"22611","11235"
"22612","11354"
"22613","36765"
"22614","31605"
"22615","13834"
"22616","76233"
"22617","76436"
"22618","77035"
"22619","79411"
"22620","02492"
"22621","58220"
"22622","29112"
"22623","57216"
"22624","15534"
"22625","18073"
"22626","17865"
"22627","18091"
"22628","29107"
"22629","79567"
"22630","57640"
"22631","33514"
"22632","27531"
"22633","53204"
"22634","61729"
"22635","57481"
"22636","22529"
"22637","13845"
"22638","44662"
"22639","74801"
"22640","85140"
"22641","97202"
"22642","87124"
"22643","18508"
"22644","14732"
"22645","18610"
"22646","65653"
"22647","98592"
"22648","13849"
"22649","54014"
"22650","26753"
"22651","35824"
"22652","89404"
"22653","14755"
"22654","46366"
"22655","35469"
"22656","98606"
"22657","98616"
"22658","36052"
"22659","17881"
"22660","85035"
"22661","14842"
"22662","18812"
"22663","80747"
"22664","07018"
"22665","83452"
"22666","66773"
"22667","40507"
"22668","50171"
"22669","51439"
"22670","07424"
"22671","17930"
"22672","50554"
"22673","46377"
"22674","41055"
"22675","60403"
"22676","98625"
"22677","83714"
"22678","99723"
"22679","72338"
"22680","72639"
"22681","24637"
"22682","17945"
"22683","29563"
"22684","41056"
"22685","02651"
"22686","02668"
"22687","02769"
"22688","03608"
"22689","83812"
"22690","75424"
"22691","92592"
"22692","95346"
"22693","17954"
"22694","90045"
"22695","12966"
"22696","15728"
"22697","16731"
"22698","03874"
"22699","20004"
"22700","20623"
"22701","20640"
"22702","16056"
"22703","70654"
"22704","14033"
"22705","75431"
"22706","91744"
"22707","94544"
"22708","93530"
"22709","93260"
"22710","95681"
"22711","80221"
"22712","80645"
"22713","84073"
"22714","19554"
"22715","50431"
"22716","35803"
"22717","85349"
"22718","72955"
"22719","16131"
"22720","11944"
"22721","16146"
"22722","16154"
"22723","65630"
"22724","88023"
"22725","72355"
"22726","30204"
"22727","73729"
"22728","06825"
"22729","06513"
"22730","11968"
"22731","11978"
"22732","33050"
"22733","93940"
"22734","33408"
"22735","62995"
"22736","62999"
"22737","40741"
"22738","67675"
"22739","67737"
"22740","74354"
"22741","71368"
"22742","18619"
"22743","18629"
"22744","18641"
"22745","92241"
"22746","33189"
"22747","47043"
"22748","32228"
"22749","60611"
"22750","67749"
"22751","67838"
"22752","67877"
"22753","98001"
"22754","98008"
"22755","74366"
"22756","74369"
"22757","18651"
"22758","14814"
"22759","48203"
"22760","18702"
"22761","46320"
"22762","04611"
"22763","60538"
"22764","01034"
"22765","83214"
"22766","53950"
"22767","81520"
"22768","81620"
"22769","94710"
"22770","38930"
"22771","77550"
"22772","50458"
"22773","87120"
"22774","85138"
"22775","50459"
"22776","20685"
"22777","01378"
"22778","48045"
"22779","23141"
"22780","58769"
"22781","07031"
"22782","60154"
"22783","77560"
"22784","77565"
"22785","95005"
"22786","77581"
"22787","97469"
"22788","80726"
"22789","80731"
"22790","21635"
"22791","21850"
"22792","20650"
"22793","48204"
"22794","23156"
"22795","23175"
"22796","23180"
"22797","44412"
"22798","77613"
"22799","90292"
"22800","75081"
"22801","84118"
"22802","89411"
"22803","70637"
"22804","40769"
"22805","72324"
"22806","80736"
"22807","04539"
"22808","48164"
"22809","02558"
"22810","15778"
"22811","11715"
"22812","11720"
"22813","38116"
"22814","23836"
"22815","40810"
"22816","65239"
"22817","70355"
"22818","89418"
"22819","75447"
"22820","75451"
"22821","97477"
"22822","73703"
"22823","72937"
"22824","92264"
"22825","15870"
"22826","46268"
"22827","15944"
"22828","11757"
"22829","28384"
"22830","44436"
"22831","68107"
"22832","28666"
"22833","85395"
"22834","70714"
"22835","85531"
"22836","80819"
"22837","50449"
"22838","48230"
"22839","74343"
"22840","81416"
"22841","11766"
"22842","16046"
"22843","18437"
"22844","82332"
"22845","24216"
"22846","65201"
"22847","28553"
"22848","60162"
"22849","07821"
"22850","71358"
"22851","94555"
"22852","94560"
"22853","94566"
"22854","18447"
"22855","18456"
"22856","44890"
"22857","54849"
"22858","08321"
"22859","51037"
"22860","43616"
"22861","02882"
"22862","02813"
"22863","77493"
"22864","94595"
"22865","94601"
"22866","94608"
"22867","77534"
"22868","80210"
"22869","14701"
"22870","39360"
"22871","14715"
"22872","66783"
"22873","54859"
"22874","17352"
"22875","13147"
"22876","98422"
"22877","71452"
"22878","86331"
"22879","92336"
"22880","60473"
"22881","39361"
"22882","62022"
"22883","61740"
"22884","46218"
"22885","47904"
"22886","52225"
"22887","38224"
"22888","34420"
"22889","66106"
"22890","38235"
"22891","68136"
"22892","68344"
"22893","39362"
"22894","12074"
"22895","16410"
"22896","14865"
"22897","14872"
"22898","71462"
"22899","92344"
"22900","77623"
"22901","47558"
"22902","52324"
"22903","50162"
"22904","60504"
"22905","54888"
"22906","66846"
"22907","68723"
"22908","18851"
"22909","14891"
"22910","14897"
"22911","18966"
"22912","95070"
"22913","77655"
"22914","95133"
"22915","55812"
"22916","52047"
"22917","66732"
"22918","67640"
"22919","66966"
"22920","67835"
"22921","68725"
"22922","66854"
"22923","24282"
"22924","45050"
"22925","83822"
"22926","51046"
"22927","83827"
"22928","43928"
"22929","62230"
"22930","77807"
"22931","95233"
"22932","84301"
"22933","40404"
"22934","42344"
"22935","70456"
"22936","98177"
"22937","30521"
"22938","83341"
"22939","98243"
"22940","28037"
"22941","58787"
"22942","84305"
"22943","89423"
"22944","97219"
"22945","70733"
"22946","04268"
"22947","04474"
"22948","39365"
"22949","04469"
"22950","19015"
"22951","19029"
"22952","35548"
"22953","98256"
"22954","99503"
"22955","99515"
"22956","44003"
"22957","62233"
"22958","43945"
"22959","30522"
"22960","84316"
"22961","75102"
"22962","48313"
"22963","50599"
"22964","60416"
"22965","30317"
"22966","46501"
"22967","48327"
"22968","23228"
"22969","64670"
"22970","32565"
"22971","44017"
"22972","44026"
"22973","64635"
"22974","58792"
"22975","58794"
"22976","75103"
"22977","80823"
"22978","25114"
"22979","20763"
"22980","25149"
"22981","42078"
"22982","20779"
"22983","25205"
"22984","54123"
"22985","62281"
"22986","38240"
"22987","38241"
"22988","33873"
"22989","23846"
"22990","68112"
"22991","70737"
"22992","51055"
"22993","73761"
"22994","88048"
"22995","25241"
"22996","20814"
"22997","25253"
"22998","12165"
"22999","54565"
"23000","65283"
"23001","66090"
"23002","38139"
"23003","02457"
"23004","32566"
"23005","62681"
"23006","75480"
"23007","81649"
"23008","25267"
"23009","12134"
"23010","23893"
"23011","54601"
"23012","28682"
"23013","28689"
"23014","65660"
"23015","10005"
"23016","74455"
"23017","86403"
"23018","76064"
"23019","12173"
"23020","12184"
"23021","12195"
"23022","38258"
"23023","95313"
"23024","77951"
"23025","77975"
"23026","10016"
"23027","34952"
"23028","68710"
"23029","68714"
"23030","92371"
"23031","74472"
"23032","92391"
"23033","34756"
"23034","16630"
"23035","12305"
"23036","16651"
"23037","10021"
"23038","46391"
"23039","41074"
"23040","50579"
"23041","60409"
"23042","50586"
"23043","82434"
"23044","83250"
"23045","77853"
"23046","34243"
"23047","19804"
"23048","10065"
"23049","16664"
"23050","19063"
"23051","19106"
"23052","19121"
"23053","19141"
"23054","30310"
"23055","20427"
"23056","07041"
"23057","07050"
"23058","07064"
"23059","10111"
"23060","20716"
"23061","25047"
"23062","83271"
"23063","83277"
"23064","83287"
"23065","98115"
"23066","34613"
"23067","32935"
"23068","30504"
"23069","19319"
"23070","10112"
"23071","19362"
"23072","19374"
"23073","19425"
"23074","41166"
"23075","19947"
"23076","12015"
"23077","98133"
"23078","54016"
"23079","62244"
"23080","30096"
"23081","10167"
"23082","30060"
"23083","30331"
"23084","41169"
"23085","12022"
"23086","12036"
"23087","16316"
"23088","43964"
"23089","54021"
"23090","64650"
"23091","96720"
"23092","10308"
"23093","83402"
"23094","96732"
"23095","35571"
"23096","43988"
"23097","12060"
"23098","16342"
"23099","64652"
"23100","74429"
"23101","92321"
"23102","61732"
"23103","15045"
"23104","60203"
"23105","62670"
"23106","60062"
"23107","65262"
"23108","23866"
"23109","84116"
"23110","74572"
"23111","76116"
"23112","63939"
"23113","43342"
"23114","04975"
"23115","10474"
"23116","57534"
"23117","29405"
"23118","73639"
"23119","80622"
"23120","72176"
"23121","91423"
"23122","32732"
"23123","24226"
"23124","95358"
"23125","78011"
"23126","10517"
"23127","60612"
"23128","46943"
"23129","39525"
"23130","33023"
"23131","56358"
"23132","61020"
"23133","86021"
"23134","72835"
"23135","81237"
"23136","77095"
"23137","10535"
"23138","61436"
"23139","55782"
"23140","78015"
"23141","95382"
"23142","78026"
"23143","78039"
"23144","57234"
"23145","53029"
"23146","77318"
"23147","77335"
"23148","10553"
"23149","80122"
"23150","73056"
"23151","04022"
"23152","98946"
"23153","17862"
"23154","35740"
"23155","06855"
"23156","78059"
"23157","71961"
"23158","71965"
"23159","17979"
"23160","63621"
"23161","56651"
"23162","73059"
"23163","34990"
"23164","19964"
"23165","06277"
"23166","95955"
"23167","30067"
"23168","71972"
"23169","63382"
"23170","14061"
"23171","58581"
"23172","27808"
"23173","43567"
"23174","61937"
"23175","93405"
"23176","52070"
"23177","47164"
"23178","83348"
"23179","01258"
"23180","47574"
"23181","18016"
"23182","65257"
"23183","07109"
"23184","53575"
"23185","48766"
"23186","48770"
"23187","51560"
"23188","51565"
"23189","52621"
"23190","46941"
"23191","04617"
"23192","14070"
"23193","39501"
"23194","01346"
"23195","48721"
"23196","48878"
"23197","87312"
"23198","08835"
"23199","10522"
"23200","14420"
"23201","61025"
"23202","59262"
"23203","18031"
"23204","47403"
"23205","42348"
"23206","04773"
"23207","11930"
"23208","64639"
"23209","68731"
"23210","59529"
"23211","12912"
"23212","68845"
"23213","63339"
"23214","14109"
"23215","56378"
"23216","43102"
"23217","02054"
"23218","55718"
"23219","03087"
"23220","58487"
"23221","57548"
"23222","43407"
"23223","39564"
"23224","60621"
"23225","50451"
"23226","14132"
"23227","65337"
"23228","14735"
"23229","13752"
"23230","36858"
"23231","33315"
"23232","56662"
"23233","02835"
"23234","45383"
"23235","26521"
"23236","18830"
"23237","14169"
"23238","77984"
"23239","28693"
"23240","44805"
"23241","97054"
"23242","80104"
"23243","58381"
"23244","85935"
"23245","72083"
"23246","89433"
"23247","70390"
"23248","14201"
"23249","43360"
"23250","12405"
"23251","74840"
"23252","73573"
"23253","72359"
"23254","95837"
"23255","72670"
"23256","93551"
"23257","70392"
"23258","73127"
"23259","18063"
"23260","43072"
"23261","97089"
"23262","17090"
"23263","87735"
"23264","81146"
"23265","90211"
"23266","80640"
"23267","06020"
"23268","20005"
"23269","06752"
"23270","35229"
"23271","33596"
"23272","80304"
"23273","80310"
"23274","73766"
"23275","18635"
"23276","45844"
"23277","44854"
"23278","88427"
"23279","74079"
"23280","30253"
"23281","40830"
"23282","30606"
"23283","70761"
"23284","72422"
"23285","73773"
"23286","18929"
"23287","37403"
"23288","57528"
"23289","15952"
"23290","78164"
"23291","78216"
"23292","40849"
"23293","23874"
"23294","23407"
"23295","85551"
"23296","91902"
"23297","86440"
"23298","74530"
"23299","78371"
"23300","78264"
"23301","95650"
"23302","71740"
"23303","32257"
"23304","05491"
"23305","22938"
"23306","76104"
"23307","76106"
"23308","76107"
"23309","74565"
"23310","75965"
"23311","75401"
"23312","79248"
"23313","87061"
"23314","38961"
"23315","84061"
"23316","24324"
"23317","25081"
"23318","26205"
"23319","88342"
"23320","48214"
"23321","48118"
"23322","38751"
"23323","39643"
"23324","56119"
"23325","50465"
"23326","42649"
"23327","90275"
"23328","84107"
"23329","75422"
"23330","61440"
"23331","57274"
"23332","61449"
"23333","61434"
"23334","63624"
"23335","63549"
"23336","48139"
"23337","21767"
"23338","32266"
"23339","03464"
"23340","07701"
"23341","56129"
"23342","36066"
"23343","30810"
"23344","12732"
"23345","25915"
"23346","24974"
"23347","05262"
"23348","62870"
"23349","40906"
"23350","47648"
"23351","50143"
"23352","69034"
"23353","07718"
"23354","87551"
"23355","56453"
"23356","49266"
"23357","49270"
"23358","27860"
"23359","28168"
"23360","32277"
"23361","41046"
"23362","70778"
"23363","12078"
"23364","13684"
"23365","27315"
"23366","56724"
"23367","37134"
"23368","33603"
"23369","27601"
"23370","58642"
"23371","35242"
"23372","12409"
"23373","38456"
"23374","22152"
"23375","25061"
"23376","12822"
"23377","13323"
"23378","69143"
"23379","12089"
"23380","59926"
"23381","42716"
"23382","48212"
"23383","12032"
"23384","73728"
"23385","50022"
"23386","67764"
"23387","42452"
"23388","12594"
"23389","27924"
"23390","44202"
"23391","47037"
"23392","39665"
"23393","30233"
"23394","45647"
"23395","15479"
"23396","16332"
"23397","45328"
"23398","15358"
"23399","16825"
"23400","20736"
"23401","67526"
"23402","71367"
"23403","26187"
"23404","04768"
"23405","36575"
"23406","48865"
"23407","56157"
"23408","47513"
"23409","49286"
"23410","15071"
"23411","57319"
"23412","37411"
"23413","55443"
"23414","04347"
"23415","04930"
"23416","49326"
"23417","55009"
"23418","35480"
"23419","36910"
"23420","72945"
"23421","90028"
"23422","52777"
"23423","47921"
"23424","37142"
"23425","91604"
"23426","04962"
"23427","87936"
"23428","38369"
"23429","15687"
"23430","75494"
"23431","76148"
"23432","76263"
"23433","84047"
"23434","54106"
"23435","53506"
"23436","61467"
"23437","04969"
"23438","96071"
"23439","80926"
"23440","72845"
"23441","72860"
"23442","75937"
"23443","76577"
"23444","84781"
"23445","82943"
"23446","55017"
"23447","65332"
"23448","71486"
"23449","04986"
"23450","06234"
"23451","33903"
"23452","06242"
"23453","71325"
"23454","77374"
"23455","77384"
"23456","89146"
"23457","22209"
"23458","22454"
"23459","98439"
"23460","01033"
"23461","20171"
"23462","24823"
"23463","13654"
"23464","30215"
"23465","83835"
"23466","60503"
"23467","62874"
"23468","62624"
"23469","77428"
"23470","80138"
"23471","01054"
"23472","89161"
"23473","61052"
"23474","36525"
"23475","61063"
"23476","47866"
"23477","53050"
"23478","63440"
"23479","08312"
"23480","60031"
"23481","61816"
"23482","01086"
"23483","47147"
"23484","46809"
"23485","50201"
"23486","50068"
"23487","91706"
"23488","91724"
"23489","56681"
"23490","61439"
"23491","39897"
"23492","60169"
"23493","01097"
"23494","60076"
"23495","60542"
"23496","60914"
"23497","62994"
"23498","50268"
"23499","50005"
"23500","67449"
"23501","40056"
"23502","88008"
"23503","81332"
"23504","01224"
"23505","53221"
"23506","33576"
"23507","37339"
"23508","33579"
"23509","51636"
"23510","46118"
"23511","51031"
"23512","50021"
"23513","50251"
"23514","50222"
"23515","01330"
"23516","40759"
"23517","70119"
"23518","72940"
"23519","74342"
"23520","48831"
"23521","51645"
"23522","56097"
"23523","30742"
"23524","47441"
"23525","67037"
"23526","10911"
"23527","67467"
"23528","70463"
"23529","71275"
"23530","27311"
"23531","94553"
"23532","77483"
"23533","56437"
"23534","56440"
"23535","49245"
"23536","52742"
"23537","10927"
"23538","21030"
"23539","04346"
"23540","01612"
"23541","01003"
"23542","48439"
"23543","64024"
"23544","61817"
"23545","43464"
"23546","77530"
"23547","70127"
"23548","15313"
"23549","90266"
"23550","70129"
"23551","59006"
"23552","60647"
"23553","49014"
"23554","58571"
"23555","13033"
"23556","12765"
"23557","92285"
"23558","81526"
"23559","02176"
"23560","15316"
"23561","78578"
"23562","18092"
"23563","98229"
"23564","99773"
"23565","63401"
"23566","47612"
"23567","57038"
"23568","74844"
"23569","18902"
"23570","15443"
"23571","11024"
"23572","15724"
"23573","77539"
"23574","94922"
"23575","77566"
"23576","35188"
"23577","35083"
"23578","56542"
"23579","59756"
"23580","92408"
"23581","15445"
"23582","11104"
"23583","43910"
"23584","95006"
"23585","70339"
"23586","86314"
"23587","15502"
"23588","15435"
"23589","57069"
"23590","75479"
"23591","70755"
"23592","76050"
"23593","11212"
"23594","29906"
"23595","57325"
"23596","72367"
"23597","37073"
"23598","57003"
"23599","75051"
"23600","75134"
"23601","76059"
"23602","74467"
"23603","77840"
"23604","11226"
"23605","77971"
"23606","49614"
"23607","27607"
"23608","22726"
"23609","73742"
"23610","92316"
"23611","86325"
"23612","78232"
"23613","77379"
"23614","37025"
"23615","11236"
"23616","98034"
"23617","95354"
"23618","80249"
"23619","73129"
"23620","73132"
"23621","22729"
"23622","61844"
"23623","42731"
"23624","56166"
"23625","86329"
"23626","11351"
"23627","77627"
"23628","95118"
"23629","22801"
"23630","25811"
"23631","25311"
"23632","72416"
"23633","73768"
"23634","52141"
"23635","52542"
"23636","49309"
"23637","11359"
"23638","77665"
"23639","95224"
"23640","90503"
"23641","70364"
"23642","05820"
"23643","05048"
"23644","54913"
"23645","88072"
"23646","72433"
"23647","57638"
"23648","18070"
"23649","59440"
"23650","85207"
"23651","87320"
"23652","53040"
"23653","96748"
"23654","88264"
"23655","73834"
"23656","74521"
"23657","92399"
"23658","58015"
"23659","18085"
"23660","37149"
"23661","56738"
"23662","73750"
"23663","80824"
"23664","99671"
"23665","59545"
"23666","46531"
"23667","55445"
"23668","03883"
"23669","19001"
"23670","26270"
"23671","14301"
"23672","16443"
"23673","46970"
"23674","26617"
"23675","22301"
"23676","31771"
"23677","57345"
"23678","22578"
"23679","54740"
"23680","03442"
"23681","78146"
"23682","14424"
"23683","35007"
"23684","61526"
"23685","21774"
"23686","04062"
"23687","02302"
"23688","48890"
"23689","43149"
"23690","22743"
"23691","82244"
"23692","67355"
"23693","14445"
"23694","55957"
"23695","53103"
"23696","61530"
"23697","61533"
"23698","49247"
"23699","55024"
"23700","39157"
"23701","57725"
"23702","64078"
"23703","05353"
"23704","18216"
"23705","23336"
"23706","35614"
"23707","90291"
"23708","27705"
"23709","29470"
"23710","64506"
"23711","65449"
"23712","03885"
"23713","03750"
"23714","22810"
"23715","18223"
"23716","52157"
"23717","56183"
"23718","06426"
"23719","91739"
"23720","61242"
"23721","04681"
"23722","47163"
"23723","32820"
"23724","32824"
"23725","32826"
"23726","18234"
"23727","59461"
"23728","89436"
"23729","29585"
"23730","11372"
"23731","63011"
"23732","48906"
"23733","32817"
"23734","57017"
"23735","04027"
"23736","55082"
"23737","18242"
"23738","02532"
"23739","33150"
"23740","49340"
"23741","61251"
"23742","58357"
"23743","58363"
"23744","10512"
"23745","12461"
"23746","12416"
"23747","12580"
"23748","14479"
"23749","31778"
"23750","22124"
"23751","72348"
"23752","11724"
"23753","48178"
"23754","03869"
"23755","59078"
"23756","49642"
"23757","57368"
"23758","37402"
"23759","38967"
"23760","49822"
"23761","14505"
"23762","28377"
"23763","85388"
"23764","92280"
"23765","71375"
"23766","39667"
"23767","07461"
"23768","14435"
"23769","37406"
"23770","50482"
"23771","49833"
"23772","22849"
"23773","32829"
"23774","06241"
"23775","34207"
"23776","34211"
"23777","32836"
"23778","73432"
"23779","73442"
"23780","87415"
"23781","25671"
"23782","40972"
"23783","50174"
"23784","50557"
"23785","67525"
"23786","41513"
"23787","30349"
"23788","83687"
"23789","31637"
"23790","31764"
"23791","90744"
"23792","80913"
"23793","39040"
"23794","75573"
"23795","40921"
"23796","36321"
"23797","49048"
"23798","59063"
"23799","83325"
"23800","62249"
"23801","62810"
"23802","83646"
"23803","57379"
"23804","40977"
"23805","63827"
"23806","49653"
"23807","92020"
"23808","76258"
"23809","74850"
"23810","92707"
"23811","70757"
"23812","20833"
"23813","04430"
"23814","01949"
"23815","48218"
"23816","46580"
"23817","46221"
"23818","51201"
"23819","46761"
"23820","55939"
"23821","83874"
"23822","98934"
"23823","89523"
"23824","01351"
"23825","48603"
"23826","46327"
"23827","49799"
"23828","47229"
"23829","50211"
"23830","52328"
"23831","42160"
"23832","47235"
"23833","73460"
"23834","87421"
"23835","55006"
"23836","56373"
"23837","41006"
"23838","50108"
"23839","67556"
"23840","66056"
"23841","21211"
"23842","52313"
"23843","49024"
"23844","60656"
"23845","36613"
"23846","72520"
"23847","38621"
"23848","48220"
"23849","65584"
"23850","07110"
"23851","39152"
"23852","65654"
"23853","64454"
"23854","03233"
"23855","04240"
"23856","02347"
"23857","01050"
"23858","49034"
"23859","39044"
"23860","55344"
"23861","61270"
"23862","61273"
"23863","27105"
"23864","58385"
"23865","65040"
"23866","03431"
"23867","07030"
"23868","07004"
"23869","03575"
"23870","32310"
"23871","07834"
"23872","08641"
"23873","07656"
"23874","87543"
"23875","55424"
"23876","55787"
"23877","39201"
"23878","19970"
"23879","29303"
"23880","59803"
"23881","46346"
"23882","58402"
"23883","32606"
"23884","60540"
"23885","11784"
"23886","87519"
"23887","69020"
"23888","63030"
"23889","14013"
"23890","13064"
"23891","64640"
"23892","11366"
"23893","41010"
"23894","62451"
"23895","62240"
"23896","66741"
"23897","66115"
"23898","48060"
"23899","48640"
"23900","55959"
"23901","28732"
"23902","12792"
"23903","12429"
"23904","35405"
"23905","43224"
"23906","31832"
"23907","30567"
"23908","60549"
"23909","01031"
"23910","02128"
"23911","01585"
"23912","38664"
"23913","55963"
"23914","60545"
"23915","55384"
"23916","56274"
"23917","27507"
"23918","58488"
"23919","13464"
"23920","48656"
"23921","46819"
"23922","36318"
"23923","08865"
"23924","02818"
"23925","31042"
"23926","01438"
"23927","36305"
"23928","45784"
"23929","43734"
"23930","97004"
"23931","78043"
"23932","78052"
"23933","97236"
"23934","85234"
"23935","12404"
"23936","98329"
"23937","01474"
"23938","19348"
"23939","31548"
"23940","61283"
"23941","15475"
"23942","19335"
"23943","17728"
"23944","44302"
"23945","89449"
"23946","90703"
"23947","73838"
"23948","01525"
"23949","97504"
"23950","19067"
"23951","36618"
"23952","35988"
"23953","47660"
"23954","56567"
"23955","17113"
"23956","16214"
"23957","57428"
"23958","73843"
"23959","01529"
"23960","85613"
"23961","72585"
"23962","72562"
"23963","95111"
"23964","43050"
"23965","72462"
"23966","92567"
"23967","76180"
"23968","37018"
"23969","38564"
"23970","01543"
"23971","94583"
"23972","93287"
"23973","91740"
"23974","91342"
"23975","94598"
"23976","76209"
"23977","92610"
"23978","95503"
"23979","76664"
"23980","76177"
"23981","01608"
"23982","75094"
"23983","75105"
"23984","06776"
"23985","06107"
"23986","32064"
"23987","33850"
"23988","90290"
"23989","92305"
"23990","93928"
"23991","06481"
"23992","01731"
"23993","95540"
"23994","97304"
"23995","60129"
"23996","62949"
"23997","46805"
"23998","46348"
"23999","46175"
"24000","52352"
"24001","25446"
"24002","36513"
"24003","56591"
"24004","01754"
"24005","85256"
"24006","72617"
"24007","76371"
"24008","74936"
"24009","71303"
"24010","71119"
"24011","63373"
"24012","44092"
"24013","61734"
"24014","61736"
"24015","01803"
"24016","45864"
"24017","67574"
"24018","45881"
"24019","45890"
"24020","72129"
"24021","95829"
"24022","72566"
"24023","94066"
"24024","76427"
"24025","76448"
"24026","01841"
"24027","99023"
"24028","59472"
"24029","13040"
"24030","67634"
"24031","67656"
"24032","27981"
"24033","90003"
"24034","75681"
"24035","67834"
"24036","99113"
"24037","01886"
"24038","99161"
"24039","27880"
"24040","43065"
"24041","12577"
"24042","58760"
"24043","23130"
"24044","23821"
"24045","80227"
"24046","06471"
"24047","33324"
"24048","11378"
"24049","33634"
"24050","30008"
"24051","72034"
"24052","90808"
"24053","72041"
"24054","85297"
"24055","13620"
"24056","73002"
"24057","29932"
"24058","44402"
"24059","11420"
"24060","30259"
"24061","30312"
"24062","62075"
"24063","62084"
"24064","72565"
"24065","72587"
"24066","97813"
"24067","15666"
"24068","73627"
"24069","44070"
"24070","11424"
"24071","65202"
"24072","23831"
"24073","62939"
"24074","50210"
"24075","50038"
"24076","52625"
"24077","93040"
"24078","93103"
"24079","99346"
"24080","16226"
"24081","11425"
"24082","45312"
"24083","71082"
"24084","76624"
"24085","67543"
"24086","24866"
"24087","53073"
"24088","90008"
"24089","87008"
"24090","73527"
"24091","29485"
"24092","11433"
"24093","15102"
"24094","29525"
"24095","76639"
"24096","76652"
"24097","80012"
"24098","25669"
"24099","54967"
"24100","68817"
"24101","25502"
"24102","81041"
"24103","11451"
"24104","92067"
"24105","38233"
"24106","15215"
"24107","15660"
"24108","15646"
"24109","89021"
"24110","80015"
"24111","87523"
"24112","70514"
"24113","91107"
"24114","43736"
"24115","15647"
"24116","24095"
"24117","44065"
"24118","71071"
"24119","85716"
"24120","78210"
"24121","76548"
"24122","77585"
"24123","78116"
"24124","81057"
"24125","81063"
"24126","15675"
"24127","85742"
"24128","95361"
"24129","63474"
"24130","22654"
"24131","23223"
"24132","05045"
"24133","98802"
"24134","24313"
"24135","84062"
"24136","24878"
"24137","11569"
"24138","74030"
"24139","93314"
"24140","31566"
"24141","22433"
"24142","43235"
"24143","25271"
"24144","05740"
"24145","84010"
"24146","53089"
"24147","24808"
"24148","15701"
"24149","25902"
"24150","26325"
"24151","05150"
"24152","93427"
"24153","58438"
"24154","30607"
"24155","60563"
"24156","05251"
"24157","54616"
"24158","12517"
"24159","15733"
"24160","68346"
"24161","40995"
"24162","53139"
"24163","43310"
"24164","57465"
"24165","29365"
"24166","76866"
"24167","93510"
"24168","32668"
"24169","46902"
"24170","15745"
"24171","31070"
"24172","73772"
"24173","37396"
"24174","86508"
"24175","48727"
"24176","56014"
"24177","48738"
"24178","36362"
"24179","63117"
"24180","33012"
"24181","14511"
"24182","33013"
"24183","90026"
"24184","80517"
"24185","97404"
"24186","85334"
"24187","81120"
"24188","49072"
"24189","31567"
"24190","27233"
"24191","58201"
"24192","18333"
"24193","06357"
"24194","06255"
"24195","34668"
"24196","96002"
"24197","58203"
"24198","36776"
"24199","74053"
"24200","28467"
"24201","36763"
"24202","59844"
"24203","14529"
"24204","31814"
"24205","62262"
"24206","56626"
"24207","57472"
"24208","74344"
"24209","57437"
"24210","08853"
"24211","75639"
"24212","71038"
"24213","61264"
"24214","18351"
"24215","66035"
"24216","22508"
"24217","39825"
"24218","14618"
"24219","58790"
"24220","15044"
"24221","61072"
"24222","01902"
"24223","10595"
"24224","46740"
"24225","16312"
"24226","14542"
"24227","46748"
"24228","39423"
"24229","83337"
"24230","98205"
"24231","99508"
"24232","07724"
"24233","25625"
"24234","25676"
"24235","17066"
"24236","36854"
"24237","14545"
"24238","21158"
"24239","21201"
"24240","25913"
"24241","07843"
"24242","12789"
"24243","98233"
"24244","83431"
"24245","17223"
"24246","38029"
"24247","77086"
"24248","14549"
"24249","16845"
"24250","12581"
"24251","80479"
"24252","60123"
"24253","04669"
"24254","12828"
"24255","64661"
"24256","54113"
"24257","64673"
"24258","28098"
"24259","14586"
"24260","68137"
"24261","54832"
"24262","68638"
"24263","28698"
"24264","66208"
"24265","49621"
"24266","12845"
"24267","12873"
"24268","65280"
"24269","65285"
"24270","14608"
"24271","04416"
"24272","64728"
"24273","62992"
"24274","66769"
"24275","67745"
"24276","49840"
"24277","56735"
"24278","40109"
"24279","66537"
"24280","38665"
"24281","39046"
"24282","38670"
"24283","40214"
"24284","68718"
"24285","43357"
"24286","67839"
"24287","67876"
"24288","98006"
"24289","98024"
"24290","21230"
"24291","04861"
"24292","50521"
"24293","04952"
"24294","01375"
"24295","48223"
"24296","55120"
"24297","56185"
"24298","30068"
"24299","41367"
"24300","46534"
"24301","32437"
"24302","73006"
"24303","39047"
"24304","36301"
"24305","99651"
"24306","62215"
"24307","37757"
"24308","29614"
"24309","62643"
"24310","68106"
"24311","56266"
"24312","38773"
"24313","60442"
"24314","35442"
"24315","07881"
"24316","21222"
"24317","08007"
"24318","21286"
"24319","44413"
"24320","44408"
"24321","35128"
"24322","38125"
"24323","44441"
"24324","24211"
"24325","48225"
"24326","63531"
"24327","64068"
"24328","68424"
"24329","03280"
"24330","12959"
"24331","17064"
"24332","17074"
"24333","85013"
"24334","92234"
"24335","98367"
"24336","57429"
"24337","48226"
"24338","91978"
"24339","66777"
"24340","34788"
"24341","87527"
"24342","07302"
"24343","14092"
"24344","13111"
"24345","13060"
"24346","13082"
"24347","62684"
"24348","32322"
"24349","35049"
"24350","72386"
"24351","54855"
"24352","83706"
"24353","98673"
"24354","37766"
"24355","54002"
"24356","13166"
"24357","64689"
"24358","54868"
"24359","35452"
"24360","95127"
"24361","32958"
"24362","30102"
"24363","43947"
"24364","23221"
"24365","38128"
"24366","28399"
"24367","12853"
"24368","45695"
"24369","54873"
"24370","48228"
"24371","34957"
"24372","20906"
"24373","21014"
"24374","25430"
"24375","38135"
"24376","65258"
"24377","77007"
"24378","43804"
"24379","12413"
"24380","11787"
"24381","48229"
"24382","83272"
"24383","83318"
"24384","12422"
"24385","12446"
"24386","12465"
"24387","12485"
"24388","93554"
"24389","10970"
"24390","13757"
"24391","44423"
"24392","50538"
"24393","74722"
"24394","16210"
"24395","64641"
"24396","62245"
"24397","54027"
"24398","16743"
"24399","16828"
"24400","13118"
"24401","45333"
"24402","79763"
"24403","39067"
"24404","79911"
"24405","16648"
"24406","12603"
"24407","58838"
"24408","62685"
"24409","19475"
"24410","19526"
"24411","54749"
"24412","65676"
"24413","70353"
"24414","32328"
"24415","34229"
"24416","47338"
"24417","16932"
"24418","16947"
"24419","66111"
"24420","66202"
"24421","24269"
"24422","65692"
"24423","19565"
"24424","32025"
"24425","60202"
"24426","48367"
"24427","41268"
"24428","07675"
"24429","79777"
"24430","92651"
"24431","35020"
"24432","55038"
"24433","51058"
"24434","45044"
"24435","45064"
"24436","01937"
"24437","95823"
"24438","92506"
"24439","95320"
"24440","93544"
"24441","24563"
"24442","20141"
"24443","48160"
"24444","34436"
"24445","28450"
"24446","58429"
"24447","65560"
"24448","05252"
"24449","02113"
"24450","12812"
"24451","43732"
"24452","06382"
"24453","32561"
"24454","32796"
"24455","33175"
"24456","23883"
"24457","05201"
"24458","26142"
"24459","05461"
"24460","02114"
"24461","65707"
"24462","24317"
"24463","17777"
"24464","29018"
"24465","16123"
"24466","50263"
"24467","21798"
"24468","05747"
"24469","54557"
"24470","65713"
"24471","02138"
"24472","68757"
"24473","57794"
"24474","78802"
"24475","41861"
"24476","48457"
"24477","39320"
"24478","08232"
"24479","96764"
"24480","25958"
"24481","06851"
"24482","02210"
"24483","95130"
"24484","98277"
"24485","83450"
"24486","33908"
"24487","78044"
"24488","22841"
"24489","08241"
"24490","08251"
"24491","17563"
"24492","13493"
"24493","02338"
"24494","94128"
"24495","76518"
"24496","05734"
"24497","23303"
"24498","62298"
"24499","54141"
"24500","44056"
"24501","99326"
"24502","98950"
"24503","13608"
"24504","02370"
"24505","13651"
"24506","50266"
"24507","30144"
"24508","97835"
"24509","40241"
"24510","23915"
"24511","28454"
"24512","54642"
"24513","05819"
"24514","50276"
"24515","02464"
"24516","32208"
"24517","55328"
"24518","38744"
"24519","48116"
"24520","41560"
"24521","65324"
"24522","66407"
"24523","68970"
"24524","72431"
"24525","78591"
"24526","02557"
"24527","93933"
"24528","42021"
"24529","32506"
"24530","41602"
"24531","60447"
"24532","46553"
"24533","68758"
"24534","68764"
"24535","65730"
"24536","89439"
"24537","11703"
"24538","19711"
"24539","32137"
"24540","39335"
"24541","48503"
"24542","26285"
"24543","21607"
"24544","17237"
"24545","17252"
"24546","68767"
"24547","66953"
"24548","15847"
"24549","98327"
"24550","83533"
"24551","92250"
"24552","30047"
"24553","11743"
"24554","79906"
"24555","76035"
"24556","17268"
"24557","13162"
"24558","17329"
"24559","79831"
"24560","15863"
"24561","48133"
"24562","54153"
"24563","64741"
"24564","33920"
"24565","04626"
"24566","40216"
"24567","67490"
"24568","06074"
"24569","33014"
"24570","31630"
"24571","11729"
"24572","48138"
"24573","38827"
"24574","48433"
"24575","54162"
"24576","54165"
"24577","77974"
"24578","49829"
"24579","21640"
"24580","61071"
"24581","32922"
"24582","15922"
"24583","83436"
"24584","35630"
"24585","50801"
"24586","49666"
"24587","48131"
"24588","79256"
"24589","79539"
"24590","49839"
"24591","08027"
"24592","61914"
"24593","15927"
"24594","51104"
"24595","17024"
"24596","29592"
"24597","39218"
"24598","30450"
"24599","08087"
"24600","79323"
"24601","79359"
"24602","27889"
"24603","97130"
"24604","15960"
"24605","19131"
"24606","16352"
"24607","57473"
"24608","37365"
"24609","21648"
"24610","21663"
"24611","21679"
"24612","79373"
"24613","79521"
"24614","03590"
"24615","16030"
"24616","27939"
"24617","23459"
"24618","05050"
"24619","15861"
"24620","78829"
"24621","76060"
"24622","17350"
"24623","17366"
"24624","17404"
"24625","57224"
"24626","11769"
"24627","54624"
"24628","61378"
"24629","82640"
"24630","16401"
"24631","15332"
"24632","36113"
"24633","76857"
"24634","75232"
"24635","79423"
"24636","75206"
"24637","14614"
"24638","13407"
"24639","17536"
"24640","12507"
"24641","13830"
"24642","59414"
"24643","64469"
"24644","99583"
"24645","86301"
"24646","72758"
"24647","95713"
"24648","14620"
"24649","21865"
"24650","41017"
"24651","02571"
"24652","51034"
"24653","55810"
"24654","51041"
"24655","35755"
"24656","32830"
"24657","30314"
"24658","60505"
"24659","18455"
"24660","61277"
"24661","45202"
"24662","99784"
"24663","99829"
"24664","99918"
"24665","23350"
"24666","14075"
"24667","48726"
"24668","01983"
"24669","28428"
"24670","16699"
"24671","18459"
"24672","42079"
"24673","15043"
"24674","10509"
"24675","60424"
"24676","37691"
"24677","15856"
"24678","76673"
"24679","54173"
"24680","23413"
"24681","62354"
"24682","18471"
"24683","45226"
"24684","30039"
"24685","60047"
"24686","60421"
"24687","10560"
"24688","17983"
"24689","18015"
"24690","14126"
"24691","18052"
"24692","47264"
"24693","14720"
"24694","46614"
"24695","50012"
"24696","50169"
"24697","23426"
"24698","23964"
"24699","44656"
"24700","34484"
"24701","61561"
"24702","62844"
"24703","47360"
"24704","14721"
"24705","47846"
"24706","50453"
"24707","46304"
"24708","40902"
"24709","40923"
"24710","50588"
"24711","66061"
"24712","42366"
"24713","67009"
"24714","28772"
"24715","14727"
"24716","65767"
"24717","50009"
"24718","50650"
"24719","52738"
"24720","67481"
"24721","41725"
"24722","38966"
"24723","28521"
"24724","38352"
"24725","40062"
"24726","18519"
"24727","40050"
"24728","28056"
"24729","65770"
"24730","98513"
"24731","42333"
"24732","41630"
"24733","70725"
"24734","34602"
"24735","38359"
"24736","65778"
"24737","14752"
"24738","24476"
"24739","45305"
"24740","28432"
"24741","44685"
"24742","58430"
"24743","98536"
"24744","98571"
"24745","83669"
"24746","54209"
"24747","04250"
"24748","18614"
"24749","04258"
"24750","04002"
"24751","21791"
"24752","61943"
"24753","37615"
"24754","58632"
"24755","10511"
"24756","12486"
"24757","44699"
"24758","73503"
"24759","39069"
"24760","28163"
"24761","28167"
"24762","33305"
"24763","48167"
"24764","56686"
"24765","56042"
"24766","39204"
"24767","64131"
"24768","62417"
"24769","44115"
"24770","32332"
"24771","37909"
"24772","68409"
"24773","74852"
"24774","97712"
"24775","33955"
"24776","66449"
"24777","03904"
"24778","64001"
"24779","63131"
"24780","65025"
"24781","36582"
"24782","41041"
"24783","03748"
"24784","88011"
"24785","54670"
"24786","38370"
"24787","62867"
"24788","66532"
"24789","16137"
"24790","17046"
"24791","45213"
"24792","42031"
"24793","55409"
"24794","07836"
"24795","99501"
"24796","33772"
"24797","07001"
"24798","14141"
"24799","14052"
"24800","45315"
"24801","24527"
"24802","61953"
"24803","44087"
"24804","35466"
"24805","02903"
"24806","18621"
"24807","57474"
"24808","80621"
"24809","61459"
"24810","62611"
"24811","68423"
"24812","42038"
"24813","48505"
"24814","53594"
"24815","30284"
"24816","49877"
"24817","53705"
"24818","62444"
"24819","21837"
"24820","13668"
"24821","13678"
"24822","13732"
"24823","60420"
"24824","61483"
"24825","41557"
"24826","35470"
"24827","55792"
"24828","42050"
"24829","64848"
"24830","28270"
"24831","54414"
"24832","62880"
"24833","13777"
"24834","35213"
"24835","50324"
"24836","46231"
"24837","55411"
"24838","41257"
"24839","50161"
"24840","55306"
"24841","55780"
"24842","02035"
"24843","21911"
"24844","08640"
"24845","08738"
"24846","08824"
"24847","08852"
"24848","46376"
"24849","38387"
"24850","03743"
"24851","08757"
"24852","58258"
"24853","44139"
"24854","30188"
"24855","42035"
"24856","62818"
"24857","64061"
"24858","07082"
"24859","55412"
"24860","63304"
"24861","13839"
"24862","17878"
"24863","14005"
"24864","25419"
"24865","35019"
"24866","16923"
"24867","65338"
"24868","38328"
"24869","64767"
"24870","32340"
"24871","35127"
"24872","85044"
"24873","33912"
"24874","67333"
"24875","14034"
"24876","30205"
"24877","85306"
"24878","72429"
"24879","95691"
"24880","95825"
"24881","60402"
"24882","92647"
"24883","28751"
"24884","65739"
"24885","82636"
"24886","47137"
"24887","41076"
"24888","04635"
"24889","30213"
"24890","50447"
"24891","46301"
"24892","36904"
"24893","39083"
"24894","91789"
"24895","91931"
"24896","80833"
"24897","32837"
"24898","37714"
"24899","62067"
"24900","46341"
"24901","55379"
"24902","01434"
"24903","55319"
"24904","35475"
"24905","38767"
"24906","64011"
"24907","35214"
"24908","35764"
"24909","85202"
"24910","11719"
"24911","27946"
"24912","28341"
"24913","34209"
"24914","01523"
"24915","39086"
"24916","01749"
"24917","06807"
"24918","15628"
"24919","11520"
"24920","15736"
"24921","18340"
"24922","63468"
"24923","65772"
"24924","11735"
"24925","15938"
"24926","30293"
"24927","11763"
"24928","11776"
"24929","18445"
"24930","65074"
"24931","05405"
"24932","22482"
"24933","05875"
"24934","18325"
"24935","14569"
"24936","41011"
"24937","02650"
"24938","68813"
"24939","68967"
"24940","07063"
"24941","07640"
"24942","18458"
"24943","14724"
"24944","35464"
"24945","44840"
"24946","28631"
"24947","68601"
"24948","02672"
"24949","60190"
"24950","32323"
"24951","46360"
"24952","02050"
"24953","02184"
"24954","02482"
"24955","12025"
"24956","10930"
"24957","13360"
"24958","46375"
"24959","02726"
"24960","55413"
"24961","50565"
"24962","02645"
"24963","02673"
"24964","65611"
"24965","16157"
"24966","18942"
"24967","34667"
"24968","68846"
"24969","67119"
"24970","02764"
"24971","45369"
"24972","13101"
"24973","28791"
"24974","27608"
"24975","58433"
"24976","03870"
"24977","20620"
"24978","11786"
"24979","11803"
"24980","16141"
"24981","01229"
"24982","57273"
"24983","57233"
"24984","15148"
"24985","78007"
"24986","79520"
"24987","68862"
"24988","27870"
"24989","64163"
"24990","43358"
"24991","12769"
"24992","20001"
"24993","73048"
"24994","11959"
"24995","18628"
"24996","14784"
"24997","14809"
"24998","77873"
"24999","79733"
"25000","37078"
"25001","53714"
"25002","38001"
"25003","86044"
"25004","07008"
"25005","38002"
"25006","97229"
"25007","15024"
"25008","18505"
"25009","16872"
"25010","18704"
"25011","18810"
"25012","05773"
"25013","22716"
"25014","65001"
"25015","20625"
"25016","38011"
"25017","23518"
"25018","16417"
"25019","44621"
"25020","46385"
"25021","39097"
"25022","41092"
"25023","25244"
"25024","26624"
"25025","28580"
"25026","19717"
"25027","28587"
"25028","68462"
"25029","22976"
"25030","54970"
"25031","05472"
"25032","95550"
"25033","35544"
"25034","20678"
"25035","26719"
"25036","77355"
"25037","07027"
"25038","77078"
"25039","75244"
"25040","38453"
"25041","34689"
"25042","24586"
"25043","22931"
"25044","41847"
"25045","20816"
"25046","20707"
"25047","25007"
"25048","16110"
"25049","20732"
"25050","19952"
"25051","79783"
"25052","78677"
"25053","05667"
"25054","68869"
"25055","83127"
"25056","68883"
"25057","22842"
"25058","44010"
"25059","11796"
"25060","05826"
"25061","16311"
"25062","12064"
"25063","45439"
"25064","45506"
"25065","64443"
"25066","98682"
"25067","98325"
"25068","25601"
"25069","53719"
"25070","11931"
"25071","43727"
"25072","34116"
"25073","28314"
"25074","72478"
"25075","33716"
"25076","80744"
"25077","33446"
"25078","20007"
"25079","58711"
"25080","23064"
"25081","16132"
"25082","27919"
"25083","34142"
"25084","25132"
"25085","23704"
"25086","04943"
"25087","01199"
"25088","66007"
"25089","23608"
"25090","66018"
"25091","68466"
"25092","11947"
"25093","61728"
"25094","01106"
"25095","49267"
"25096","01062"
"25097","28332"
"25098","68018"
"25099","38052"
"25100","68508"
"25101","10924"
"25102","10990"
"25103","11955"
"25104","11205"
"25105","11224"
"25106","62912"
"25107","34705"
"25108","54754"
"25109","20601"
"25110","39561"
"25111","63386"
"25112","08525"
"25113","62938"
"25114","71822"
"25115","11962"
"25116","68521"
"25117","69021"
"25118","14223"
"25119","18102"
"25120","14428"
"25121","18251"
"25122","21704"
"25123","20886"
"25124","14903"
"25125","16727"
"25126","16201"
"25127","14880"
"25128","67401"
"25129","67422"
"25130","45692"
"25131","32303"
"25132","35401"
"25133","48507"
"25134","01118"
"25135","55979"
"25136","25678"
"25137","11975"
"25138","26808"
"25139","98023"
"25140","27921"
"25141","43771"
"25142","27928"
"25143","28352"
"25144","31091"
"25145","31803"
"25146","42602"
"25147","48642"
"25148","12007"
"25149","60140"
"25150","60523"
"25151","62656"
"25152","29918"
"25153","62571"
"25154","61957"
"25155","62208"
"25156","33073"
"25157","33635"
"25158","16740"
"25159","18631"
"25160","78736"
"25161","61053"
"25162","47119"
"25163","46554"
"25164","29924"
"25165","66743"
"25166","62965"
"25167","39877"
"25168","60628"
"25169","47918"
"25170","14775"
"25171","20187"
"25172","98947"
"25173","51028"
"25174","50206"
"25175","50460"
"25176","66442"
"25177","68632"
"25178","62969"
"25179","67512"
"25180","69170"
"25181","14788"
"25182","67530"
"25183","40370"
"25184","70783"
"25185","60974"
"25186","20117"
"25187","98056"
"25188","05860"
"25189","67122"
"25190","40486"
"25191","40903"
"25192","14808"
"25193","70723"
"25194","45846"
"25195","88353"
"25196","46940"
"25197","50861"
"25198","50057"
"25199","79003"
"25200","24554"
"25201","04757"
"25202","04359"
"25203","14810"
"25204","01542"
"25205","48193"
"25206","56007"
"25207","72742"
"25208","77048"
"25209","93650"
"25210","77067"
"25211","93730"
"25212","04442"
"25213","48382"
"25214","18657"
"25215","49796"
"25216","65672"
"25217","14826"
"25218","49259"
"25219","63055"
"25220","16350"
"25221","14867"
"25222","73030"
"25223","43518"
"25224","48886"
"25225","99615"
"25226","18661"
"25227","70544"
"25228","20903"
"25229","02339"
"25230","55429"
"25231","91905"
"25232","23398"
"25233","04463"
"25234","72958"
"25235","14882"
"25236","14894"
"25237","14841"
"25238","18980"
"25239","19023"
"25240","19047"
"25241","55430"
"25242","35984"
"25243","56381"
"25244","64866"
"25245","64490"
"25246","25917"
"25247","25044"
"25248","18817"
"25249","38947"
"25250","48324"
"25251","46506"
"25252","20769"
"25253","25180"
"25254","19945"
"25255","92284"
"25256","65035"
"25257","49934"
"25258","49901"
"25259","18825"
"25260","56650"
"25261","97450"
"25262","25972"
"25263","13677"
"25264","66052"
"25265","25243"
"25266","12161"
"25267","16506"
"25268","12202"
"25269","19109"
"25270","39090"
"25271","34982"
"25272","71256"
"25273","56355"
"25274","63460"
"25275","75098"
"25276","12766"
"25277","44632"
"25278","53224"
"25279","24880"
"25280","14783"
"25281","48240"
"25282","72376"
"25283","19713"
"25284","16635"
"25285","19137"
"25286","19312"
"25287","19428"
"25288","49947"
"25289","04261"
"25290","08901"
"25291","12831"
"25292","48242"
"25293","28006"
"25294","58492"
"25295","05680"
"25296","05254"
"25297","54101"
"25298","33432"
"25299","89427"
"25300","50622"
"25301","50633"
"25302","47357"
"25303","39094"
"25304","33016"
"25305","52569"
"25306","58225"
"25307","43077"
"25308","49643"
"25309","08053"
"25310","44403"
"25311","55312"
"25312","76820"
"25313","36877"
"25314","50578"
"25315","04667"
"25316","25916"
"25317","58033"
"25318","75832"
"25319","61370"
"25320","67441"
"25321","45729"
"25322","67451"
"25323","97140"
"25324","35975"
"25325","35501"
"25326","80549"
"25327","14869"
"25328","58776"
"25329","72396"
"25330","93955"
"25331","94503"
"25332","45766"
"25333","67464"
"25334","53919"
"25335","99505"
"25336","19944"
"25337","41083"
"25338","95919"
"25339","94589"
"25340","45068"
"25341","29816"
"25342","73116"
"25343","17778"
"25344","95202"
"25345","94516"
"25346","91008"
"25347","90024"
"25348","35503"
"25349","06029"
"25350","06441"
"25351","33527"
"25352","29576"
"25353","62082"
"25354","72070"
"25355","92254"
"25356","93704"
"25357","15462"
"25358","45653"
"25359","46403"
"25360","16248"
"25361","34482"
"25362","96750"
"25363","96726"
"25364","27962"
"25365","29579"
"25366","90041"
"25367","81084"
"25368","06478"
"25369","32343"
"25370","41093"
"25371","20011"
"25372","46565"
"25373","40045"
"25374","51063"
"25375","73521"
"25376","95941"
"25377","41622"
"25378","78956"
"25379","79032"
"25380","45432"
"25381","48309"
"25382","16943"
"25383","16634"
"25384","17884"
"25385","17094"
"25386","59427"
"25387","07825"
"25388","79064"
"25389","79243"
"25390","12734"
"25391","76637"
"25392","32351"
"25393","38327"
"25394","26501"
"25395","36250"
"25396","06612"
"25397","15533"
"25398","16048"
"25399","18104"
"25400","37033"
"25401","77033"
"25402","76888"
"25403","41099"
"25404","75605"
"25405","32725"
"25406","31720"
"25407","62361"
"25408","76248"
"25409","40953"
"25410","04282"
"25411","04459"
"25412","55005"
"25413","76123"
"25414","50593"
"25415","79063"
"25416","98613"
"25417","77970"
"25418","98467"
"25419","47601"
"25420","52161"
"25421","50271"
"25422","79313"
"25423","79378"
"25424","79503"
"25425","20036"
"25426","79536"
"25427","25169"
"25428","84739"
"25429","31054"
"25430","50157"
"25431","71661"
"25432","79605"
"25433","77024"
"25434","79544"
"25435","99337"
"25436","20240"
"25437","05701"
"25438","95660"
"25439","92372"
"25440","93274"
"25441","92365"
"25442","98271"
"25443","54025"
"25444","37408"
"25445","93434"
"25446","78609"
"25447","80480"
"25448","20317"
"25449","96104"
"25450","23415"
"25451","38122"
"25452","81327"
"25453","05361"
"25454","95982"
"25455","54950"
"25456","96135"
"25457","78645"
"25458","56722"
"25459","20510"
"25460","65640"
"25461","03886"
"25462","28128"
"25463","01880"
"25464","12762"
"25465","04024"
"25466","54170"
"25467","95717"
"25468","78351"
"25469","42082"
"25470","20560"
"25471","04092"
"25472","49419"
"25473","64631"
"25474","89003"
"25475","14543"
"25476","17760"
"25477","95811"
"25478","61705"
"25479","60512"
"25480","01473"
"25481","20701"
"25482","70006"
"25483","04087"
"25484","39647"
"25485","03605"
"25486","33880"
"25487","68329"
"25488","87580"
"25489","87027"
"25490","65681"
"25491","64079"
"25492","07062"
"25493","30683"
"25494","96813"
"25495","61031"
"25496","61115"
"25497","87712"
"25498","11940"
"25499","68370"
"25500","66701"
"25501","89451"
"25502","06371"
"25503","19902"
"25504","78664"
"25505","78746"
"25506","78879"
"25507","27612"
"25508","27376"
"25509","44035"
"25510","32169"
"25511","01966"
"25512","20690"
"25513","95827"
"25514","07065"
"25515","95903"
"25516","95926"
"25517","68310"
"25518","10454"
"25519","13210"
"25520","58781"
"25521","11557"
"25522","12810"
"25523","27573"
"25524","78415"
"25525","07073"
"25526","95962"
"25527","12779"
"25528","64401"
"25529","28391"
"25530","13104"
"25531","44432"
"25532","14861"
"25533","17372"
"25534","72568"
"25535","81253"
"25536","07079"
"25537","27824"
"25538","97006"
"25539","50480"
"25540","51401"
"25541","66834"
"25542","43105"
"25543","97539"
"25544","18912"
"25545","16233"
"25546","25048"
"25547","97367"
"25548","92364"
"25549","25057"
"25550","16238"
"25551","16245"
"25552","12040"
"25553","16326"
"25554","12063"
"25555","16340"
"25556","16343"
"25557","16353"
"25558","12108"
"25559","85342"
"25560","18843"
"25561","18848"
"25562","18850"
"25563","18853"
"25564","18913"
"25565","18950"
"25566","18951"
"25567","18977"
"25568","19022"
"25569","19025"
"25570","80537"
"25571","19036"
"25572","39111"
"25573","32399"
"25574","48314"
"25575","39117"
"25576","50603"
"25577","46408"
"25578","39119"
"25579","41143"
"25580","30326"
"25581","93962"
"25582","41149"
"25583","39120"
"25584","39140"
"25585","55434"
"25586","46508"
"25587","20758"
"25588","20762"
"25589","07111"
"25590","25162"
"25591","25208"
"25592","32344"
"25593","25234"
"25594","07403"
"25595","20812"
"25596","25252"
"25597","19977"
"25598","25259"
"25599","16427"
"25600","12169"
"25601","12172"
"25602","12190"
"25603","32446"
"25604","16601"
"25605","12204"
"25606","12222"
"25607","16633"
"25608","12307"
"25609","12401"
"25610","12411"
"25611","19074"
"25612","19094"
"25613","19095"
"25614","96019"
"25615","19114"
"25616","19126"
"25617","19145"
"25618","19316"
"25619","19372"
"25620","19373"
"25621","19405"
"25622","19435"
"25623","39145"
"25624","50620"
"25625","83460"
"25626","30332"
"25627","30334"
"25628","48331"
"25629","32409"
"25630","35572"
"25631","55442"
"25632","35574"
"25633","48336"
"25634","35576"
"25635","41179"
"25636","61834"
"25637","35578"
"25638","50634"
"25639","30342"
"25640","39159"
"25641","31090"
"25642","36421"
"25643","56335"
"25644","47361"
"25645","60962"
"25646","36426"
"25647","51243"
"25648","36432"
"25649","59201"
"25650","47367"
"25651","60969"
"25652","47369"
"25653","63126"
"25654","36445"
"25655","36451"
"25656","59221"
"25657","61363"
"25658","73855"
"25659","32404"
"25660","58228"
"25661","63559"
"25662","57221"
"25663","31634"
"25664","58233"
"25665","56633"
"25666","31635"
"25667","58235"
"25668","63565"
"25669","59644"
"25670","03905"
"25671","33306"
"25672","31636"
"25673","37321"
"25674","49717"
"25675","61741"
"25676","53211"
"25677","33544"
"25678","22551"
"25679","61750"
"25680","51531"
"25681","67879"
"25682","35960"
"25683","42367"
"25684","42374"
"25685","56035"
"25686","35962"
"25687","60615"
"25688","30668"
"25689","42408"
"25690","56043"
"25691","30669"
"25692","01230"
"25693","56047"
"25694","36454"
"25695","59223"
"25696","31207"
"25697","49104"
"25698","59240"
"25699","31213"
"25700","47381"
"25701","63133"
"25702","49115"
"25703","49968"
"25704","52595"
"25705","36476"
"25706","31217"
"25707","33029"
"25708","52601"
"25709","37087"
"25710","36830"
"25711","58239"
"25712","57236"
"25713","27278"
"25714","55977"
"25715","53031"
"25716","31639"
"25717","36849"
"25718","56647"
"25719","36850"
"25720","58244"
"25721","31642"
"25722","57242"
"25723","56649"
"25724","31643"
"25725","67114"
"25726","37091"
"25727","57790"
"25728","64112"
"25729","61925"
"25730","53565"
"25731","58623"
"25732","69201"
"25733","69216"
"25734","27813"
"25735","49848"
"25736","01945"
"25737","58601"
"25738","64117"
"25739","53573"
"25740","27822"
"25741","33710"
"25742","61941"
"25743","39534"
"25744","39540"
"25745","48767"
"25746","56060"
"25747","59761"
"25748","46957"
"25749","46961"
"25750","42437"
"25751","51562"
"25752","60618"
"25753","46967"
"25754","30705"
"25755","59255"
"25756","31304"
"25757","52624"
"25758","59014"
"25759","56369"
"25760","31308"
"25761","36502"
"25762","63140"
"25763","31312"
"25764","49201"
"25765","63143"
"25766","59270"
"25767","59276"
"25768","47405"
"25769","58765"
"25770","64116"
"25771","33034"
"25772","47420"
"25773","36853"
"25774","61411"
"25775","31698"
"25776","47848"
"25777","33314"
"25778","47853"
"25779","36860"
"25780","61419"
"25781","56177"
"25782","47857"
"25783","59703"
"25784","53047"
"25785","29138"
"25786","56668"
"25787","22553"
"25788","39845"
"25789","27546"
"25790","49721"
"25791","33559"
"25792","11228"
"25793","27549"
"25794","59872"
"25795","39862"
"25796","57552"
"25797","43406"
"25798","59873"
"25799","43408"
"25800","37330"
"25801","29409"
"25802","59874"
"25803","87528"
"25804","63967"
"25805","42445"
"25806","35990"
"25807","36005"
"25808","48813"
"25809","32735"
"25810","36009"
"25811","39571"
"25812","39572"
"25813","39573"
"25814","11214"
"25815","36022"
"25816","46987"
"25817","39576"
"25818","63155"
"25819","36521"
"25820","47421"
"25821","52644"
"25822","59311"
"25823","47424"
"25824","61059"
"25825","07647"
"25826","49227"
"25827","36524"
"25828","59318"
"25829","59322"
"25830","31327"
"25831","52701"
"25832","59324"
"25833","58262"
"25834","47869"
"25835","47871"
"25836","27030"
"25837","36862"
"25838","29148"
"25839","61424"
"25840","43111"
"25841","56676"
"25842","57269"
"25843","61433"
"25844","59711"
"25845","63640"
"25846","27295"
"25847","97914"
"25848","37110"
"25849","33322"
"25850","43117"
"25851","22580"
"25852","49733"
"25853","57567"
"25854","27565"
"25855","33572"
"25856","64016"
"25857","22602"
"25858","03848"
"25859","59901"
"25860","61775"
"25861","43434"
"25862","43439"
"25863","58505"
"25864","53227"
"25865","59911"
"25866","42503"
"25867","30728"
"25868","60622"
"25869","08302"
"25870","36027"
"25871","36028"
"25872","36031"
"25873","36032"
"25874","42544"
"25875","60623"
"25876","30738"
"25877","51656"
"25878","46998"
"25879","32764"
"25880","57218"
"25881","03832"
"25882","56111"
"25883","36040"
"25884","39638"
"25885","56435"
"25886","56436"
"25887","59327"
"25888","33056"
"25889","52728"
"25890","47448"
"25891","59332"
"25892","29831"
"25893","49246"
"25894","47457"
"25895","47458"
"25896","56448"
"25897","63645"
"25898","59714"
"25899","31714"
"25900","47901"
"25901","49506"
"25902","36871"
"25903","37306"
"25904","36874"
"25905","53069"
"25906","29154"
"25907","49508"
"25908","49509"
"25909","31730"
"25910","29423"
"25911","29424"
"25912","49738"
"25913","59912"
"25914","14108"
"25915","37350"
"25916","58523"
"25917","64030"
"25918","61814"
"25919","53404"
"25920","57601"
"25921","43463"
"25922","27587"
"25923","49746"
"25924","59919"
"25925","02841"
"25926","27589"
"25927","36043"
"25928","42633"
"25929","42638"
"25930","30751"
"25931","36049"
"25932","42642"
"25933","52033"
"25934","36053"
"25935","42647"
"25936","11231"
"25937","56131"
"25938","39652"
"25939","48852"
"25940","42701"
"25941","42712"
"25942","39653"
"25943","47464"
"25944","52749"
"25945","49263"
"25946","33068"
"25947","27249"
"25948","52753"
"25949","52757"
"25950","36545"
"25951","33071"
"25952","59404"
"25953","33076"
"25954","63361"
"25955","36555"
"25956","58301"
"25957","36907"
"25958","84515"
"25959","33334"
"25960","29161"
"25961","33351"
"25962","56721"
"25963","63665"
"25964","33401"
"25965","37132"
"25966","47916"
"25967","29168"
"25968","59720"
"25969","77978"
"25970","57315"
"25971","63670"
"25972","33404"
"25973","59721"
"25974","59920"
"25975","43501"
"25976","64040"
"25977","49749"
"25978","53504"
"25979","43505"
"25980","05488"
"25981","27597"
"25982","57639"
"25983","59923"
"25984","49756"
"25985","57650"
"25986","29440"
"25987","57652"
"25988","47035"
"25989","48857"
"25990","60629"
"25991","11360"
"25992","22504"
"25993","36078"
"25994","42718"
"25995","60630"
"25996","42721"
"25997","47104"
"25998","30821"
"25999","36082"
"26000","56158"
"26001","52761"
"26002","59405"
"26003","24934"
"26004","56469"
"26005","59411"
"26006","49288"
"26007","52773"
"26008","56470"
"26009","33131"
"26010","52801"
"26011","31503"
"26012","63370"
"26013","47542"
"26014","54629"
"26015","61104"
"26016","31750"
"26017","58325"
"26018","47924"
"26019","61475"
"26020","33407"
"26021","37144"
"26022","29178"
"26023","61482"
"26024","43140"
"26025","16121"
"26026","43142"
"26027","29180"
"26028","37148"
"26029","58541"
"26030","59927"
"26031","59928"
"26032","61832"
"26033","22711"
"26034","64063"
"26035","61839"
"26036","15737"
"26037","58545"
"26038","57702"
"26039","29450"
"26040","29452"
"26041","37375"
"26042","61843"
"26043","42728"
"26044","39669"
"26045","48870"
"26046","32798"
"26047","15601"
"26048","36089"
"26049","36091"
"26050","42748"
"26051","56167"
"26052","42749"
"26053","36092"
"26054","36093"
"26055","60634"
"26056","42765"
"26057","30903"
"26058","26807"
"26059","47129"
"26060","47546"
"26061","56744"
"26062","43002"
"26063","57660"
"26064","29003"
"26065","43004"
"26066","33141"
"26067","58007"
"26068","29006"
"26069","24954"
"26070","49319"
"26071","63379"
"26072","31516"
"26073","36590"
"26074","27017"
"26075","36602"
"26076","59442"
"26077","27332"
"26078","27340"
"26079","59725"
"26080","98207"
"26081","57341"
"26082","63738"
"26083","59727"
"26084","57346"
"26085","63746"
"26086","47941"
"26087","43153"
"26088","49626"
"26089","59936"
"26090","64072"
"26091","24986"
"26092","57719"
"26093","61848"
"26094","29455"
"26095","43525"
"26096","49780"
"26097","37380"
"26098","82801"
"26099","49782"
"26100","33616"
"26101","43531"
"26102","57551"
"26103","35173"
"26104","22807"
"26105","57741"
"26106","43535"
"26107","29461"
"26108","39730"
"26109","32807"
"26110","52168"
"26111","39740"
"26112","30906"
"26113","36115"
"26114","35541"
"26115","39745"
"26116","47142"
"26117","39747"
"26118","32814"
"26119","52206"
"26120","47567"
"26121","29010"
"26122","58018"
"26123","29014"
"26124","63383"
"26125","35565"
"26126","36604"
"26127","37015"
"26128","58029"
"26129","43015"
"26130","47584"
"26131","27025"
"26132","59456"
"26133","57018"
"26134","56519"
"26135","63385"
"26136","36083"
"26137","53094"
"26138","33415"
"26139","59730"
"26140","37166"
"26141","61524"
"26142","59732"
"26143","49631"
"26144","33418"
"26145","31787"
"26146","59739"
"26147","53235"
"26148","63770"
"26149","47954"
"26150","43202"
"26151","58562"
"26152","33620"
"26153","43541"
"26154","64083"
"26155","37388"
"26156","57750"
"26157","37394"
"26158","35033"
"26159","57751"
"26160","29468"
"26161","37397"
"26162","58568"
"26163","58569"
"26164","22827"
"26165","49807"
"26166","64092"
"26167","27709"
"26168","57761"
"26169","35504"
"26170","31001"
"26171","52210"
"26172","31006"
"26173","60641"
"26174","47167"
"26175","39759"
"26176","39762"
"26177","48921"
"26178","52219"
"26179","47170"
"26180","99674"
"26181","56223"
"26182","52232"
"26183","61236"
"26184","63387"
"26185","49335"
"26186","33147"
"26187","59463"
"26188","29020"
"26189","31525"
"26190","29030"
"26191","99510"
"26192","61243"
"26193","59471"
"26194","57030"
"26195","31533"
"26196","59474"
"26197","53105"
"26198","33431"
"26199","59745"
"26200","58362"
"26201","57361"
"26202","99682"
"26203","43205"
"26204","47963"
"26205","63784"
"26206","47968"
"26207","37183"
"26208","59754"
"26209","57762"
"26210","29474"
"26211","53557"
"26212","43553"
"26213","57720"
"26214","99754"
"26215","29479"
"26216","64102"
"26217","57779"
"26218","43555"
"26219","43557"
"26220","57783"
"26221","49835"
"26222","57785"
"26223","60645"
"26224","36262"
"26225","99752"
"26226","59008"
"26227","52241"
"26228","36264"
"26229","63039"
"26230","52249"
"26231","31021"
"26232","59012"
"26233","36266"
"26234","36268"
"26235","63045"
"26236","99654"
"26237","63047"
"26238","47226"
"26239","31023"
"26240","29037"
"26241","59479"
"26242","33156"
"26243","59486"
"26244","61258"
"26245","59489"
"26246","56541"
"26247","86017"
"26248","57041"
"26249","33157"
"26250","61263"
"26251","43032"
"26252","58057"
"26253","47977"
"26254","37185"
"26255","49646"
"26256","57375"
"26257","58372"
"26258","85629"
"26259","43212"
"26260","22206"
"26261","63828"
"26262","37190"
"26263","33442"
"26264","30536"
"26265","35769"
"26266","39425"
"26267","55932"
"26268","46766"
"26269","85937"
"26270","48627"
"26271","51242"
"26272","51244"
"26273","32583"
"26274","46771"
"26275","42141"
"26276","55944"
"26277","59018"
"26278","31024"
"26279","59022"
"26280","72632"
"26281","60652"
"26282","59024"
"26283","36272"
"26284","63053"
"26285","60654"
"26286","52315"
"26287","36274"
"26288","59032"
"26289","49027"
"26290","47247"
"26291","85145"
"26292","32909"
"26293","31030"
"26294","36616"
"26295","57047"
"26296","57049"
"26297","57050"
"26298","58064"
"26299","57054"
"26300","57057"
"26301","59522"
"26302","71921"
"26303","61560"
"26304","33445"
"26305","61562"
"26306","61564"
"26307","57386"
"26308","22311"
"26309","31815"
"26310","33458"
"26311","43222"
"26312","57421"
"26313","93271"
"26314","27504"
"26315","30548"
"26316","42167"
"26317","46785"
"26318","46791"
"26319","32612"
"26320","42210"
"26321","35805"
"26322","39443"
"26323","39451"
"26324","19963"
"26325","16507"
"26326","92620"
"26327","51350"
"26328","36280"
"26329","59035"
"26330","47250"
"26331","31032"
"26332","59038"
"26333","52337"
"26334","59041"
"26335","59043"
"26336","63080"
"26337","91801"
"26338","60707"
"26339","60712"
"26340","63087"
"26341","31046"
"26342","31047"
"26343","32949"
"26344","57061"
"26345","37050"
"26346","47649"
"26347","29061"
"26348","91345"
"26349","63459"
"26350","27109"
"26351","56560"
"26352","56565"
"26353","58075"
"26354","36701"
"26355","27201"
"26356","63467"
"26357","31555"
"26358","31556"
"26359","96094"
"26360","61316"
"26361","61317"
"26362","59820"
"26363","29324"
"26364","49665"
"26365","31827"
"26366","27511"
"26367","61605"
"26368","29325"
"26369","53151"
"26370","90048"
"26371","59825"
"26372","61610"
"26373","59828"
"26374","29335"
"26375","60546"
"26376","51355"
"26377","32625"
"26378","32626"
"26379","39452"
"26380","51364"
"26381","90071"
"26382","46808"
"26383","55982"
"26384","32640"
"26385","39462"
"26386","42261"
"26387","51441"
"26388","47281"
"26389","47282"
"26390","63102"
"26391","56287"
"26392","90814"
"26393","63103"
"26394","59053"
"26395","56294"
"26396","63105"
"26397","31061"
"26398","59064"
"26399","63107"
"26400","60910"
"26401","31064"
"26402","37058"
"26403","91752"
"26404","33174"
"26405","36726"
"26406","61323"
"26407","37061"
"26408","36728"
"26409","57076"
"26410","61328"
"26411","59538"
"26412","61331"
"26413","61335"
"26414","93626"
"26415","61340"
"26416","37064"
"26417","31565"
"26418","59829"
"26419","58426"
"26420","29340"
"26421","63866"
"26422","63868"
"26423","33477"
"26424","59834"
"26425","80017"
"26426","37219"
"26427","22448"
"26428","31906"
"26429","59840"
"26430","29349"
"26431","59842"
"26432","39465"
"26433","51444"
"26434","48662"
"26435","42276"
"26436","79714"
"26437","81227"
"26438","35903"
"26439","60564"
"26440","39470"
"26441","56001"
"26442","30631"
"26443","35907"
"26444","60603"
"26445","60606"
"26446","48710"
"26447","63109"
"26448","80024"
"26449","59069"
"26450","36344"
"26451","60919"
"26452","60920"
"26453","63113"
"26454","59076"
"26455","31076"
"26456","59077"
"26457","60932"
"26458","56308"
"26459","81624"
"26460","47337"
"26461","49074"
"26462","43055"
"26463","29078"
"26464","36750"
"26465","61346"
"26466","29080"
"26467","47720"
"26468","56589"
"26469","53003"
"26470","06089"
"26471","63544"
"26472","49434"
"26473","36758"
"26474","49436"
"26475","27239"
"26476","36761"
"26477","49686"
"26478","33486"
"26479","63879"
"26480","27525"
"26481","33313"
"26482","59845"
"26483","33498"
"26484","59846"
"26485","57466"
"26486","58452"
"26487","57468"
"26488","59853"
"26489","37309"
"26490","37310"
"26491","39479"
"26492","06110"
"26493","42323"
"26494","46915"
"26495","39482"
"26496","42332"
"26497","32697"
"26498","51520"
"26499","48733"
"26500","42347"
"26501","48737"
"26502","33001"
"26503","06023"
"26504","47344"
"26505","31082"
"26506","59087"
"26507","63116"
"26508","56321"
"26509","36401"
"26510","33010"
"26511","36420"
"26512","59101"
"26513","49089"
"26514","34445"
"26515","53007"
"26516","37074"
"26517","27244"
"26518","58205"
"26519","57197"
"26520","31620"
"26521","36775"
"26522","29108"
"26523","36782"
"26524","61359"
"26525","32133"
"26526","31627"
"26527","59636"
"26528","58224"
"26529","36784"
"26530","20118"
"26531","53016"
"26532","43070"
"26533","29375"
"26534","63901"
"26535","63902"
"26536","32435"
"26537","27530"
"26538","29377"
"26539","29378"
"26540","53205"
"26541","63933"
"26542","29379"
"26543","43331"
"26544","57501"
"26545","39828"
"26546","67568"
"26547","37738"
"26548","33484"
"26549","69343"
"26550","69346"
"26551","45876"
"26552","69347"
"26553","69348"
"26554","69351"
"26555","69355"
"26556","45889"
"26557","69357"
"26558","45896"
"26559","34109"
"26560","69366"
"26561","67660"
"26562","27982"
"26563","62093"
"26564","33834"
"26565","29581"
"26566","33838"
"26567","28007"
"26568","43832"
"26569","29584"
"26570","30721"
"26571","64499"
"26572","43842"
"26573","53948"
"26574","23129"
"26575","43844"
"26576","28017"
"26577","29591"
"26578","28364"
"26579","34232"
"26580","34233"
"26581","30103"
"26582","62622"
"26583","28367"
"26584","68063"
"26585","44405"
"26586","29940"
"26587","28375"
"26588","34237"
"26589","38115"
"26590","54501"
"26591","68068"
"26592","30650"
"26593","23832"
"26594","65622"
"26595","38556"
"26596","65623"
"26597","28655"
"26598","66758"
"26599","38562"
"26600","82322"
"26601","28657"
"26602","38568"
"26603","30474"
"26604","65626"
"26605","54841"
"26606","44880"
"26607","24202"
"26608","62997"
"26609","28659"
"26610","24210"
"26611","66770"
"26612","67674"
"26613","67740"
"26614","30412"
"26615","67840"
"26616","67951"
"26617","83204"
"26618","83213"
"26619","83215"
"26620","83217"
"26621","37745"
"26622","33847"
"26623","58763"
"26624","33851"
"26625","30421"
"26626","43907"
"26627","23169"
"26628","23173"
"26629","53959"
"26630","33855"
"26631","62225"
"26632","29613"
"26633","68071"
"26634","68072"
"26635","68104"
"26636","83639"
"26637","23838"
"26638","68105"
"26639","54525"
"26640","44437"
"26641","44439"
"26642","23842"
"26643","66772"
"26644","65637"
"26645","68655"
"26646","82335"
"26647","83713"
"26648","82336"
"26649","54847"
"26650","38574"
"26651","38578"
"26652","54848"
"26653","82410"
"26654","24224"
"26655","68662"
"26656","68664"
"26657","44903"
"26658","79846"
"26659","83848"
"26660","38585"
"26661","24228"
"26662","83226"
"26663","98597"
"26664","98601"
"26665","98611"
"26666","98617"
"26667","98620"
"26668","98638"
"26669","98641"
"26670","83321"
"26671","83716"
"26672","83805"
"26673","83811"
"26674","83814"
"26675","98672"
"26676","83821"
"26677","83823"
"26678","83825"
"26679","83833"
"26680","43926"
"26681","30560"
"26682","53965"
"26683","58785"
"26684","43939"
"26685","37770"
"26686","23188"
"26687","58788"
"26688","54007"
"26689","43948"
"26690","58795"
"26691","54529"
"26692","62030"
"26693","65248"
"26694","38131"
"26695","34286"
"26696","54538"
"26697","38134"
"26698","68117"
"26699","68118"
"26700","66101"
"26701","54547"
"26702","38201"
"26703","60153"
"26704","24230"
"26705","65655"
"26706","66801"
"26707","82414"
"26708","82423"
"26709","28694"
"26710","24245"
"26711","24246"
"26712","82426"
"26713","28697"
"26714","83808"
"26715","82428"
"26716","54874"
"26717","65664"
"26718","65667"
"26719","82431"
"26720","24256"
"26721","28705"
"26722","98033"
"26723","83252"
"26724","83254"
"26725","83423"
"26726","83255"
"26727","83263"
"26728","83276"
"26729","98068"
"26730","83285"
"26731","98075"
"26732","83301"
"26733","83312"
"26734","83314"
"26735","83320"
"26736","62058"
"26737","98119"
"26738","98146"
"26739","43961"
"26740","43962"
"26741","29627"
"26742","43967"
"26743","62246"
"26744","62248"
"26745","43973"
"26746","29635"
"26747","60624"
"26748","64654"
"26749","62255"
"26750","58835"
"26751","62689"
"26752","68127"
"26753","23867"
"26754","54552"
"26755","44493"
"26756","28412"
"26757","44503"
"26758","60933"
"26759","54555"
"26760","28422"
"26761","28424"
"26762","44509"
"26763","66118"
"26764","34431"
"26765","34972"
"26766","45032"
"26767","45033"
"26768","24266"
"26769","78411"
"26770","61430"
"26771","28712"
"26772","54893"
"26773","66852"
"26774","28713"
"26775","65689"
"26776","66856"
"26777","28714"
"26778","68734"
"26779","45051"
"26780","28716"
"26781","62250"
"26782","45062"
"26783","28717"
"26784","98164"
"26785","98174"
"26786","98195"
"26787","83340"
"26788","83349"
"26789","98224"
"26790","83350"
"26791","98226"
"26792","60644"
"26793","98235"
"26794","98237"
"26795","98244"
"26796","98250"
"26797","99502"
"26798","83420"
"26799","98272"
"26800","99549"
"26801","99551"
"26802","58843"
"26803","46951"
"26804","37807"
"26805","23229"
"26806","44011"
"26807","28090"
"26808","44012"
"26809","29646"
"26810","54114"
"26811","28092"
"26812","37818"
"26813","28101"
"26814","46133"
"26815","28102"
"26816","62274"
"26817","54121"
"26818","54562"
"26819","68138"
"26820","54564"
"26821","28433"
"26822","38242"
"26823","62704"
"26824","68154"
"26825","50107"
"26826","66211"
"26827","68178"
"26828","28445"
"26829","68303"
"26830","28447"
"26831","54610"
"26832","24312"
"26833","24314"
"26834","82501"
"26835","24315"
"26836","52557"
"26837","24316"
"26838","82515"
"26839","65711"
"26840","54927"
"26841","54929"
"26842","54931"
"26843","66932"
"26844","82520"
"26845","24333"
"26846","83434"
"26847","50612"
"26848","99563"
"26849","98276"
"26850","99574"
"26851","99578"
"26852","99580"
"26853","99589"
"26854","83443"
"26855","99612"
"26856","83445"
"26857","99625"
"26858","52657"
"26859","99627"
"26860","99636"
"26861","98303"
"26862","83463"
"26863","99647"
"26864","99652"
"26865","83465"
"26866","37828"
"26867","44039"
"26868","62297"
"26869","51467"
"26870","29659"
"26871","37830"
"26872","29661"
"26873","37840"
"26874","29664"
"26875","28114"
"26876","29667"
"26877","37841"
"26878","44055"
"26879","68309"
"26880","98586"
"26881","50078"
"26882","44615"
"26883","23917"
"26884","54612"
"26885","66223"
"26886","23920"
"26887","68316"
"26888","68317"
"26889","62811"
"26890","68320"
"26891","54618"
"26892","67575"
"26893","38305"
"26894","68327"
"26895","82523"
"26896","45121"
"26897","65717"
"26898","24343"
"26899","45131"
"26900","45132"
"26901","24348"
"26902","68763"
"26903","42440"
"26904","45133"
"26905","28739"
"26906","66946"
"26907","24360"
"26908","28742"
"26909","45142"
"26910","65735"
"26911","82604"
"26912","66955"
"26913","98323"
"26914","41615"
"26915","99665"
"26916","83468"
"26917","98328"
"26918","99678"
"26919","83501"
"26920","83522"
"26921","98337"
"26922","99688"
"26923","99691"
"26924","83525"
"26925","67071"
"26926","98350"
"26927","99701"
"26928","99704"
"26929","99705"
"26930","98361"
"26931","98362"
"26932","83539"
"26933","99732"
"26934","62305"
"26935","54151"
"26936","42301"
"26937","37852"
"26938","62316"
"26939","64742"
"26940","54156"
"26941","33921"
"26942","64745"
"26943","37857"
"26944","62334"
"26945","62336"
"26946","29678"
"26947","42337"
"26948","38310"
"26949","38311"
"26950","62820"
"26951","38315"
"26952","44640"
"26953","68338"
"26954","23942"
"26955","23943"
"26956","44645"
"26957","38321"
"26958","41274"
"26959","62825"
"26960","54634"
"26961","23947"
"26962","68347"
"26963","82620"
"26964","45155"
"26965","45164"
"26966","65740"
"26967","24381"
"26968","28753"
"26969","41663"
"26970","68781"
"26971","24411"
"26972","54980"
"26973","65754"
"26974","83549"
"26975","99743"
"26976","83553"
"26977","83554"
"26978","99756"
"26979","99757"
"26980","70451"
"26981","83601"
"26982","99762"
"26983","99764"
"26984","99766"
"26985","99772"
"26986","99780"
"26987","98376"
"26988","99790"
"26989","98377"
"26990","99801"
"26991","24484"
"26992","71068"
"26993","98382"
"26994","99827"
"26995","99830"
"26996","83607"
"26997","98403"
"26998","99921"
"26999","99922"
"27000","99929"
"27001","83612"
"27002","28139"
"27003","71340"
"27004","37862"
"27005","29685"
"27006","23408"
"27007","54174"
"27008","62352"
"27009","23416"
"27010","28146"
"27011","62353"
"27012","37869"
"27013","54204"
"27014","71292"
"27015","37870"
"27016","29691"
"27017","37871"
"27018","68349"
"27019","28478"
"27020","54641"
"27021","54643"
"27022","65354"
"27023","44654"
"27024","23970"
"27025","71416"
"27026","28511"
"27027","44661"
"27028","66441"
"27029","23974"
"27030","65355"
"27031","68362"
"27032","82642"
"27033","45209"
"27034","82648"
"27035","82649"
"27036","71483"
"27037","28771"
"27038","65761"
"27039","54985"
"27040","45216"
"27041","67021"
"27042","82710"
"27043","82715"
"27044","24448"
"27045","28779"
"27046","45230"
"27047","70139"
"27048","24450"
"27049","83615"
"27050","98430"
"27051","83617"
"27052","83633"
"27053","83636"
"27054","83637"
"27055","83641"
"27056","98532"
"27057","98544"
"27058","04441"
"27059","83647"
"27060","98557"
"27061","98563"
"27062","83656"
"27063","98580"
"27064","83671"
"27065","37872"
"27066","23432"
"27067","28152"
"27068","64772"
"27069","21052"
"27070","44105"
"27071","44106"
"27072","37876"
"27073","37878"
"27074","64779"
"27075","29706"
"27076","64780"
"27077","23441"
"27078","37881"
"27079","62853"
"27080","04057"
"27081","54656"
"27082","28519"
"27083","44663"
"27084","44669"
"27085","65401"
"27086","38356"
"27087","68379"
"27088","68382"
"27089","66506"
"27090","68403"
"27091","04781"
"27092","65441"
"27093","54665"
"27094","24460"
"27095","65784"
"27096","24474"
"27097","67041"
"27098","45249"
"27099","82721"
"27100","24487"
"27101","82725"
"27102","74871"
"27103","02351"
"27104","24501"
"27105","65793"
"27106","28792"
"27107","45307"
"27108","67053"
"27109","45310"
"27110","24504"
"27111","58622"
"27112","64123"
"27113","64126"
"27114","21130"
"27115","37614"
"27116","43610"
"27117","22940"
"27118","29506"
"27119","58630"
"27120","53583"
"27121","61949"
"27122","27834"
"27123","33744"
"27124","43613"
"27125","01088"
"27126","53588"
"27127","49861"
"27128","54235"
"27129","37882"
"27130","33967"
"27131","54246"
"27132","37887"
"27133","29718"
"27134","44118"
"27135","33973"
"27136","02139"
"27137","54307"
"27138","37915"
"27139","44123"
"27140","64831"
"27141","29720"
"27142","62863"
"27143","28543"
"27144","54667"
"27145","65453"
"27146","38368"
"27147","49320"
"27148","66517"
"27149","65459"
"27150","68417"
"27151","24055"
"27152","24058"
"27153","65466"
"27154","54720"
"27155","38375"
"27156","45316"
"27157","24521"
"27158","48098"
"27159","45321"
"27160","67067"
"27161","24523"
"27162","82834"
"27163","82836"
"27164","82838"
"27165","82839"
"27166","67101"
"27167","82901"
"27168","67105"
"27169","48009"
"27170","45336"
"27171","82923"
"27172","58638"
"27173","27850"
"27174","27852"
"27175","43620"
"27176","22967"
"27177","58640"
"27178","64139"
"27179","53599"
"27180","48125"
"27181","53702"
"27182","53703"
"27183","29526"
"27184","27866"
"27185","29527"
"27186","37643"
"27187","49879"
"27188","64842"
"27189","44133"
"27190","44134"
"27191","55709"
"27192","62448"
"27193","64850"
"27194","33991"
"27195","62452"
"27196","64857"
"27197","54417"
"27198","62879"
"27199","24060"
"27200","24065"
"27201","38382"
"27202","56146"
"27203","62882"
"27204","68438"
"27205","68441"
"27206","66540"
"27207","62891"
"27208","28577"
"27209","82925"
"27210","82934"
"27211","45349"
"27212","24551"
"27213","05904"
"27214","56132"
"27215","82935"
"27216","24553"
"27217","82937"
"27218","45361"
"27219","24557"
"27220","67132"
"27221","83001"
"27222","83011"
"27223","24574"
"27224","45378"
"27225","55051"
"27226","43716"
"27227","29532"
"27228","64158"
"27229","49883"
"27230","64192"
"27231","43718"
"27232","27874"
"27233","23002"
"27234","27881"
"27235","58651"
"27236","56375"
"27237","29536"
"27238","29540"
"27239","27882"
"27240","23005"
"27241","29541"
"27242","49892"
"27243","23009"
"27244","23015"
"27245","29546"
"27246","43724"
"27247","56328"
"27248","62028"
"27249","28282"
"27250","62459"
"27251","34101"
"27252","34102"
"27253","34104"
"27254","65014"
"27255","38012"
"27256","28307"
"27257","54447"
"27258","38659"
"27259","23551"
"27260","29821"
"27261","44709"
"27262","34677"
"27263","66552"
"27264","38425"
"27265","34685"
"27266","38451"
"27267","44802"
"27268","62902"
"27269","39269"
"27270","24090"
"27271","83101"
"27272","83111"
"27273","67150"
"27274","24589"
"27275","24590"
"27276","45385"
"27277","45389"
"27278","68875"
"27279","24601"
"27280","39328"
"27281","24606"
"27282","24609"
"27283","24622"
"27284","67208"
"27285","49895"
"27286","23024"
"27287","53792"
"27288","53802"
"27289","58656"
"27290","49908"
"27291","64134"
"27292","29550"
"27293","64432"
"27294","49910"
"27295","43725"
"27296","23038"
"27297","33786"
"27298","27891"
"27299","29555"
"27300","53808"
"27301","43733"
"27302","65066"
"27303","27892"
"27304","58702"
"27305","43740"
"27306","54450"
"27307","44233"
"27308","44235"
"27309","62517"
"27310","54451"
"27311","62519"
"27312","38019"
"27313","63882"
"27314","29832"
"27315","34137"
"27316","54454"
"27317","28326"
"27318","44243"
"27319","38024"
"27320","28327"
"27321","66607"
"27322","62915"
"27323","44807"
"27324","23651"
"27325","65301"
"27326","28604"
"27327","68503"
"27328","82058"
"27329","38464"
"27330","44815"
"27331","44816"
"27332","38468"
"27333","65565"
"27334","28607"
"27335","24639"
"27336","64781"
"27337","45428"
"27338","67214"
"27339","68933"
"27340","45502"
"27341","67228"
"27342","67230"
"27343","67260"
"27344","67330"
"27345","45601"
"27346","45616"
"27347","89301"
"27348","45621"
"27349","45624"
"27350","53813"
"27351","29560"
"27352","53817"
"27353","37683"
"27354","58703"
"27355","62048"
"27356","64457"
"27357","27909"
"27358","03873"
"27359","33811"
"27360","23063"
"27361","27910"
"27362","27916"
"27363","37705"
"27364","38036"
"27365","68010"
"27366","34201"
"27367","65041"
"27368","38047"
"27369","89835"
"27370","62533"
"27371","44265"
"27372","66031"
"27373","28334"
"27374","62540"
"27375","62541"
"27376","65052"
"27377","54466"
"27378","24121"
"27379","38474"
"27380","03255"
"27381","28612"
"27382","82070"
"27383","34734"
"27384","24127"
"27385","38477"
"27386","28616"
"27387","34736"
"27388","82083"
"27389","65590"
"27390","82084"
"27391","03811"
"27392","68523"
"27393","38478"
"27394","68531"
"27395","45631"
"27396","68969"
"27397","45642"
"27398","45648"
"27399","68982"
"27400","45656"
"27401","45658"
"27402","03840"
"27403","67361"
"27404","45661"
"27405","67417"
"27406","45688"
"27407","49935"
"27408","43768"
"27409","27925"
"27410","49942"
"27411","29571"
"27412","23076"
"27413","69123"
"27414","62059"
"27415","23086"
"27416","29574"
"27417","27943"
"27418","43782"
"27419","27944"
"27420","43786"
"27421","28338"
"27422","44266"
"27423","66039"
"27424","68822"
"27425","54474"
"27426","62551"
"27427","38063"
"27428","44285"
"27429","44286"
"27430","66045"
"27431","34743"
"27432","28625"
"27433","24141"
"27434","24142"
"27435","33143"
"27436","84728"
"27437","87508"
"27438","54801"
"27439","66734"
"27440","82212"
"27441","62953"
"27442","54806"
"27443","28637"
"27444","82213"
"27445","24151"
"27446","38505"
"27447","68622"
"27448","87828"
"27449","45710"
"27450","45716"
"27451","45719"
"27452","45746"
"27453","45750"
"27454","67457"
"27455","45779"
"27456","69147"
"27457","67474"
"27458","67482"
"27459","87557"
"27460","49950"
"27461","62076"
"27462","62078"
"27463","62081"
"27464","27956"
"27465","53928"
"27466","37725"
"27467","49967"
"27468","27967"
"27469","53931"
"27470","08042"
"27471","43812"
"27472","62089"
"27473","62090"
"27474","34217"
"27475","38069"
"27476","23709"
"27477","29912"
"27478","68041"
"27479","54487"
"27480","38105"
"27481","07926"
"27482","29923"
"27483","28358"
"27484","62610"
"27485","65101"
"27486","23806"
"27487","54817"
"27488","44856"
"27489","54819"
"27490","65613"
"27491","62959"
"27492","08039"
"27493","24153"
"27494","24167"
"27495","28647"
"27496","38551"
"27497","34760"
"27498","28651"
"27499","28652"
"27500","24171"
"27501","82240"
"27502","38555"
"27503","12866"
"27504","69154"
"27505","45808"
"27506","45816"
"27507","45819"
"27508","69163"
"27509","67519"
"27510","45826"
"27511","69210"
"27512","69218"
"27513","69221"
"27514","10006"
"27515","45835"
"27516","67552"
"27517","45854"
"27518","87571"
"27519","85337"
"27520","91335"
"27521","73557"
"27522","87581"
"27523","73562"
"27524","84726"
"27525","12543"
"27526","72119"
"27527","84733"
"27528","70548"
"27529","70549"
"27530","70550"
"27531","73567"
"27532","80538"
"27533","84737"
"27534","72126"
"27535","97420"
"27536","10128"
"27537","81123"
"27538","97884"
"27539","81129"
"27540","88355"
"27541","75766"
"27542","75771"
"27543","81132"
"27544","72738"
"27545","72739"
"27546","88401"
"27547","73169"
"27548","13321"
"27549","88410"
"27550","97907"
"27551","72740"
"27552","75783"
"27553","92129"
"27554","77046"
"27555","93637"
"27556","77050"
"27557","93644"
"27558","77057"
"27559","11355"
"27560","93657"
"27561","93666"
"27562","93667"
"27563","93702"
"27564","93721"
"27565","93908"
"27566","93921"
"27567","93923"
"27568","84038"
"27569","97049"
"27570","68923"
"27571","97051"
"27572","71674"
"27573","85037"
"27574","70071"
"27575","97057"
"27576","70076"
"27577","90044"
"27578","73041"
"27579","70085"
"27580","97064"
"27581","59034"
"27582","87710"
"27583","87711"
"27584","84741"
"27585","87714"
"27586","85344"
"27587","75224"
"27588","72139"
"27589","84747"
"27590","97424"
"27591","75225"
"27592","59752"
"27593","84751"
"27594","87732"
"27595","84754"
"27596","97430"
"27597","84755"
"27598","72149"
"27599","91364"
"27600","70570"
"27601","97438"
"27602","72752"
"27603","59855"
"27604","88422"
"27605","92139"
"27606","88426"
"27607","85938"
"27608","88431"
"27609","81149"
"27610","72756"
"27611","85940"
"27612","81151"
"27613","97918"
"27614","69339"
"27615","75801"
"27616","85941"
"27617","81152"
"27618","81154"
"27619","71251"
"27620","71253"
"27621","92222"
"27622","75835"
"27623","71261"
"27624","75839"
"27625","13483"
"27626","71263"
"27627","78163"
"27628","95605"
"27629","78203"
"27630","95625"
"27631","78212"
"27632","95631"
"27633","95639"
"27634","78223"
"27635","78225"
"27636","10169"
"27637","95661"
"27638","95674"
"27639","90056"
"27640","84050"
"27641","85051"
"27642","70092"
"27643","87056"
"27644","71742"
"27645","75044"
"27646","73050"
"27647","28513"
"27648","87070"
"27649","87083"
"27650","70114"
"27651","87740"
"27652","87743"
"27653","87745"
"27654","73628"
"27655","97439"
"27656","70578"
"27657","70580"
"27658","53013"
"27659","10103"
"27660","87747"
"27661","87749"
"27662","91390"
"27663","73641"
"27664","72160"
"27665","87752"
"27666","91402"
"27667","91405"
"27668","87820"
"27669","91411"
"27670","12495"
"27671","87821"
"27672","86004"
"27673","75845"
"27674","74103"
"27675","74104"
"27676","81224"
"27677","75851"
"27678","75852"
"27679","71272"
"27680","72830"
"27681","10552"
"27682","74108"
"27683","72833"
"27684","86023"
"27685","81230"
"27686","81231"
"27687","75862"
"27688","81236"
"27689","81239"
"27690","71282"
"27691","72843"
"27692","27823"
"27693","81240"
"27694","77093"
"27695","93960"
"27696","77201"
"27697","94027"
"27698","77320"
"27699","77328"
"27700","94062"
"27701","94085"
"27702","94105"
"27703","58634"
"27704","94108"
"27705","77354"
"27706","94121"
"27707","94122"
"27708","90090"
"27709","97108"
"27710","89122"
"27711","89123"
"27712","89124"
"27713","97118"
"27714","58269"
"27715","97119"
"27716","90222"
"27717","75061"
"27718","84078"
"27719","70589"
"27720","91504"
"27721","86514"
"27722","87827"
"27723","85360"
"27724","87830"
"27725","58405"
"27726","97458"
"27727","87832"
"27728","91605"
"27729","87931"
"27730","87933"
"27731","73661"
"27732","97462"
"27733","91702"
"27734","87942"
"27735","80701"
"27736","58784"
"27737","80705"
"27738","86030"
"27739","81248"
"27740","72852"
"27741","72853"
"27742","74129"
"27743","75929"
"27744","72857"
"27745","74133"
"27746","75935"
"27747","45319"
"27748","74136"
"27749","81321"
"27750","81323"
"27751","75944"
"27752","75946"
"27753","86035"
"27754","71328"
"27755","71331"
"27756","81328"
"27757","94133"
"27758","58563"
"27759","77376"
"27760","94502"
"27761","94513"
"27762","77420"
"27763","77426"
"27764","94535"
"27765","77445"
"27766","77453"
"27767","77460"
"27768","90245"
"27769","26033"
"27770","58707"
"27771","71832"
"27772","80135"
"27773","89147"
"27774","85131"
"27775","70123"
"27776","71837"
"27777","71838"
"27778","70124"
"27779","70125"
"27780","71846"
"27781","13202"
"27782","87121"
"27783","97141"
"27784","97467"
"27785","80721"
"27786","70633"
"27787","88004"
"27788","85365"
"27789","70634"
"27790","97471"
"27791","97476"
"27792","12475"
"27793","70639"
"27794","72325"
"27795","75417"
"27796","88007"
"27797","80737"
"27798","72331"
"27799","73705"
"27800","75951"
"27801","75954"
"27802","81401"
"27803","13024"
"27804","71342"
"27805","75956"
"27806","74338"
"27807","81411"
"27808","86040"
"27809","81413"
"27810","75962"
"27811","71343"
"27812","71345"
"27813","81422"
"27814","11102"
"27815","75966"
"27816","74346"
"27817","74349"
"27818","81427"
"27819","81428"
"27820","75973"
"27821","81429"
"27822","75974"
"27823","81432"
"27824","71360"
"27825","45841"
"27826","81433"
"27827","94550"
"27828","77473"
"27829","77477"
"27830","77485"
"27831","94573"
"27832","94576"
"27833","94585"
"27834","77514"
"27835","77518"
"27836","74569"
"27837","94603"
"27838","77523"
"27839","90265"
"27840","97148"
"27841","75071"
"27842","97201"
"27843","89316"
"27844","89318"
"27845","89402"
"27846","80215"
"27847","73555"
"27848","89403"
"27849","97204"
"27850","70163"
"27851","71860"
"27852","84112"
"27853","97478"
"27854","97479"
"27855","97480"
"27856","70653"
"27857","75426"
"27858","73753"
"27859","97487"
"27860","97488"
"27861","75428"
"27862","80754"
"27863","97496"
"27864","88021"
"27865","70656"
"27866","97498"
"27867","88025"
"27868","70657"
"27869","97736"
"27870","85383"
"27871","97499"
"27872","70660"
"27873","70661"
"27874","92277"
"27875","81434"
"27876","81435"
"27877","75979"
"27878","74368"
"27879","71377"
"27880","97444"
"27881","15750"
"27882","81505"
"27883","81507"
"27884","86047"
"27885","81521"
"27886","81522"
"27887","71414"
"27888","81524"
"27889","71417"
"27890","76013"
"27891","81601"
"27892","97326"
"27893","71419"
"27894","86303"
"27895","71429"
"27896","76018"
"27897","86305"
"27898","94709"
"27899","77541"
"27900","94805"
"27901","77551"
"27902","94957"
"27903","17355"
"27904","95007"
"27905","77575"
"27906","95020"
"27907","77591"
"27908","95033"
"27909","77612"
"27910","85192"
"27911","80220"
"27912","89406"
"27913","85193"
"27914","18707"
"27915","87301"
"27916","71901"
"27917","75082"
"27918","90305"
"27919","90401"
"27920","71909"
"27921","90404"
"27922","89414"
"27923","90405"
"27924","70357"
"27925","15767"
"27926","70359"
"27927","75450"
"27928","85390"
"27929","91754"
"27930","70706"
"27931","80810"
"27932","80814"
"27933","72379"
"27934","72383"
"27935","80816"
"27936","18424"
"27937","73746"
"27938","91764"
"27939","85533"
"27940","91766"
"27941","70726"
"27942","80820"
"27943","81623"
"27944","81625"
"27945","86320"
"27946","86321"
"27947","16029"
"27948","86322"
"27949","92320"
"27950","81632"
"27951","86323"
"27952","86324"
"27953","74432"
"27954","71449"
"27955","86326"
"27956","92332"
"27957","81639"
"27958","18059"
"27959","86332"
"27960","92337"
"27961","86334"
"27962","74437"
"27963","71463"
"27964","81643"
"27965","81646"
"27966","71465"
"27967","77624"
"27968","95050"
"27969","17266"
"27970","95053"
"27971","95113"
"27972","95119"
"27973","77656"
"27974","77659"
"27975","77702"
"27976","95139"
"27977","95206"
"27978","77830"
"27979","77831"
"27980","18231"
"27981","95220"
"27982","95225"
"27983","84180"
"27984","84302"
"27985","80232"
"27986","73111"
"27987","84307"
"27988","87315"
"27989","71923"
"27990","89428"
"27991","35010"
"27992","45145"
"27993","71933"
"27994","84317"
"27995","84318"
"27996","89429"
"27997","80239"
"27998","71943"
"27999","88038"
"28000","97524"
"28001","70736"
"28002","88040"
"28003","44251"
"28004","85539"
"28005","73758"
"28006","75472"
"28007","70743"
"28008","88044"
"28009","70744"
"28010","70748"
"28011","97527"
"28012","88049"
"28013","75481"
"28014","02912"
"28015","72414"
"28016","81647"
"28017","86337"
"28018","81648"
"28019","71479"
"28020","74447"
"28021","81654"
"28022","81655"
"28023","74456"
"28024","81657"
"28025","17344"
"28026","74460"
"28027","86406"
"28028","86409"
"28029","86411"
"28030","76067"
"28031","76077"
"28032","74477"
"28033","92386"
"28034","86432"
"28035","77836"
"28036","15777"
"28037","95246"
"28038","77856"
"28039","95252"
"28040","95255"
"28041","95258"
"28042","95304"
"28043","95311"
"28044","95312"
"28045","77880"
"28046","95318"
"28047","29070"
"28048","95321"
"28049","95322"
"28050","95328"
"28051","95329"
"28052","77964"
"28053","77968"
"28054","77982"
"28055","77988"
"28056","84321"
"28057","70391"
"28058","18936"
"28059","84332"
"28060","80290"
"28061","87323"
"28062","75109"
"28063","84337"
"28064","70402"
"28065","80302"
"28066","87326"
"28067","71958"
"28068","73141"
"28069","29373"
"28070","73142"
"28071","70422"
"28072","97530"
"28073","85545"
"28074","97535"
"28075","97536"
"28076","72427"
"28077","75487"
"28078","70764"
"28079","75493"
"28080","29945"
"28081","85550"
"28082","85554"
"28083","73832"
"28084","80905"
"28085","72445"
"28086","70775"
"28087","86438"
"28088","76088"
"28089","76102"
"28090","74540"
"28091","57630"
"28092","74543"
"28093","86502"
"28094","92505"
"28095","74571"
"28096","74630"
"28097","86506"
"28098","74640"
"28099","77995"
"28100","78013"
"28101","95372"
"28102","35058"
"28103","57256"
"28104","95405"
"28105","78028"
"28106","78029"
"28107","95427"
"28108","95431"
"28109","95432"
"28110","95437"
"28111","95439"
"28112","95441"
"28113","95449"
"28114","37716"
"28115","78058"
"28116","95453"
"28117","95454"
"28118","87328"
"28119","71970"
"28120","89445"
"28121","89446"
"28122","71971"
"28123","80419"
"28124","70431"
"28125","37357"
"28126","80421"
"28127","89447"
"28128","80422"
"28129","73173"
"28130","85249"
"28131","87401"
"28132","72007"
"28133","75132"
"28134","72010"
"28135","80433"
"28136","38320"
"28137","72449"
"28138","97603"
"28139","97620"
"28140","73842"
"28141","72450"
"28142","70791"
"28143","70801"
"28144","97623"
"28145","85608"
"28146","91932"
"28147","38021"
"28148","97624"
"28149","70803"
"28150","75555"
"28151","75560"
"28152","72464"
"28153","97636"
"28154","72466"
"28155","72467"
"28156","86507"
"28157","74650"
"28158","38230"
"28159","76133"
"28160","86510"
"28161","74701"
"28162","74723"
"28163","74726"
"28164","74727"
"28165","76201"
"28166","86535"
"28167","86538"
"28168","74740"
"28169","19133"
"28170","86545"
"28171","92604"
"28172","92614"
"28173","74750"
"28174","95457"
"28175","95458"
"28176","95468"
"28177","95470"
"28178","78071"
"28179","78072"
"28180","18420"
"28181","78102"
"28182","95493"
"28183","95511"
"28184","78114"
"28185","78118"
"28186","78119"
"28187","95525"
"28188","95527"
"28189","95531"
"28190","95545"
"28191","18105"
"28192","95546"
"28193","95549"
"28194","78143"
"28195","95554"
"28196","95563"
"28197","95568"
"28198","95571"
"28199","84512"
"28200","73425"
"28201","85254"
"28202","15072"
"28203","87410"
"28204","73437"
"28205","87412"
"28206","72015"
"28207","70438"
"28208","70441"
"28209","75142"
"28210","70443"
"28211","84528"
"28212","72019"
"28213","35954"
"28214","16253"
"28215","90742"
"28216","72021"
"28217","75144"
"28218","80447"
"28219","97640"
"28220","80914"
"28221","75567"
"28222","88134"
"28223","75568"
"28224","75569"
"28225","18427"
"28226","73932"
"28227","91980"
"28228","85623"
"28229","85624"
"28230","92004"
"28231","88201"
"28232","97710"
"28233","73939"
"28234","70820"
"28235","71001"
"28236","77630"
"28237","80921"
"28238","76240"
"28239","74820"
"28240","74824"
"28241","74830"
"28242","92661"
"28243","76268"
"28244","76272"
"28245","74848"
"28246","74854"
"28247","77474"
"28248","76308"
"28249","74859"
"28250","74868"
"28251","92706"
"28252","76365"
"28253","83847"
"28254","98822"
"28255","83855"
"28256","83856"
"28257","98826"
"28258","77535"
"28259","98830"
"28260","98833"
"28261","83861"
"28262","98840"
"28263","83871"
"28264","98841"
"28265","89832"
"28266","97913"
"28267","98852"
"28268","98855"
"28269","78408"
"28270","98908"
"28271","98921"
"28272","98922"
"28273","98925"
"28274","98939"
"28275","98940"
"28276","98944"
"28277","98952"
"28278","99011"
"28279","85263"
"28280","75143"
"28281","90745"
"28282","80449"
"28283","90747"
"28284","72024"
"28285","80452"
"28286","80453"
"28287","97333"
"28288","70454"
"28289","90803"
"28290","97343"
"28291","77407"
"28292","97345"
"28293","97347"
"28294","97732"
"28295","71006"
"28296","97733"
"28297","97734"
"28298","73942"
"28299","75630"
"28300","75631"
"28301","80938"
"28302","77401"
"28303","73945"
"28304","85638"
"28305","85640"
"28306","71028"
"28307","88210"
"28308","75642"
"28309","97750"
"28310","72542"
"28311","97751"
"28312","75645"
"28313","76484"
"28314","71037"
"28315","85643"
"28316","74883"
"28317","92802"
"28318","74937"
"28319","92808"
"28320","76384"
"28321","74942"
"28322","76401"
"28323","76424"
"28324","36471"
"28325","75455"
"28326","92845"
"28327","74955"
"28328","92866"
"28329","76433"
"28330","76442"
"28331","76444"
"28332","92887"
"28333","99013"
"28334","99020"
"28335","99111"
"28336","78147"
"28337","99119"
"28338","99125"
"28339","99138"
"28340","99141"
"28341","99143"
"28342","99151"
"28343","99152"
"28344","99156"
"28345","99170"
"28346","99171"
"28347","76525"
"28348","99174"
"28349","99204"
"28350","99224"
"28351","99301"
"28352","99329"
"28353","87461"
"28354","80465"
"28355","80467"
"28356","72037"
"28357","87501"
"28358","79744"
"28359","80468"
"28360","72040"
"28361","80473"
"28362","80477"
"28363","89801"
"28364","84626"
"28365","97358"
"28366","84628"
"28367","97361"
"28368","84630"
"28369","75137"
"28370","90831"
"28371","80481"
"28372","72048"
"28373","73507"
"28374","73520"
"28375","97754"
"28376","92036"
"28377","71040"
"28378","72560"
"28379","97758"
"28380","76373"
"28381","97759"
"28382","85654"
"28383","97760"
"28384","88230"
"28385","72581"
"28386","92055"
"28387","81023"
"28388","75657"
"28389","71052"
"28390","97801"
"28391","78636"
"28392","81027"
"28393","72601"
"28394","75662"
"28395","71055"
"28396","76457"
"28397","76458"
"28398","76470"
"28399","93043"
"28400","76490"
"28401","93064"
"28402","23040"
"28403","93105"
"28404","93203"
"28405","76531"
"28406","76534"
"28407","93210"
"28408","93218"
"28409","93220"
"28410","76550"
"28411","93235"
"28412","93239"
"28413","24558"
"28414","99347"
"28415","99350"
"28416","99359"
"28417","84034"
"28418","89421"
"28419","89019"
"28420","84536"
"28421","79837"
"28422","81137"
"28423","85003"
"28424","75925"
"28425","97002"
"28426","86515"
"28427","70001"
"28428","71602"
"28429","73008"
"28430","70005"
"28431","89820"
"28432","85302"
"28433","97368"
"28434","84639"
"28435","35640"
"28436","22035"
"28437","89823"
"28438","72064"
"28439","85304"
"28440","87512"
"28441","97376"
"28442","84647"
"28443","89833"
"28444","97378"
"28445","97380"
"28446","91046"
"28447","23924"
"28448","91101"
"28449","87520"
"28450","85309"
"28451","97381"
"28452","97814"
"28453","92065"
"28454","88250"
"28455","85712"
"28456","81049"
"28457","92070"
"28458","84712"
"28459","72634"
"28460","92075"
"28461","72638"
"28462","81050"
"28463","88256"
"28464","81052"
"28465","75686"
"28466","97828"
"28467","81054"
"28468","85723"
"28469","20151"
"28470","85724"
"28471","85726"
"28472","81055"
"28473","76574"
"28474","76596"
"28475","76623"
"28476","93249"
"28477","93251"
"28478","93252"
"28479","76643"
"28480","22303"
"28481","93262"
"28482","93265"
"28483","76665"
"28484","76666"
"28485","93283"
"28486","93301"
"28487","76704"
"28488","76705"
"28489","87011"
"28490","70032"
"28491","98288"
"28492","90013"
"28493","89017"
"28494","75013"
"28495","71639"
"28496","80014"
"28497","84017"
"28498","89022"
"28499","85021"
"28500","70052"
"28501","84021"
"28502","98252"
"28503","89883"
"28504","87522"
"28505","97384"
"28506","70513"
"28507","70515"
"28508","85321"
"28509","97391"
"28510","85322"
"28511","80512"
"28512","72087"
"28513","98050"
"28514","70519"
"28515","97396"
"28516","80515"
"28517","87532"
"28518","87533"
"28519","85325"
"28520","84660"
"28521","88263"
"28522","97834"
"28523","97837"
"28524","26444"
"28525","92102"
"28526","97840"
"28527","81069"
"28528","97844"
"28529","81076"
"28530","88310"
"28531","88312"
"28532","71109"
"28533","81082"
"28534","75751"
"28535","26576"
"28536","93309"
"28537","76821"
"28538","93410"
"28539","76844"
"28540","76849"
"28541","76853"
"28542","76864"
"28543","93445"
"28544","76872"
"28545","76878"
"28546","06373"
"28547","36925"
"28548","25275"
"28549","93450"
"28550","76930"
"28551","93461"
"28552","76932"
"28553","76933"
"28554","93501"
"28555","76936"
"28556","76941"
"28557","71646"
"28558","84023"
"28559","26337"
"28560","71652"
"28561","75023"
"28562","89040"
"28563","84027"
"28564","73019"
"28565","84031"
"28566","97037"
"28567","89045"
"28568","84032"
"28569","87024"
"28570","26651"
"28571","97041"
"28572","89047"
"28573","84036"
"28574","87026"
"28575","71665"
"28576","97045"
"28577","85033"
"28578","70528"
"28579","84663"
"28580","84667"
"28581","25810"
"28582","87554"
"28583","87556"
"28584","80524"
"28585","87558"
"28586","75211"
"28587","97406"
"28588","87565"
"28589","85333"
"28590","84714"
"28591","84716"
"28592","26218"
"28593","70538"
"28594","97856"
"28595","97857"
"28596","72701"
"28597","75755"
"28598","88321"
"28599","97865"
"28600","81091"
"28601","88338"
"28602","88339"
"28603","84624"
"28604","88340"
"28605","97869"
"28606","97870"
"28607","97873"
"28608","74048"
"28609","75763"
"28610","97877"
"28611","72712"
"28612","92116"
"28613","88351"
"28614","84063"
"28615","93518"
"28616","93524"
"28617","76957"
"28618","77005"
"28619","93541"
"28620","93545"
"28621","93549"
"28622","93550"
"28623","93558"
"28624","77023"
"28625","05748"
"28626","93606"
"28627","93610"
"28628","77031"
"28629","93614"
"28630","93619"
"28631","93621"
"28632","07626"
"28633","14173"
"28634","11956"
"28635","10933"
"28636","84759"
"28637","59854"
"28638","59762"
"28639","59079"
"28640","28530"
"28641","10601"
"28642","28337"
"28643","44849"
"28644","44678"
"28645","43756"
"28646","27605"
"28647","05447"
"28648","79718"
"28649","79734"
"28650","79752"
"28651","79758"
"28652","79781"
"28653","79788"
"28654","79834"
"28655","79842"
"28656","79845"
"28657","79848"
"28658","36740"
"28659","82637"
"28660","79852"
"28661","79854"
"28662","79920"
"28663","79924"
"28664","79938"
"28665","96088"
"28666","54149"
"28667","26574"
"28668","63774"
"28669","30415"
"28670","98136"
"28671","01863"
"28672","41049"
"28673","71279"
"28674","15629"
"28675","15756"
"28676","17043"
"28677","15447"
"28678","85602"
"28679","86401"
"28680","10311"
"28681","54441"
"28682","20710"
"28683","82512"
"28684","24485"
"28685","41390"
"28686","05764"
"28687","84531"
"28688","93001"
"28689","35006"
"28690","19703"
"28691","83428"
"28692","53075"
"28693","30523"
"28694","32925"
"28695","32046"
"28696","04019"
"28697","01254"
"28698","11751"
"28699","13417"
"28700","73135"
"28701","74753"
"28702","74016"
"28703","95514"
"28704","74536"
"28705","74052"
"28706","97720"
"28707","97885"
"28708","97823"
"28709","17861"
"28710","18352"
"28711","43972"
"28712","30165"
"28713","33051"
"28714","81252"
"28715","81630"
"28716","32348"
"28717","06377"
"28718","71254"
"28719","04050"
"28720","42071"
"28721","01360"
"28722","89510"
"28723","59317"
"28724","04732"
"28725","53726"
"28726","21644"
"28727","89008"
"28728","12979"
"28729","46151"
"28730","02537"
"28731","04945"
"28732","49684"
"28733","63703"
"28734","03858"
"28735","64723"
"28736","05070"
"28737","97812"
"28738","74764"
"28739","37317"
"28740","75661"
"28741","20628"
"28742","49801"
"28743","59501"
"28744","88434"
"28745","89311"
"28746","49106"
"28747","25981"
"28748","08555"
"28749","08212"
"28750","14901"
"28751","44044"
"28752","23310"
"28753","74035"
"28754","43533"
"28755","74560"
"28756","36832"
"28757","36579"
"28758","32461"
"28759","82190"
"28760","19123"
"28761","36612"
"28762","35035"
"28763","35549"
"28764","99733"
"28765","99569"
"28766","85006"
"28767","85924"
"28768","85354"
"28769","36455"
"28770","10153"
"28771","71701"
"28772","74743"
"28773","97523"
"28774","88317"
"28775","29927"
"28776","57717"
"28777","13338"
"28778","73719"
"28779","74462"
"28780","24920"
"28781","95634"
"28782","25514"
"28783","36353"
"28784","35120"
"28785","35443"
"28786","35460"
"28787","36425"
"28788","99672"
"28789","99785"
"28790","85264"
"28791","72543"
"28792","87539"
"28793","72823"
"28794","93527"
"28795","93023"
"28796","95720"
"28797","28777"
"28798","24465"
"28799","23405"
"28800","35603"
"28801","36064"
"28802","36456"
"28803","88020"
"28804","35074"
"28805","36277"
"28806","99676"
"28807","85936"
"28808","71913"
"28809","71753"
"28810","72069"
"28811","72636"
"28812","93225"
"28813","90232"
"28814","10154"
"28815","93207"
"28816","93664"
"28817","81423"
"28818","36773"
"28819","36785"
"28820","72727"
"28821","71857"
"28822","72854"
"28823","72426"
"28824","71770"
"28825","14854"
"28826","72532"
"28827","94706"
"28828","95247"
"28829","95537"
"28830","93927"
"28831","81059"
"28832","06062"
"28833","06081"
"28834","30088"
"28835","29135"
"28836","49864"
"28837","16843"
"28838","29621"
"28839","18032"
"28840","37370"
"28841","15510"
"28842","17317"
"28843","17039"
"28844","77423"
"28845","76450"
"28846","77963"
"28847","58045"
"28848","76182"
"28849","75961"
"28850","79703"
"28851","76021"
"28852","75831"
"28853","77488"
"28854","90804"
"28855","95528"
"28856","81403"
"28857","06751"
"28858","07607"
"28859","20057"
"28860","33063"
"28861","32530"
"28862","30665"
"28863","83330"
"28864","60930"
"28865","46991"
"28866","46155"
"28867","20245"
"28868","32544"
"28869","85610"
"28870","30534"
"28871","31018"
"28872","31554"
"28873","83840"
"28874","83544"
"28875","96704"
"28876","60470"
"28877","61079"
"28878","52778"
"28879","83864"
"28880","36480"
"28881","93652"
"28882","61929"
"28883","83335"
"28884","60934"
"28885","47460"
"28886","50598"
"28887","51238"
"28888","51020"
"28889","41858"
"28890","40310"
"28891","42370"
"28892","47382"
"28893","78851"
"28894","79236"
"28895","79930"
"28896","20129"
"28897","84052"
"28898","23881"
"28899","99155"
"28900","23401"
"28901","25002"
"28902","24887"
"28903","04450"
"28904","26143"
"28905","52346"
"28906","67511"
"28907","40311"
"28908","41171"
"28909","42102"
"28910","70080"
"28911","04922"
"28912","04763"
"28913","02466"
"28914","42060"
"28915","56501"
"28916","40071"
"28917","42726"
"28918","42757"
"28919","40360"
"28920","70047"
"28921","71469"
"28922","04355"
"28923","48188"
"28924","48315"
"28925","66622"
"28926","48034"
"28927","48227"
"28928","55087"
"28929","55433"
"28930","63638"
"28931","04254"
"28932","48866"
"28933","48816"
"28934","49849"
"28935","55450"
"28936","04944"
"28937","56376"
"28938","39483"
"28939","38869"
"28940","39366"
"28941","65340"
"28942","65742"
"28943","64147"
"28944","84526"
"28945","37362"
"28946","82009"
"28947","98109"
"28948","82301"
"28949","82516"
"28950","82442"
"28951","30912"
"28952","54104"
"28953","94567"
"28954","24570"
"28955","53203"
"28956","05356"
"28957","95979"
"28958","04762"
"28959","83645"
"28960","72035"
"28961","07961"
"28962","64149"
"28963","59059"
"28964","39641"
"28965","39327"
"28966","63880"
"28967","64106"
"28968","65062"
"28969","04939"
"28970","68510"
"28971","87325"
"28972","87930"
"28973","88120"
"28974","13856"
"28975","10027"
"28976","13420"
"28977","68461"
"28978","59446"
"28979","59740"
"28980","37098"
"28981","64744"
"28982","65215"
"28983","03604"
"28984","03242"
"28985","89310"
"28986","07803"
"28987","07627"
"28988","11575"
"28989","68925"
"28990","27576"
"28991","35221"
"28992","05450"
"28993","27893"
"28994","28667"
"28995","45780"
"28996","88343"
"28997","07203"
"28998","87578"
"28999","13438"
"29000","13617"
"29001","10199"
"29002","10002"
"29003","18915"
"29004","69125"
"29005","59052"
"29006","02863"
"29007","45651"
"29008","37374"
"29009","43749"
"29010","44217"
"29011","14605"
"29012","74966"
"29013","40220"
"29014","15321"
"29015","52591"
"29016","25141"
"29017","28675"
"29018","74463"
"29019","05738"
"29020","57772"
"29021","36567"
"29022","35620"
"29023","86022"
"29024","99901"
"29025","35447"
"29026","93436"
"29027","86520"
"29028","85645"
"29029","28420"
"29030","28350"
"29031","58652"
"29032","14514"
"29033","97845"
"29034","15419"
"29035","97883"
"29036","35959"
"29037","15353"
"29038","17027"
"29039","17827"
"29040","29556"
"29041","11767"
"29042","74501"
"29043","97056"
"29044","73852"
"29045","97874"
"29046","97373"
"29047","72438"
"29048","17925"
"29049","15323"
"29050","43750"
"29051","02875"
"29052","57475"
"29053","37774"
"29054","15731"
"29055","15489"
"29056","15945"
"29057","97413"
"29058","71945"
"29059","97429"
"29060","97621"
"29061","17815"
"29062","19018"
"29063","16323"
"29064","15144"
"29065","44838"
"29066","45416"
"29067","29073"
"29068","57644"
"29069","06243"
"29070","38485"
"29071","57788"
"29072","38343"
"29073","38075"
"29074","18935"
"29075","76234"
"29076","77507"
"29077","32570"
"29078","95928"
"29079","66224"
"29080","80428"
"29081","61603"
"29082","02045"
"29083","04675"
"29084","55605"
"29085","20667"
"29086","38040"
"29087","37160"
"29088","15359"
"29089","15784"
"29090","78947"
"29091","80545"
"29092","77342"
"29093","76539"
"29094","37917"
"29095","38577"
"29096","23923"
"29097","24528"
"29098","23294"
"29099","98255"
"29100","98819"
"29101","26201"
"29102","99603"
"29103","83342"
"29104","24747"
"29105","26208"
"29106","77045"
"29107","78024"
"29108","79081"
"29109","22942"
"29110","23337"
"29111","23140"
"29112","98251"
"29113","98537"
"29114","19973"
"29115","99102"
"29116","25304"
"29117","26250"
"29118","84648"
"29119","84701"
"29120","23486"
"29121","75119"
"29122","79331"
"29123","78133"
"29124","75844"
"29125","33701"
"29126","23930"
"29127","22044"
"29128","22657"
"29129","24370"
"29130","98816"
"29131","23313"
"29132","25090"
"29133","99140"
"29134","84533"
"29135","22727"
"29136","33018"
"29137","23606"
"29138","49519"
"29139","02379"
"29140","27537"
"29141","10965"
"29142","73933"
"29143","97544"
"29144","45620"
"29145","29655"
"29146","79371"
"29147","83672"
"29148","28602"
"29149","77422"
"29150","37727"
"29151","54534"
"29152","60926"
"29153","90505"
"29154","86547"
"29155","24731"
"29156","47160"
"29157","03291"
"29158","32680"
"29159","62362"
"29160","56628"
"29161","10470"
"29162","14722"
"29163","97033"
"29164","97641"
"29165","57559"
"29166","86504"
"29167","95445"
"29168","30664"
"29169","83218"
"29170","36756"
"29171","80939"
"29172","30456"
"29173","83244"
"29174","99706"
"29175","56091"
"29176","71101"
"29177","98438"
"29178","15780"
"29179","73667"
"29180","52767"
"29181","35634"
"29182","86033"
"29183","90277"
"29184","95675"
"29185","53529"
"29186","26802"
"29187","89314"
"29188","07632"
"29189","87037"
"29190","07074"
"29191","06082"
"29192","83251"
"29193","93532"
"29194","04554"
"29195","45217"
"29196","36310"
"29197","78242"
"29198","95684"
"29199","78256"
"29200","95721"
"29201","78339"
"29202","62087"
"29203","78341"
"29204","78342"
"29205","78355"
"29206","78357"
"29207","78359"
"29208","78361"
"29209","95820"
"29210","33767"
"29211","33132"
"29212","42420"
"29213","99832"
"29214","66043"
"29215","66782"
"29216","55802"
"29217","04413"
"29218","11030"
"29219","27960"
"29220","74745"
"29221","11201"
"29222","57580"
"29223","60653"
"29224","01255"
"29225","83202"
"29226","55725"
"29227","04538"
"29228","10538"
"29229","27978"
"29230","97031"
"29231","79346"
"29232","94525"
"29233","34242"
"29234","32568"
"29235","93422"
"29236","20764"
"29237","52101"
"29238","50473"
"29239","01901"
"29240","50559"
"29241","04671"
"29242","63028"
"29243","59313"
"29244","38848"
"29245","39183"
"29246","01092"
"29247","50840"
"29248","78377"
"29249","95831"
"29250","78380"
"29251","78389"
"29252","78393"
"29253","95915"
"29254","95916"
"29255","78405"
"29256","78412"
"29257","95939"
"29258","49855"
"29259","95942"
"29260","95945"
"29261","78504"
"29262","95965"
"29263","95966"
"29264","95971"
"29265","95973"
"29266","43701"
"29267","25262"
"29268","26711"
"29269","66775"
"29270","25661"
"29271","98101"
"29272","24983"
"29273","99755"
"29274","99657"
"29275","99927"
"29276","86045"
"29277","72014"
"29278","93930"
"29279","95364"
"29280","49862"
"29281","91367"
"29282","90066"
"29283","98550"
"29284","58554"
"29285","19320"
"29286","97867"
"29287","36051"
"29288","82701"
"29289","97904"
"29290","35660"
"29291","59870"
"29292","72424"
"29293","71957"
"29294","71726"
"29295","90038"
"29296","90805"
"29297","95486"
"29298","96025"
"29299","96013"
"29300","81143"
"29301","58001"
"29302","68108"
"29303","39565"
"29304","45663"
"29305","29572"
"29306","08884"
"29307","79839"
"29308","79252"
"29309","12814"
"29310","43933"
"29311","24263"
"29312","05250"
"29313","03911"
"29314","99114"
"29315","35619"
"29316","99628"
"29317","95983"
"29318","95987"
"29319","78549"
"29320","95988"
"29321","78561"
"29322","96010"
"29323","96011"
"29324","99552"
"29325","39096"
"29326","96017"
"29327","96022"
"29328","96028"
"29329","96031"
"29330","96039"
"29331","96044"
"29332","96046"
"29333","78582"
"29334","96048"
"29335","96050"
"29336","87420"
"29337","96052"
"29338","96056"
"29339","96058"
"29340","78586"
"29341","96059"
"29342","81631"
"29343","20003"
"29344","06103"
"29345","31535"
"29346","30820"
"29347","48157"
"29348","39842"
"29349","31321"
"29350","83253"
"29351","60070"
"29352","83627"
"29353","60074"
"29354","47995"
"29355","34748"
"29356","32681"
"29357","31029"
"29358","08402"
"29359","31549"
"29360","83327"
"29361","96765"
"29362","62292"
"29363","61353"
"29364","47596"
"29365","50430"
"29366","67560"
"29367","99740"
"29368","99683"
"29369","48059"
"29370","85054"
"29371","72150"
"29372","72112"
"29373","94110"
"29374","95383"
"29375","92274"
"29376","96061"
"29377","95476"
"29378","90212"
"29379","95425"
"29380","28531"
"29381","93634"
"29382","95835"
"29383","96015"
"29384","80511"
"29385","06108"
"29386","81415"
"29387","96074"
"29388","78602"
"29389","96084"
"29390","78606"
"29391","03602"
"29392","96091"
"29393","96096"
"29394","96101"
"29395","96103"
"29396","96108"
"29397","96113"
"29398","96117"
"29399","96125"
"29400","96126"
"29401","78629"
"29402","74759"
"29403","96134"
"29404","96145"
"29405","96148"
"29406","78653"
"29407","78654"
"29408","42066"
"29409","42256"
"29410","40033"
"29411","71107"
"29412","70057"
"29413","10302"
"29414","04239"
"29415","04234"
"29416","21863"
"29417","02032"
"29418","48003"
"29419","49261"
"29420","55341"
"29421","55918"
"29422","42733"
"29423","40057"
"29424","57754"
"29425","21794"
"29426","04766"
"29427","01242"
"29428","01270"
"29429","55723"
"29430","56601"
"29431","56046"
"29432","55101"
"29433","65542"
"29434","64656"
"29435","86435"
"29436","29902"
"29437","89049"
"29438","32347"
"29439","32564"
"29440","33521"
"29441","31539"
"29442","30824"
"29443","30623"
"29444","96815"
"29445","96853"
"29446","61091"
"29447","16402"
"29448","83555"
"29449","60428"
"29450","62688"
"29451","78663"
"29452","78701"
"29453","78721"
"29454","78741"
"29455","78756"
"29456","78801"
"29457","78832"
"29458","84753"
"29459","78837"
"29460","78840"
"29461","78861"
"29462","78871"
"29463","78872"
"29464","78873"
"29465","78933"
"29466","78940"
"29467","78945"
"29468","78946"
"29469","12776"
"29470","03583"
"29471","89178"
"29472","08095"
"29473","07208"
"29474","13364"
"29475","59639"
"29476","59643"
"29477","59010"
"29478","28601"
"29479","28109"
"29480","38141"
"29481","88119"
"29482","88418"
"29483","12775"
"29484","10456"
"29485","59033"
"29486","59058"
"29487","11565"
"29488","12069"
"29489","28786"
"29490","27827"
"29491","38041"
"29492","44825"
"29493","45106"
"29494","73114"
"29495","60113"
"29496","47683"
"29497","47401"
"29498","46323"
"29499","50029"
"29500","50142"
"29501","51036"
"29502","14227"
"29503","50242"
"29504","66728"
"29505","67450"
"29506","42754"
"29507","40380"
"29508","42539"
"29509","78957"
"29510","79001"
"29511","79014"
"29512","79015"
"29513","78598"
"29514","79018"
"29515","79036"
"29516","79051"
"29517","79059"
"29518","79065"
"29519","79068"
"29520","79080"
"29521","79101"
"29522","79102"
"29523","79201"
"29524","57642"
"29525","79226"
"29526","79227"
"29527","79237"
"29528","13647"
"29529","12987"
"29530","74535"
"29531","97637"
"29532","17406"
"29533","97880"
"29534","97436"
"29535","99402"
"29536","97374"
"29537","19457"
"29538","15087"
"29539","45673"
"29540","29130"
"29541","29009"
"29542","38138"
"29543","17034"
"29544","97065"
"29545","97601"
"29546","86503"
"29547","98520"
"29548","15060"
"29549","16049"
"29550","44049"
"29551","02881"
"29552","29669"
"29553","29160"
"29554","57744"
"29555","29904"
"29556","57636"
"29557","19519"
"29558","05743"
"29559","77434"
"29560","77494"
"29561","40336"
"29562","40359"
"29563","70115"
"29564","71019"
"29565","20617"
"29566","04623"
"29567","04787"
"29568","01527"
"29569","26170"
"29570","02048"
"29571","01510"
"29572","48729"
"29573","48006"
"29574","55945"
"29575","55125"
"29576","79356"
"29577","79358"
"29578","79366"
"29579","79406"
"29580","97375"
"29581","79412"
"29582","79502"
"29583","79510"
"29584","79512"
"29585","79517"
"29586","79527"
"29587","79528"
"29588","79543"
"29589","79562"
"29590","79240"
"29591","98020"
"29592","75964"
"29593","78884"
"29594","76950"
"29595","76011"
"29596","78022"
"29597","76935"
"29598","75949"
"29599","24439"
"29600","24260"
"29601","98409"
"29602","36345"
"29603","24458"
"29604","98570"
"29605","26283"
"29606","26137"
"29607","25063"
"29608","53143"
"29609","75855"
"29610","23187"
"29611","24085"
"29612","23116"
"29613","35968"
"29614","22201"
"29615","99348"
"29616","98814"
"29617","25062"
"29618","26273"
"29619","05084"
"29620","83112"
"29621","93276"
"29622","84779"
"29623","55065"
"29624","35951"
"29625","39474"
"29626","38760"
"29627","38749"
"29628","39154"
"29629","38958"
"29630","64109"
"29631","89102"
"29632","07066"
"29633","68351"
"29634","89042"
"29635","35978"
"29636","65753"
"29637","89426"
"29638","03835"
"29639","89415"
"29640","03574"
"29641","08201"
"29642","68526"
"29643","87316"
"29644","87537"
"29645","07017"
"29646","35036"
"29647","88325"
"29648","87364"
"29649","87499"
"29650","14881"
"29651","14850"
"29652","13045"
"29653","16001"
"29654","18030"
"29655","15243"
"29656","37179"
"29657","81303"
"29658","86031"
"29659","36752"
"29660","38462"
"29661","19076"
"29662","78641"
"29663","75847"
"29664","78207"
"29665","24019"
"29666","23509"
"29667","24382"
"29668","24801"
"29669","25185"
"29670","17257"
"29671","24522"
"29672","56228"
"29673","55943"
"29674","39073"
"29675","38655"
"29676","38917"
"29677","65550"
"29678","03307"
"29679","08348"
"29680","69171"
"29681","35540"
"29682","68443"
"29683","58645"
"29684","58317"
"29685","58580"
"29686","11794"
"29687","68332"
"29688","88220"
"29689","07028"
"29690","88042"
"29691","88415"
"29692","35458"
"29693","10546"
"29694","12821"
"29695","10919"
"29696","10165"
"29697","68881"
"29698","59859"
"29699","59526"
"29700","13343"
"29701","68732"
"29702","59261"
"29703","36768"
"29704","59460"
"29705","68465"
"29706","28472"
"29707","28723"
"29708","27330"
"29709","14504"
"29710","27562"
"29711","43138"
"29712","43524"
"29713","12736"
"29714","99573"
"29715","10012"
"29716","82214"
"29717","82711"
"29718","82324"
"29719","90603"
"29720","54526"
"29721","60626"
"29722","06336"
"29723","01063"
"29724","70449"
"29725","99689"
"29726","59841"
"29727","84055"
"29728","57367"
"29729","97443"
"29730","36518"
"29731","06262"
"29732","81226"
"29733","66205"
"29734","21622"
"29735","49762"
"29736","99686"
"29737","01824"
"29738","55041"
"29739","08247"
"29740","27253"
"29741","05350"
"29742","58793"
"29743","99519"
"29744","99760"
"29745","99709"
"29746","86025"
"29747","99664"
"29748","86313"
"29749","90007"
"29750","95370"
"29751","28451"
"29752","28376"
"29753","28787"
"29754","27292"
"29755","27052"
"29756","28308"
"29757","58321"
"29758","99581"
"29759","45899"
"29760","45660"
"29761","10033"
"29762","73105"
"29763","97111"
"29764","74525"
"29765","97817"
"29766","73741"
"29767","97412"
"29768","97055"
"29769","72441"
"29770","85353"
"29771","97021"
"29772","97886"
"29773","97497"
"29774","19030"
"29775","15616"
"29776","15222"
"29777","15641"
"29778","44507"
"29779","55616"
"29780","71403"
"29781","86338"
"29782","02666"
"29783","01431"
"29784","39556"
"29785","08014"
"29786","29676"
"29787","78419"
"29788","37032"
"29789","84530"
"29790","23061"
"29791","25434"
"29792","72099"
"29793","35115"
"29794","36033"
"29795","99775"
"29796","85224"
"29797","71655"
"29798","97756"
"29799","97116"
"29800","19150"
"29801","15064"
"29802","45888"
"29803","72802"
"29804","29628"
"29805","15560"
"29806","29127"
"29807","37129"
"29808","17936"
"29809","18221"
"29810","77713"
"29811","78503"
"29812","75941"
"29813","79083"
"29814","71842"
"29815","24595"
"29816","22407"
"29817","97453"
"29818","19104"
"29819","15110"
"29820","17261"
"29821","18232"
"29822","45001"
"29823","29812"
"29824","29202"
"29825","71725"
"29826","29360"
"29827","29644"
"29828","19081"
"29829","57064"
"29830","57227"
"29831","29803"
"29832","15088"
"29833","29730"
"29834","57364"
"29835","37172"
"29836","72856"
"29837","37379"
"29838","57016"
"29839","38376"
"29840","37866"
"29841","37885"
"29842","18239"
"29843","17371"
"29844","16211"
"29845","78055"
"29846","78621"
"29847","71751"
"29848","77006"
"29849","90255"
"29850","93546"
"29851","94102"
"29852","81527"
"29853","06119"
"29854","33844"
"29855","33101"
"29856","96730"
"29857","60936"
"29858","71744"
"29859","62570"
"29860","46103"
"29861","50444"
"29862","22732"
"29863","99117"
"29864","26369"
"29865","84537"
"29866","84775"
"29867","82833"
"29868","95918"
"29869","95223"
"29870","23219"
"29871","63139"
"29872","50227"
"29873","46730"
"29874","45897"
"29875","75833"
"29876","72360"
"29877","37658"
"29878","37030"
"29879","38351"
"29880","72031"
"29881","91354"
"29882","57015"
"29883","17083"
"29884","16228"
"29885","77547"
"29886","77845"
"29887","79057"
"29888","76567"
"29889","78669"
"29890","76801"
"29891","77954"
"29892","95482"
"29893","78631"
"29894","75234"
"29895","77351"
"29896","75948"
"29897","76642"
"29898","78019"
"29899","78061"
"29900","75462"
"29901","76137"
"29902","77561"
"29903","95667"
"29904","76871"
"29905","76430"
"29906","77879"
"29907","38112"
"29908","24540"
"29909","23851"
"29910","23507"
"29911","24415"
"29912","99134"
"29913","98603"
"29914","95833"
"29915","98447"
"29916","50255"
"29917","40935"
"29918","40078"
"29919","04924"
"29920","49633"
"29921","48073"
"29922","01038"
"29923","39095"
"29924","39629"
"29925","95389"
"29926","65552"
"29927","65320"
"29928","63108"
"29929","68957"
"29930","07011"
"29931","95543"
"29932","32931"
"29933","06232"
"29934","49456"
"29935","44110"
"29936","96085"
"29937","12414"
"29938","08090"
"29939","24620"
"29940","45034"
"29941","73533"
"29942","36081"
"29943","75691"
"29944","76453"
"29945","75938"
"29946","20112"
"29947","96130"
"29948","22535"
"29949","98304"
"29950","98087"
"29951","99169"
"29952","25617"
"29953","25849"
"29954","98305"
"29955","26847"
"29956","24927"
"29957","26261"
"29958","92082"
"29959","05477"
"29960","54542"
"29961","53183"
"29962","54227"
"29963","61372"
"29964","20045"
"29965","05037"
"29966","07650"
"29967","07505"
"29968","14853"
"29969","90822"
"29970","59715"
"29971","59722"
"29972","59524"
"29973","14856"
"29974","11239"
"29975","12176"
"29976","74017"
"29977","74953"
"29978","97920"
"29979","15626"
"29980","92147"
"29981","18444"
"29982","45861"
"29983","43836"
"29984","90019"
"29985","90260"
"29986","92551"
"29987","06702"
"29988","30677"
"29989","33146"
"29990","30230"
"29991","85004"
"29992","93306"
"29993","83323"
"29994","62018"
"29995","60620"
"29996","47872"
"29997","05439"
"29998","23962"
"29999","23884"
"30000","54983"
"30001","85911"
"30002","32026"
"30003","95466"
"30004","53129"
"30005","95819"
"30006","82513"
"30007","63962"
"30008","44652"
"30009","07009"
"30010","83650"
"30011","03293"
"30012","87064"
"30013","10282"
"30014","95064"
"30015","59088"
"30016","68419"
"30017","07660"
"30018","55771"
"30019","47110"
"30020","67843"
"30021","23899"
"30022","98847"
"30023","98267"
"30024","69360"
"30025","96008"
"30026","45636"
"30027","29651"
"30028","57245"
"30029","29346"
"30030","17957"
"30031","77068"
"30032","77451"
"30033","79380"
"30034","23958"
"30035","23436"
"30036","92278"
"30037","26330"
"30038","05445"
"30039","84758"
"30040","46407"
"30041","52308"
"30042","67218"
"30043","40065"
"30044","70645"
"30045","04926"
"30046","04427"
"30047","81122"
"30048","02121"
"30049","55973"
"30050","38606"
"30051","64054"
"30052","63666"
"30053","81235"
"30054","04275"
"30055","48022"
"30056","28342"
"30057","05866"
"30058","81650"
"30059","79096"
"30060","29899"
"30061","36541"
"30062","85336"
"30063","85932"
"30064","71653"
"30065","34113"
"30066","80536"
"30067","06027"
"30068","82063"
"30069","80293"
"30070","92649"
"30071","79830"
"30072","98297"
"30073","25427"
"30074","98117"
"30075","99576"
"30076","85707"
"30077","72006"
"30078","72012"
"30079","95526"
"30080","06762"
"30081","90063"
"30082","93426"
"30083","80746"
"30084","06096"
"30085","33321"
"30086","05056"
"30087","54127"
"30088","54458"
"30089","10168"
"30090","59729"
"30091","81140"
"30092","20373"
"30093","68981"
"30094","57553"
"30095","71973"
"30096","33957"
"30097","31821"
"30098","34429"
"30099","71373"
"30100","46619"
"30101","68002"
"30102","72366"
"30103","33025"
"30104","87455"
"30105","07104"
"30106","11973"
"30107","02895"
"30108","59055"
"30109","28306"
"30110","27344"
"30111","27841"
"30112","14827"
"30113","73553"
"30114","20535"
"30115","97735"
"30116","97390"
"30117","15563"
"30118","16372"
"30119","97910"
"30120","30577"
"30121","83610"
"30122","32464"
"30123","95555"
"30124","95076"
"30125","20565"
"30126","30554"
"30127","47982"
"30128","62801"
"30129","67837"
"30130","21649"
"30131","20687"
"30132","49887"
"30133","30438"
"30134","61329"
"30135","46393"
"30136","06387"
"30137","47274"
"30138","46111"
"30139","50316"
"30140","67635"
"30141","40069"
"30142","40353"
"30143","41749"
"30144","41612"
"30145","04236"
"30146","04414"
"30147","06042"
"30148","02724"
"30149","04613"
"30150","08248"
"30151","38948"
"30152","11579"
"30153","58103"
"30154","05352"
"30155","99712"
"30156","99791"
"30157","71922"
"30158","33472"
"30159","72641"
"30160","95043"
"30161","43101"
"30162","43721"
"30163","44670"
"30164","29607"
"30165","38068"
"30166","16546"
"30167","19151"
"30168","18076"
"30169","34215"
"30170","75942"
"30171","79916"
"30172","77990"
"30173","75574"
"30174","77331"
"30175","23707"
"30176","25565"
"30177","26164"
"30178","24737"
"30179","59417"
"30180","30816"
"30181","21671"
"30182","39150"
"30183","04856"
"30184","87319"
"30185","08210"
"30186","89046"
"30187","03576"
"30188","39631"
"30189","97520"
"30190","03768"
"30191","31062"
"30192","97103"
"30193","97465"
"30194","65438"
"30195","02915"
"30196","56636"
"30197","56467"
"30198","39059"
"30199","65018"
"30200","63763"
"30201","03282"
"30202","30153"
"30203","68669"
"30204","87041"
"30205","10462"
"30206","10278"
"30207","59480"
"30208","59858"
"30209","28551"
"30210","94574"
"30211","95245"
"30212","92140"
"30213","71845"
"30214","30581"
"30215","80241"
"30216","20064"
"30217","19710"
"30218","32334"
"30219","30308"
"30220","96761"
"30221","60176"
"30222","46235"
"30223","52229"
"30224","50069"
"30225","83634"
"30226","40831"
"30227","05664"
"30228","82633"
"30229","53537"
"30230","31699"
"30231","20553"
"30232","04628"
"30233","01347"
"30234","04066"
"30235","12884"
"30236","83223"
"30237","22548"
"30238","72454"
"30239","81610"
"30240","51631"
"30241","31038"
"30242","04740"
"30243","45103"
"30244","24614"
"30245","44404"
"30246","26075"
"30247","83552"
"30248","98577"
"30249","98326"
"30250","35060"
"30251","36278"
"30252","36016"
"30253","36048"
"30254","36866"
"30255","35072"
"30256","36769"
"30257","99556"
"30258","96790"
"30259","99737"
"30260","85708"
"30261","72764"
"30262","12177"
"30263","45807"
"30264","17920"
"30265","19453"
"30266","44659"
"30267","43127"
"30268","17949"
"30269","60466"
"30270","29665"
"30271","57791"
"30272","38254"
"30273","17069"
"30274","78562"
"30275","78014"
"30276","70352"
"30277","71423"
"30278","21914"
"30279","04622"
"30280","60155"
"30281","04920"
"30282","01718"
"30283","48041"
"30284","56431"
"30285","38764"
"30286","65327"
"30287","65566"
"30288","07022"
"30289","07055"
"30290","10003"
"30291","61043"
"30292","72837"
"30293","93454"
"30294","96137"
"30295","95360"
"30296","95636"
"30297","95726"
"30298","90016"
"30299","95210"
"30300","80021"
"30301","80424"
"30302","61423"
"30303","80440"
"30304","32256"
"30305","72530"
"30306","72167"
"30307","93635"
"30308","95603"
"30309","92780"
"30310","90270"
"30311","95956"
"30312","95960"
"30313","61276"
"30314","96027"
"30315","96041"
"30316","96024"
"30317","92411"
"30318","80260"
"30319","81130"
"30320","80446"
"30321","06235"
"30322","79235"
"30323","99109"
"30324","93561"
"30325","46158"
"30326","24910"
"30327","25108"
"30328","25051"
"30329","98562"
"30330","82932"
"30331","19731"
"30332","53505"
"30333","62672"
"30334","02745"
"30335","24656"
"30336","61553"
"30337","27819"
"30338","78594"
"30339","68331"
"30340","28444"
"30341","58042"
"30342","10985"
"30343","77327"
"30344","97905"
"30345","97484"
"30346","16638"
"30347","61563"
"30348","15204"
"30349","15370"
"30350","44137"
"30351","29388"
"30352","15698"
"30353","57532"
"30354","38571"
"30355","33055"
"30356","30707"
"30357","31036"
"30358","47958"
"30359","30642"
"30360","30648"
"30361","31510"
"30362","30660"
"30363","30413"
"30364","30602"
"30365","83234"
"30366","83235"
"30367","83227"
"30368","60157"
"30369","46502"
"30370","60482"
"30371","62663"
"30372","20010"
"30373","33476"
"30374","32455"
"30375","32212"
"30376","30114"
"30377","31763"
"30378","30263"
"30379","31822"
"30380","46142"
"30381","83810"
"30382","83221"
"30383","30071"
"30384","83536"
"30385","38852"
"30386","30512"
"30387","32333"
"30388","04855"
"30389","41250"
"30390","21824"
"30391","47865"
"30392","63821"
"30393","29710"
"30394","98402"
"30395","05354"
"30396","38344"
"30397","15378"
"30398","15422"
"30399","79772"
"30400","79549"
"30401","77010"
"30402","50119"
"30403","24605"
"30404","23872"
"30405","98290"
"30406","98533"
"30407","98663"
"30408","25053"
"30409","24844"
"30410","05751"
"30411","54531"
"30412","31320"
"30413","50319"
"30414","05859"
"30415","60945"
"30416","46123"
"30417","46186"
"30418","51461"
"30419","50597"
"30420","66210"
"30421","66761"
"30422","40215"
"30423","71447"
"30424","52209"
"30425","60660"
"30426","47585"
"30427","46968"
"30428","47553"
"30429","47855"
"30430","47306"
"30431","52240"
"30432","50309"
"30433","52359"
"30434","66212"
"30435","92322"
"30436","50011"
"30437","98584"
"30438","35490"
"30439","36047"
"30440","99610"
"30441","71953"
"30442","72528"
"30443","96033"
"30444","95417"
"30445","93622"
"30446","95573"
"30447","50141"
"30448","81004"
"30449","06334"
"30450","20228"
"30451","33135"
"30452","60173"
"30453","60472"
"30454","30571"
"30455","66612"
"30456","05648"
"30457","36477"
"30458","52737"
"30459","95459"
"30460","81334"
"30461","34448"
"30462","83604"
"30463","32096"
"30464","47335"
"30465","20745"
"30466","02652"
"30467","55604"
"30468","87575"
"30469","67016"
"30470","04431"
"30471","04344"
"30472","03906"
"30473","02357"
"30474","02494"
"30475","48186"
"30476","48460"
"30477","48021"
"30478","56461"
"30479","49075"
"30480","67515"
"30481","40280"
"30482","40456"
"30483","40036"
"30484","41332"
"30485","40155"
"30486","40472"
"30487","70079"
"30488","71295"
"30489","70582"
"30490","71280"
"30491","66416"
"30492","71227"
"30493","70655"
"30494","20616"
"30495","04971"
"30496","01535"
"30497","21664"
"30498","01890"
"30499","52060"
"30500","52776"
"30501","52531"
"30502","40210"
"30503","40217"
"30504","70517"
"30505","04758"
"30506","02743"
"30507","02142"
"30508","48014"
"30509","49948"
"30510","55967"
"30511","63462"
"30512","03109"
"30513","42129"
"30514","97493"
"30515","78382"
"30516","22473"
"30517","54177"
"30518","35584"
"30519","35254"
"30520","36474"
"30521","99745"
"30522","85215"
"30523","85363"
"30524","40604"
"30525","71858"
"30526","72556"
"30527","72950"
"30528","93560"
"30529","92109"
"30530","95552"
"30531","81220"
"30532","32664"
"30533","32321"
"30534","39654"
"30535","40008"
"30536","55785"
"30537","39041"
"30538","39577"
"30539","64110"
"30540","63501"
"30541","65251"
"30542","63377"
"30543","64136"
"30544","64750"
"30545","65567"
"30546","94305"
"30547","42631"
"30548","03823"
"30549","08071"
"30550","48122"
"30551","49912"
"30552","48625"
"30553","48205"
"30554","56279"
"30555","55436"
"30556","39051"
"30557","39116"
"30558","71259"
"30559","63653"
"30560","64119"
"30561","38922"
"30562","64167"
"30563","89702"
"30564","08869"
"30565","07080"
"30566","11233"
"30567","14415"
"30568","59843"
"30569","71247"
"30570","28448"
"30571","44128"
"30572","44881"
"30573","13352"
"30574","18955"
"30575","15715"
"30576","30448"
"30577","83278"
"30578","83677"
"30579","62205"
"30580","71209"
"30581","46045"
"30582","50543"
"30583","50573"
"30584","70576"
"30585","71404"
"30586","04357"
"30587","04769"
"30588","04973"
"30589","21890"
"30590","01560"
"30591","04464"
"30592","72002"
"30593","84511"
"30594","97604"
"30595","75551"
"30596","72457"
"30597","75559"
"30598","97634"
"30599","76155"
"30600","74729"
"30601","74734"
"30602","04985"
"30603","95472"
"30604","95490"
"30605","95521"
"30606","95548"
"30607","95556"
"30608","90716"
"30609","84529"
"30610","72020"
"30611","84532"
"30612","72469"
"30613","71008"
"30614","85620"
"30615","01005"
"30616","48312"
"30617","48027"
"30618","39359"
"30619","65608"
"30620","64735"
"30621","39744"
"30622","64849"
"30623","03034"
"30624","04478"
"30625","07204"
"30626","03754"
"30627","07603"
"30628","11021"
"30629","59645"
"30630","59019"
"30631","59735"
"30632","35579"
"30633","35581"
"30634","33015"
"30635","21240"
"30636","56345"
"30637","59215"
"30638","33021"
"30639","47807"
"30640","29122"
"30641","22546"
"30642","63944"
"30643","42356"
"30644","56033"
"30645","42404"
"30646","04992"
"30647","48750"
"30648","36460"
"30649","59230"
"30650","49113"
"30651","24318"
"30652","99561"
"30653","99572"
"30654","83440"
"30655","98283"
"30656","99606"
"30657","95037"
"30658","04363"
"30659","99650"
"30660","28110"
"30661","44046"
"30662","37847"
"30663","66216"
"30664","34449"
"30665","28458"
"30666","54615"
"30667","54942"
"30668","99660"
"30669","21105"
"30670","99667"
"30671","97701"
"30672","72501"
"30673","72513"
"30674","76273"
"30675","76305"
"30676","98815"
"30677","83873"
"30678","98845"
"30679","98926"
"30680","02723"
"30681","98937"
"30682","87419"
"30683","84534"
"30684","73456"
"30685","80924"
"30686","72546"
"30687","13410"
"30688","44809"
"30689","14261"
"30690","73727"
"30691","01564"
"30692","97532"
"30693","19501"
"30694","16113"
"30695","15537"
"30696","44690"
"30697","43761"
"30698","15139"
"30699","37874"
"30700","37821"
"30701","38132"
"30702","02109"
"30703","15752"
"30704","59647"
"30705","63620"
"30706","33311"
"30707","22902"
"30708","22904"
"30709","42411"
"30710","56056"
"30711","51554"
"30712","56058"
"30713","49903"
"30714","49129"
"30715","36507"
"30716","61039"
"30717","29133"
"30718","27284"
"30719","56657"
"30720","63630"
"30721","99680"
"30722","98355"
"30723","83541"
"30724","48143"
"30725","99734"
"30726","44633"
"30727","66424"
"30728","45166"
"30729","68778"
"30730","45205"
"30731","99746"
"30732","99789"
"30733","99825"
"30734","99833"
"30735","49101"
"30736","99903"
"30737","23389"
"30738","96075"
"30739","96090"
"30740","96107"
"30741","96123"
"30742","96132"
"30743","78638"
"30744","38614"
"30745","78723"
"30746","48353"
"30747","78833"
"30748","78860"
"30749","28745"
"30750","11752"
"30751","41097"
"30752","79007"
"30753","79040"
"30754","79079"
"30755","16677"
"30756","57758"
"30757","48089"
"30758","76039"
"30759","77835"
"30760","22701"
"30761","23824"
"30762","25541"
"30763","26228"
"30764","25165"
"30765","82730"
"30766","84649"
"30767","54171"
"30768","81324"
"30769","90247"
"30770","56441"
"30771","45174"
"30772","48554"
"30773","63633"
"30774","37327"
"30775","39870"
"30776","36003"
"30777","32730"
"30778","56080"
"30779","51578"
"30780","56082"
"30781","55124"
"30782","48825"
"30783","52647"
"30784","31323"
"30785","47434"
"30786","37101"
"30787","56672"
"30788","47876"
"30789","57272"
"30790","37334"
"30791","33945"
"30792","56464"
"30793","64765"
"30794","23954"
"30795","28479"
"30796","38340"
"30797","62841"
"30798","24011"
"30799","67025"
"30800","28782"
"30801","83623"
"30802","83631"
"30803","55342"
"30804","98541"
"30805","98583"
"30806","28150"
"30807","64776"
"30808","64778"
"30809","54232"
"30810","62852"
"30811","76437"
"30812","99122"
"30813","99149"
"30814","56557"
"30815","99328"
"30816","90806"
"30817","75157"
"30818","97355"
"30819","72042"
"30820","84631"
"30821","72569"
"30822","81022"
"30823","81038"
"30824","93004"
"30825","55716"
"30826","76475"
"30827","93060"
"30828","76541"
"30829","75001"
"30830","52566"
"30831","76520"
"30832","58530"
"30833","15739"
"30834","25305"
"30835","20899"
"30836","56639"
"30837","16670"
"30838","12453"
"30839","12534"
"30840","19436"
"30841","19462"
"30842","19559"
"30843","32011"
"30844","39160"
"30845","39175"
"30846","48377"
"30847","39633"
"30848","30401"
"30849","43437"
"30850","56089"
"30851","51647"
"30852","31331"
"30853","63334"
"30854","59336"
"30855","59344"
"30856","58275"
"30857","53066"
"30858","65785"
"30859","31721"
"30860","43456"
"30861","37354"
"30862","52030"
"30863","68380"
"30864","28533"
"30865","82720"
"30866","24483"
"30867","28790"
"30868","45301"
"30869","64065"
"30870","49854"
"30871","43611"
"30872","58631"
"30873","44116"
"30874","37916"
"30875","54313"
"30876","28540"
"30877","44693"
"30878","65470"
"30879","87002"
"30880","94508"
"30881","64430"
"30882","91024"
"30883","87518"
"30884","72619"
"30885","75670"
"30886","97820"
"30887","97827"
"30888","72645"
"30889","97833"
"30890","93257"
"30891","76654"
"30892","03042"
"30893","70031"
"30894","97016"
"30895","70038"
"30896","97029"
"30897","70510"
"30898","72084"
"30899","84654"
"30900","75189"
"30901","25508"
"30902","25517"
"30903","03456"
"30904","25624"
"30905","21136"
"30906","12585"
"30907","50028"
"30908","32054"
"30909","40144"
"30910","40165"
"30911","32567"
"30912","51101"
"30913","35768"
"30914","89143"
"30915","07750"
"30916","25826"
"30917","07846"
"30918","33069"
"30919","63357"
"30920","47501"
"30921","56720"
"30922","27317"
"30923","59718"
"30924","57625"
"30925","89141"
"30926","57626"
"30927","27596"
"30928","33605"
"30929","36069"
"30930","39661"
"30931","39664"
"30932","36079"
"30933","30817"
"30934","36559"
"30935","59421"
"30936","89409"
"30937","67073"
"30938","24531"
"30939","82922"
"30940","58636"
"30941","29520"
"30942","64154"
"30943","29733"
"30944","29745"
"30945","66535"
"30946","28575"
"30947","03036"
"30948","45354"
"30949","82938"
"30950","82941"
"30951","22989"
"30952","72650"
"30953","71103"
"30954","85739"
"30955","76711"
"30956","76904"
"30957","76943"
"30958","89501"
"30959","90023"
"30960","84029"
"30961","91303"
"30962","84713"
"30963","91324"
"30964","73551"
"30965","75754"
"30966","85757"
"30967","88336"
"30968","17010"
"30969","08240"
"30970","12924"
"30971","60043"
"30972","35057"
"30973","50124"
"30974","48397"
"30975","41465"
"30976","50671"
"30977","26074"
"30978","08011"
"30979","26178"
"30980","07092"
"30981","21405"
"30982","57332"
"30983","59934"
"30984","36088"
"30985","30828"
"30986","47118"
"30987","58006"
"30988","59441"
"30989","58012"
"30990","61516"
"30991","94704"
"30992","87901"
"30993","59728"
"30994","43151"
"30995","37165"
"30996","49885"
"30997","27885"
"30998","28280"
"30999","38007"
"31000","23517"
"31001","23523"
"31002","66603"
"31003","88203"
"31004","24088"
"31005","82001"
"31006","83113"
"31007","24592"
"31008","23025"
"31009","23030"
"31010","49917"
"31011","28312"
"31012","85901"
"31013","85922"
"31014","87017"
"31015","93553"
"31016","77021"
"31017","93592"
"31018","79707"
"31019","79851"
"31020","79904"
"31021","32358"
"31022","15921"
"31023","43523"
"31024","19125"
"31025","87746"
"31026","85332"
"31027","72335"
"31028","32043"
"31029","34268"
"31030","35089"
"31031","32118"
"31032","40322"
"31033","35615"
"31034","30428"
"31035","08036"
"31036","07044"
"31037","26287"
"31038","21601"
"31039","26301"
"31040","13116"
"31041","13134"
"31042","13163"
"31043","13309"
"31044","30113"
"31045","57730"
"31046","43529"
"31047","88268"
"31048","60636"
"31049","36108"
"31050","57012"
"31051","59451"
"31052","57021"
"31053","31780"
"31054","63764"
"31055","58353"
"31056","49634"
"31057","57748"
"31058","08880"
"31059","57752"
"31060","61878"
"31061","57760"
"31062","66017"
"31063","65556"
"31064","24104"
"31065","54755"
"31066","67213"
"31067","67232"
"31068","49925"
"31069","07311"
"31070","64458"
"31071","58718"
"31072","28330"
"31073","62537"
"31074","25123"
"31075","49504"
"31076","38663"
"31077","71960"
"31078","08722"
"31079","13326"
"31080","13461"
"31081","93041"
"31082","37351"
"31083","79010"
"31084","55606"
"31085","23701"
"31086","40363"
"31087","38824"
"31088","40383"
"31089","48434"
"31090","32462"
"31091","13290"
"31092","08085"
"31093","26377"
"31094","26415"
"31095","08102"
"31096","13328"
"31097","55129"
"31098","40437"
"31099","30139"
"31100","41810"
"31101","39771"
"31102","95542"
"31103","14481"
"31104","31524"
"31105","49339"
"31106","43203"
"31107","61541"
"31108","37405"
"31109","49821"
"31110","64105"
"31111","57780"
"31112","39773"
"31113","59001"
"31114","14168"
"31115","31020"
"31116","56248"
"31117","59016"
"31118","44828"
"31119","24134"
"31120","28621"
"31121","45657"
"31122","67364"
"31123","45690"
"31124","49938"
"31125","59086"
"31126","64470"
"31127","38054"
"31128","66724"
"31129","65605"
"31130","28628"
"31131","28643"
"31132","45698"
"31133","86053"
"31134","95697"
"31135","78330"
"31136","59072"
"31137","78335"
"31138","78368"
"31139","59833"
"31140","16941"
"31141","95922"
"31142","91020"
"31143","92120"
"31144","81425"
"31145","96006"
"31146","96020"
"31147","59241"
"31148","96023"
"31149","96047"
"31150","52765"
"31151","40313"
"31152","50847"
"31153","21717"
"31154","26554"
"31155","08243"
"31156","17723"
"31157","17750"
"31158","14125"
"31159","50272"
"31160","30145"
"31161","40506"
"31162","30164"
"31163","55753"
"31164","55763"
"31165","51009"
"31166","27053"
"31167","27055"
"31168","43033"
"31169","28315"
"31170","22202"
"31171","59759"
"31172","35772"
"31173","39428"
"31174","48629"
"31175","42163"
"31176","52307"
"31177","63061"
"31178","36276"
"31179","43036"
"31180","28021"
"31181","36617"
"31182","59520"
"31183","31546"
"31184","29302"
"31185","47997"
"31186","45745"
"31187","69146"
"31188","67478"
"31189","23093"
"31190","49958"
"31191","28077"
"31192","27964"
"31193","23708"
"31194","65084"
"31195","44314"
"31196","82222"
"31197","66749"
"31198","67529"
"31199","69219"
"31200","69333"
"31201","70542"
"31202","27861"
"31203","73556"
"31204","95327"
"31205","81148"
"31206","81430"
"31207","06856"
"31208","33496"
"31209","30411"
"31210","96740"
"31211","83316"
"31212","62083"
"31213","95954"
"31214","10984"
"31215","61851"
"31216","47467"
"31217","47930"
"31218","52501"
"31219","50032"
"31220","52220"
"31221","41660"
"31222","08352"
"31223","21853"
"31224","17758"
"31225","28768"
"31226","17832"
"31227","40514"
"31228","32217"
"31229","38923"
"31230","32222"
"31231","39341"
"31232","30506"
"31233","48509"
"31234","21920"
"31235","08751"
"31236","27883"
"31237","08850"
"31238","31811"
"31239","42164"
"31240","30549"
"31241","30557"
"31242","30562"
"31243","52340"
"31244","63084"
"31245","57065"
"31246","37055"
"31247","27043"
"31248","29067"
"31249","31825"
"31250","63853"
"31251","59826"
"31252","27516"
"31253","46804"
"31254","55971"
"31255","70554"
"31256","70559"
"31257","72729"
"31258","45363"
"31259","97906"
"31260","71226"
"31261","93640"
"31262","93673"
"31263","77076"
"31264","87031"
"31265","89084"
"31266","80547"
"31267","87733"
"31268","88419"
"31269","43619"
"31270","92132"
"31271","71232"
"31272","71371"
"31273","70040"
"31274","04456"
"31275","04408"
"31276","01475"
"31277","48038"
"31278","38620"
"31279","38618"
"31280","58533"
"31281","65625"
"31282","63824"
"31283","65259"
"31284","07979"
"31285","69350"
"31286","69341"
"31287","88350"
"31288","07608"
"31289","10993"
"31290","14035"
"31291","58105"
"31292","48202"
"31293","46280"
"31294","51050"
"31295","08904"
"31296","10020"
"31297","10044"
"31298","14068"
"31299","14202"
"31300","14209"
"31301","48653"
"31302","12835"
"31303","35896"
"31304","63101"
"31305","59047"
"31306","31063"
"31307","61322"
"31308","27205"
"31309","31558"
"31310","61338"
"31311","53170"
"31312","59831"
"31313","12207"
"31314","57451"
"31315","30622"
"31316","32666"
"31317","39475"
"31318","60604"
"31319","59068"
"31320","71238"
"31321","71241"
"31322","81210"
"31323","81211"
"31324","95430"
"31325","10173"
"31326","95623"
"31327","78229"
"31328","87045"
"31329","71743"
"31330","91377"
"31331","85351"
"31332","80624"
"31333","75846"
"31334","72826"
"31335","75858"
"31336","13843"
"31337","75861"
"31338","59253"
"31339","59036"
"31340","28108"
"31341","58076"
"31342","10039"
"31343","12512"
"31344","97331"
"31345","97213"
"31346","15492"
"31347","10040"
"31348","18509"
"31349","15076"
"31350","19383"
"31351","29058"
"31352","37854"
"31353","48210"
"31354","04644"
"31355","04932"
"31356","04987"
"31357","10915"
"31358","43914"
"31359","11010"
"31360","11109"
"31361","15424"
"31362","14302"
"31363","14456"
"31364","18246"
"31365","40962"
"31366","50478"
"31367","55378"
"31368","59075"
"31369","73441"
"31370","59081"
"31371","59601"
"31372","53004"
"31373","29353"
"31374","63878"
"31375","33503"
"31376","53191"
"31377","46931"
"31378","52534"
"31379","31087"
"31380","74010"
"31381","60952"
"31382","63120"
"31383","59633"
"31384","94104"
"31385","94112"
"31386","71764"
"31387","70117"
"31388","89131"
"31389","91608"
"31390","74120"
"31391","74728"
"31392","75934"
"31393","75939"
"31394","86036"
"31395","77418"
"31396","77435"
"31397","18970"
"31398","76078"
"31399","76053"
"31400","75432"
"31401","22560"
"31402","74134"
"31403","24237"
"31404","20115"
"31405","22046"
"31406","25011"
"31407","82433"
"31408","20202"
"31409","53216"
"31410","54645"
"31411","60539"
"31412","87825"
"31413","74849"
"31414","83422"
"31415","01561"
"31416","01833"
"31417","11411"
"31418","11556"
"31419","15760"
"31420","14537"
"31421","18360"
"31422","14585"
"31423","32312"
"31424","97486"
"31425","41014"
"31426","55403"
"31427","39066"
"31428","02120"
"31429","59634"
"31430","31631"
"31431","43321"
"31432","49709"
"31433","37315"
"31434","67573"
"31435","96119"
"31436","15562"
"31437","69353"
"31438","67628"
"31439","53935"
"31440","62098"
"31441","23117"
"31442","68055"
"31443","29936"
"31444","62983"
"31445","84083"
"31446","89183"
"31447","97038"
"31448","73662"
"31449","70647"
"31450","72934"
"31451","86042"
"31452","81424"
"31453","81431"
"31454","77465"
"31455","77506"
"31456","97147"
"31457","84098"
"31458","97020"
"31459","84111"
"31460","88311"
"31461","70436"
"31462","19054"
"31463","85298"
"31464","30830"
"31465","32903"
"31466","70427"
"31467","83120"
"31468","01267"
"31469","97741"
"31470","39426"
"31471","42087"
"31472","49765"
"31473","11739"
"31474","15930"
"31475","18431"
"31476","18463"
"31477","50545"
"31478","60305"
"31479","35474"
"31480","97522"
"31481","02637"
"31482","02725"
"31483","16101"
"31484","11798"
"31485","16160"
"31486","67853"
"31487","62206"
"31488","43913"
"31489","33854"
"31490","33857"
"31491","18072"
"31492","54514"
"31493","28382"
"31494","44440"
"31495","66778"
"31496","54856"
"31497","83804"
"31498","72342"
"31499","81523"
"31500","92301"
"31501","71418"
"31502","19027"
"31503","81612"
"31504","94703"
"31505","94956"
"31506","77587"
"31507","73097"
"31508","73102"
"31509","87311"
"31510","97215"
"31511","72372"
"31512","73743"
"31513","15082"
"31514","70722"
"31515","71435"
"31516","92311"
"31517","03051"
"31518","29845"
"31519","78852"
"31520","98644"
"31521","24426"
"31522","53172"
"31523","17745"
"31524","15015"
"31525","36921"
"31526","99770"
"31527","99684"
"31528","85132"
"31529","71675"
"31530","93602"
"31531","96009"
"31532","90047"
"31533","91203"
"31534","06783"
"31535","15350"
"31536","18634"
"31537","35481"
"31538","50571"
"31539","41086"
"31540","50591"
"31541","20204"
"31542","24966"
"31543","07077"
"31544","16364"
"31545","16373"
"31546","90021"
"31547","44901"
"31548","19004"
"31549","98801"
"31550","66085"
"31551","44449"
"31552","65254"
"31553","54541"
"31554","65656"
"31555","24250"
"31556","66840"
"31557","83236"
"31558","44215"
"31559","98047"
"31560","98105"
"31561","98155"
"31562","43974"
"31563","76033"
"31564","95051"
"31565","77660"
"31566","77705"
"31567","95222"
"31568","89419"
"31569","43458"
"31570","89425"
"31571","80821"
"31572","97525"
"31573","97526"
"31574","85542"
"31575","71468"
"31576","74452"
"31577","86429"
"31578","95249"
"31579","32139"
"31580","45218"
"31581","31791"
"31582","60419"
"31583","61027"
"31584","47907"
"31585","46555"
"31586","46183"
"31587","50127"
"31588","67138"
"31589","40048"
"31590","41004"
"31591","29102"
"31592","41640"
"31593","21202"
"31594","19043"
"31595","41142"
"31596","41144"
"31597","39144"
"31598","19955"
"31599","25126"
"31600","12153"
"31601","16617"
"31602","02858"
"31603","19079"
"31604","19148"
"31605","41175"
"31606","29640"
"31607","44490"
"31608","62701"
"31609","28425"
"31610","65704"
"31611","34986"
"31612","98221"
"31613","29472"
"31614","83352"
"31615","99547"
"31616","28088"
"31617","23231"
"31618","62273"
"31619","66207"
"31620","44607"
"31621","77865"
"31622","77868"
"31623","77957"
"31624","16823"
"31625","73130"
"31626","89444"
"31627","87327"
"31628","85544"
"31629","80863"
"31630","85553"
"31631","88112"
"31632","76119"
"31633","95423"
"31634","95435"
"31635","17101"
"31636","95444"
"31637","89081"
"31638","08887"
"31639","87020"
"31640","58231"
"31641","10505"
"31642","97063"
"31643","15112"
"31644","15463"
"31645","17982"
"31646","29488"
"31647","15621"
"31648","57722"
"31649","77063"
"31650","27540"
"31651","59866"
"31652","56028"
"31653","32709"
"31654","35967"
"31655","36467"
"31656","59248"
"31657","95669"
"31658","29046"
"31659","57241"
"31660","22903"
"31661","30673"
"31662","51549"
"31663","31648"
"31664","70075"
"31665","71720"
"31666","97423"
"31667","84750"
"31668","72143"
"31669","29115"
"31670","74068"
"31671","74070"
"31672","81201"
"31673","78208"
"31674","95666"
"31675","87047"
"31676","71749"
"31677","84762"
"31678","84766"
"31679","86011"
"31680","37660"
"31681","71269"
"31682","94107"
"31683","77358"
"31684","89129"
"31685","19901"
"31686","04852"
"31687","31537"
"31688","02641"
"31689","97630"
"31690","29512"
"31691","37748"
"31692","79045"
"31693","44082"
"31694","35957"
"31695","36767"
"31696","36475"
"31697","95209"
"31698","96014"
"31699","81043"
"31700","32179"
"31701","96743"
"31702","38301"
"31703","38483"
"31704","26456"
"31705","98222"
"31706","05083"
"31707","53219"
"31708","87016"
"31709","02670"
"31710","58002"
"31711","32403"
"31712","39701"
"31713","37122"
"31714","11220"
"31715","59710"
"31716","27555"
"31717","53218"
"31718","36010"
"31719","42464"
"31720","46984"
"31721","31316"
"31722","59314"
"31723","36865"
"31724","37338"
"31725","56687"
"31726","61801"
"31727","36037"
"31728","56446"
"31729","63650"
"31730","73066"
"31731","75249"
"31732","98273"
"31733","26349"
"31734","48124"
"31735","15539"
"31736","04961"
"31737","48002"
"31738","39339"
"31739","39042"
"31740","63069"
"31741","07068"
"31742","53901"
"31743","03752"
"31744","07021"
"31745","28394"
"31746","18434"
"31747","89438"
"31748","83648"
"31749","46226"
"31750","41031"
"31751","40818"
"31752","70836"
"31753","01611"
"31754","55155"
"31755","55415"
"31756","07850"
"31757","15140"
"31758","68050"
"31759","37722"
"31760","28719"
"31761","98466"
"31762","99620"
"31763","85540"
"31764","71962"
"31765","95595"
"31766","94114"
"31767","93653"
"31768","94571"
"31769","15693"
"31770","33137"
"31771","31519"
"31772","31563"
"31773","96777"
"31774","67430"
"31775","59716"
"31776","61810"
"31777","59916"
"31778","43467"
"31779","52750"
"31780","19542"
"31781","33109"
"31782","27312"
"31783","63664"
"31784","37137"
"31785","29437"
"31786","57633"
"31787","49757"
"31788","39666"
"31789","36564"
"31790","59419"
"31791","15315"
"31792","33136"
"31793","97456"
"31794","87829"
"31795","75251"
"31796","75904"
"31797","72927"
"31798","77414"
"31799","77449"
"31800","97131"
"31801","88003"
"31802","78644"
"31803","97473"
"31804","70648"
"31805","81419"
"31806","71357"
"31807","72959"
"31808","77502"
"31809","77515"
"31810","91737"
"31811","45339"
"31812","58757"
"31813","79261"
"31814","19082"
"31815","97830"
"31816","16686"
"31817","43985"
"31818","17976"
"31819","75647"
"31820","77808"
"31821","78951"
"31822","22971"
"31823","05765"
"31824","75780"
"31825","04286"
"31826","21071"
"31827","02110"
"31828","56529"
"31829","56153"
"31830","63874"
"31831","65020"
"31832","08812"
"31833","14774"
"31834","59213"
"31835","78521"
"31836","59330"
"31837","44850"
"31838","74747"
"31839","73901"
"31840","15027"
"31841","49611"
"31842","37363"
"31843","37369"
"31844","52134"
"31845","42758"
"31846","79108"
"31847","33140"
"31848","59434"
"31849","49627"
"31850","43519"
"31851","48896"
"31852","59447"
"31853","47580"
"31854","59452"
"31855","47586"
"31856","85381"
"31857","79245"
"31858","88028"
"31859","71422"
"31860","71433"
"31861","95023"
"31862","90302"
"31863","87305"
"31864","73106"
"31865","75446"
"31866","80813"
"31867","85530"
"31868","75160"
"31869","88030"
"31870","74426"
"31871","86333"
"31872","77707"
"31873","89422"
"31874","70739"
"31875","75475"
"31876","53953"
"31877","90057"
"31878","56173"
"31879","85326"
"31880","80461"
"31881","78003"
"31882","76538"
"31883","02836"
"31884","86556"
"31885","71260"
"31886","01081"
"31887","39466"
"31888","97862"
"31889","15564"
"31890","45612"
"31891","82221"
"31892","79413"
"31893","15688"
"31894","37043"
"31895","16246"
"31896","17120"
"31897","75604"
"31898","79257"
"31899","22922"
"31900","98270"
"31901","98948"
"31902","22214"
"31903","75158"
"31904","54160"
"31905","54166"
"31906","62266"
"31907","83523"
"31908","01467"
"31909","95589"
"31910","81301"
"31911","57745"
"31912","33621"
"31913","22824"
"31914","77871"
"31915","37398"
"31916","60642"
"31917","31523"
"31918","56525"
"31919","61534"
"31920","47964"
"31921","22835"
"31922","63036"
"31923","37037"
"31924","37040"
"31925","75210"
"31926","92354"
"31927","92378"
"31928","77859"
"31929","95306"
"31930","77905"
"31931","80294"
"31932","97232"
"31933","70773"
"31934","74562"
"31935","92518"
"31936","76164"
"31937","95379"
"31938","95404"
"31939","90706"
"31940","70435"
"31941","85607"
"31942","72476"
"31943","92310"
"31944","92655"
"31945","95448"
"31946","81212"
"31947","76798"
"31948","20566"
"31949","30286"
"31950","62521"
"31951","50660"
"31952","40051"
"31953","41062"
"31954","71424"
"31955","04455"
"31956","49841"
"31957","55417"
"31958","75859"
"31959","83466"
"31960","04571"
"31961","41183"
"31962","70091"
"31963","03071"
"31964","97415"
"31965","02916"
"31966","99641"
"31967","99726"
"31968","92155"
"31969","75840"
"31970","80113"
"31971","43210"
"31972","61552"
"31973","35776"
"31974","60651"
"31975","60657"
"31976","49402"
"31977","63445"
"31978","33444"
"31979","53146"
"31980","77443"
"31981","31031"
"31982","47263"
"31983","36311"
"31984","76127"
"31985","74761"
"31986","95461"
"31987","78076"
"31988","95558"
"31989","95585"
"31990","80439"
"31991","80423"
"31992","79504"
"31993","91962"
"31994","85626"
"31995","97711"
"31996","92646"
"31997","76265"
"31998","76310"
"31999","98812"
"32000","98827"
"32001","98858"
"32002","99006"
"32003","78881"
"32004","97329"
"32005","84535"
"32006","97738"
"32007","97739"
"32008","65606"
"32009","03220"
"32010","07440"
"32011","10026"
"32012","58008"
"32013","10007"
"32014","37145"
"32015","17886"
"32016","18962"
"32017","15727"
"32018","57703"
"32019","15083"
"32020","77657"
"32021","61874"
"32022","83622"
"32023","61955"
"32024","50041"
"32025","38581"
"32026","42330"
"32027","40387"
"32028","20688"
"32029","38702"
"32030","63128"
"32031","65548"
"32032","89450"
"32033","88330"
"32034","10170"
"32035","59823"
"32036","79085"
"32037","29333"
"32038","63860"
"32039","51363"
"32040","32639"
"32041","31055"
"32042","36720"
"32043","47708"
"32044","61332"
"32045","59546"
"32046","59832"
"32047","22031"
"32048","27520"
"32049","30627"
"32050","51459"
"32051","47324"
"32052","60917"
"32053","60928"
"32054","37066"
"32055","27217"
"32056","75644"
"32057","74943"
"32058","20132"
"32059","74960"
"32060","99139"
"32061","99207"
"32062","74003"
"32063","71051"
"32064","72616"
"32065","93015"
"32066","93208"
"32067","93221"
"32068","89010"
"32069","22960"
"32070","89001"
"32071","80004"
"32072","72058"
"32073","89822"
"32074","87510"
"32075","87515"
"32076","75116"
"32077","23976"
"32078","84066"
"32079","26833"
"32080","24350"
"32081","84501"
"32082","61519"
"32083","19716"
"32084","54765"
"32085","35462"
"32086","48195"
"32087","44610"
"32088","96161"
"32089","33848"
"32090","49808"
"32091","84003"
"32092","59724"
"32093","27839"
"32094","58490"
"32095","74128"
"32096","15825"
"32097","15557"
"32098","15544"
"32099","57321"
"32100","37367"
"32101","76513"
"32102","81040"
"32103","22845"
"32104","77480"
"32105","76940"
"32106","24588"
"32107","22027"
"32108","98418"
"32109","24013"
"32110","58454"
"32111","30635"
"32112","35952"
"32113","32701"
"32114","23069"
"32115","31084"
"32116","52537"
"32117","59632"
"32118","58222"
"32119","57522"
"32120","27983"
"32121","28009"
"32122","44411"
"32123","93240"
"32124","93285"
"32125","24412"
"32126","93304"
"32127","89013"
"32128","85017"
"32129","97394"
"32130","72101"
"32131","74034"
"32132","97850"
"32133","93451"
"32134","71647"
"32135","90029"
"32136","98836"
"32137","90032"
"32138","87025"
"32139","71667"
"32140","72104"
"32141","87560"
"32142","75752"
"32143","71115"
"32144","75760"
"32145","89830"
"32146","58801"
"32147","23047"
"32148","43504"
"32149","84035"
"32150","45769"
"32151","82050"
"32152","99611"
"32153","90033"
"32154","95428"
"32155","80860"
"32156","83530"
"32157","60706"
"32158","24599"
"32159","47201"
"32160","46786"
"32161","47123"
"32162","83801"
"32163","05260"
"32164","87034"
"32165","02322"
"32166","02199"
"32167","96086"
"32168","07442"
"32169","26234"
"32170","20880"
"32171","48005"
"32172","55455"
"32173","50643"
"32174","35594"
"32175","25524"
"32176","62987"
"32177","82327"
"32178","67664"
"32179","29594"
"32180","25432"
"32181","23160"
"32182","23181"
"32183","23833"
"32184","23837"
"32185","34947"
"32186","98610"
"32187","98648"
"32188","83839"
"32189","43934"
"32190","54527"
"32191","26763"
"32192","93526"
"32193","93605"
"32194","93616"
"32195","59827"
"32196","79735"
"32197","79843"
"32198","68016"
"32199","35645"
"32200","20319"
"32201","43240"
"32202","26452"
"32203","97405"
"32204","17779"
"32205","06254"
"32206","40143"
"32207","03086"
"32208","87321"
"32209","67117"
"32210","40041"
"32211","70526"
"32212","04929"
"32213","06716"
"32214","25156"
"32215","20742"
"32216","38921"
"32217","64166"
"32218","03864"
"32219","12045"
"32220","13664"
"32221","68364"
"32222","28466"
"32223","45041"
"32224","73735"
"32225","24851"
"32226","16866"
"32227","35032"
"32228","38644"
"32229","48066"
"32230","30528"
"32231","55921"
"32232","25870"
"32233","12923"
"32234","48081"
"32235","41519"
"32236","05766"
"32237","26160"
"32238","17098"
"32239","24244"
"32240","54876"
"32241","98038"
"32242","98074"
"32243","83333"
"32244","43970"
"32245","37801"
"32246","66104"
"32247","84070"
"32248","23868"
"32249","54880"
"32250","34974"
"32251","83404"
"32252","64686"
"32253","28435"
"32254","35071"
"32255","98332"
"32256","85541"
"32257","72949"
"32258","82601"
"32259","76255"
"32260","74957"
"32261","99820"
"32262","71763"
"32263","80454"
"32264","80623"
"32265","57340"
"32266","92123"
"32267","34953"
"32268","19358"
"32269","82329"
"32270","45870"
"32271","29320"
"32272","15634"
"32273","77096"
"32274","79336"
"32275","75554"
"32276","99164"
"32277","26362"
"32278","05492"
"32279","05038"
"32280","53125"
"32281","07423"
"32282","56210"
"32283","40049"
"32284","72455"
"32285","55090"
"32286","40330"
"32287","41538"
"32288","21529"
"32289","26260"
"32290","26323"
"32291","82215"
"32292","48128"
"32293","40361"
"32294","41775"
"32295","26411"
"32296","40403"
"32297","35183"
"32298","35184"
"32299","82514"
"32300","68751"
"32301","99557"
"32302","82727"
"32303","99591"
"32304","99640"
"32305","83464"
"32306","37825"
"32307","68315"
"32308","23927"
"32309","68761"
"32310","98336"
"32311","98345"
"32312","99721"
"32313","80264"
"32314","37851"
"32315","54622"
"32316","79350"
"32317","79414"
"32318","79506"
"32319","79556"
"32320","89101"
"32321","88253"
"32322","68954"
"32323","97848"
"32324","81652"
"32325","35446"
"32326","29671"
"32327","76431"
"32328","76597"
"32329","26268"
"32330","60150"
"32331","53110"
"32332","91201"
"32333","62824"
"32334","20782"
"32335","27810"
"32336","95421"
"32337","29922"
"32338","79915"
"32339","35953"
"32340","85008"
"32341","72834"
"32342","94850"
"32343","81243"
"32344","34739"
"32345","30453"
"32346","41838"
"32347","19936"
"32348","21734"
"32349","26623"
"32350","13624"
"32351","46219"
"32352","46613"
"32353","46617"
"32354","08353"
"32355","26851"
"32356","13794"
"32357","13820"
"32358","20551"
"32359","30184"
"32360","23936"
"32361","68342"
"32362","54961"
"32363","99749"
"32364","99763"
"32365","62357"
"32366","54637"
"32367","54639"
"32368","54654"
"32369","54843"
"32370","82716"
"32371","98416"
"32372","83624"
"32373","29693"
"32374","44108"
"32375","12460"
"32376","86540"
"32377","34488"
"32378","06380"
"32379","67567"
"32380","05345"
"32381","49863"
"32382","36908"
"32383","19709"
"32384","60960"
"32385","64150"
"32386","68014"
"32387","31513"
"32388","83211"
"32389","61278"
"32390","46922"
"32391","25557"
"32392","50265"
"32393","50470"
"32394","40422"
"32395","48054"
"32396","55055"
"32397","56621"
"32398","03861"
"32399","07043"
"32400","11210"
"32401","48532"
"32402","54136"
"32403","17951"
"32404","46259"
"32405","46731"
"32406","08890"
"32407","10024"
"32408","10172"
"32409","18035"
"32410","14213"
"32411","60171"
"32412","04780"
"32413","84773"
"32414","68401"
"32415","45246"
"32416","82723"
"32417","27831"
"32418","64830"
"32419","29724"
"32420","44697"
"32421","82832"
"32422","28906"
"32423","45332"
"32424","64453"
"32425","37620"
"32426","49878"
"32427","28244"
"32428","62883"
"32429","11954"
"32430","99824"
"32431","72076"
"32432","95901"
"32433","96007"
"32434","80488"
"32435","33039"
"32436","08246"
"32437","06043"
"32438","33028"
"32439","31722"
"32440","83837"
"32441","83449"
"32442","46409"
"32443","47880"
"32444","67868"
"32445","40419"
"32446","59457"
"32447","58643"
"32448","27302"
"32449","28611"
"32450","43217"
"32451","97386"
"32452","15067"
"32453","18701"
"32454","29828"
"32455","78236"
"32456","22815"
"32457","24325"
"32458","43805"
"32459","25511"
"32460","84039"
"32461","84734"
"32462","01010"
"32463","01070"
"32464","11238"
"32465","18218"
"32466","14475"
"32467","39038"
"32468","01583"
"32469","08821"
"32470","11417"
"32471","15696"
"32472","18356"
"32473","14592"
"32474","35453"
"32475","02129"
"32476","02382"
"32477","68442"
"32478","45351"
"32479","83012"
"32480","30218"
"32481","27879"
"32482","49894"
"32483","34681"
"32484","67156"
"32485","33781"
"32486","49915"
"32487","43738"
"32488","28325"
"32489","66621"
"32490","71410"
"32491","48610"
"32492","01462"
"32493","48050"
"32494","55790"
"32495","38601"
"32496","03218"
"32497","59412"
"32498","68324"
"32499","27603"
"32500","28457"
"32501","28170"
"32502","04949"
"32503","11020"
"32504","74446"
"32505","97410"
"32506","15522"
"32507","82639"
"32508","99786"
"32509","07105"
"32510","68034"
"32511","34108"
"32512","06376"
"32513","39746"
"32514","50531"
"32515","41224"
"32516","21869"
"32517","48065"
"32518","03033"
"32519","73848"
"32520","85172"
"32521","15781"
"32522","14708"
"32523","14742"
"32524","47809"
"32525","30281"
"32526","02771"
"32527","16212"
"32528","41071"
"32529","20260"
"32530","16250"
"32531","24651"
"32532","67227"
"32533","45617"
"32534","49920"
"32535","48180"
"32536","64459"
"32537","38050"
"32538","54760"
"32539","82072"
"32540","67340"
"32541","45640"
"32542","38053"
"32543","54469"
"32544","23696"
"32545","62946"
"32546","20520"
"32547","20615"
"32548","44853"
"32549","16024"
"32550","37213"
"32551","15661"
"32552","78580"
"32553","78839"
"32554","57735"
"32555","22963"
"32556","22932"
"32557","24293"
"32558","24577"
"32559","25109"
"32560","05341"
"32561","92281"
"32562","48101"
"32563","23921"
"32564","15466"
"32565","86512"
"32566","72515"
"32567","90079"
"32568","81033"
"32569","98824"
"32570","31569"
"32571","30004"
"32572","60112"
"32573","50154"
"32574","41366"
"32575","70126"
"32576","49084"
"32577","01068"
"32578","56140"
"32579","56165"
"32580","75441"
"32581","12106"
"32582","32361"
"32583","35553"
"32584","07108"
"32585","19979"
"32586","16652"
"32587","19066"
"32588","19367"
"32589","39146"
"32590","39153"
"32591","45203"
"32592","32413"
"32593","36439"
"32594","59218"
"32595","36793"
"32596","56630"
"32597","36804"
"32598","67484"
"32599","37730"
"32600","23703"
"32601","54820"
"32602","74522"
"32603","24168"
"32604","45809"
"32605","84720"
"32606","84721"
"32607","84729"
"32608","84735"
"32609","70558"
"32610","85927"
"32611","97903"
"32612","81133"
"32613","16331"
"32614","72749"
"32615","93665"
"32616","45772"
"32617","26041"
"32618","15474"
"32619","96105"
"32620","30802"
"32621","66024"
"32622","49660"
"32623","64769"
"32624","35570"
"32625","57724"
"32626","28743"
"32627","99607"
"32628","94089"
"32629","80482"
"32630","80827"
"32631","61725"
"32632","20390"
"32633","60164"
"32634","60441"
"32635","85341"
"32636","71334"
"32637","04576"
"32638","56230"
"32639","63830"
"32640","56550"
"32641","98245"
"32642","17211"
"32643","50535"
"32644","50848"
"32645","67841"
"32646","72459"
"32647","61324"
"32648","46047"
"32649","04449"
"32650","40374"
"32651","40941"
"32652","89118"
"32653","65529"
"32654","60018"
"32655","30814"
"32656","04848"
"32657","33897"
"32658","71765"
"32659","14895"
"32660","14767"
"32661","03279"
"32662","07003"
"32663","35094"
"32664","72047"
"32665","36343"
"32666","36319"
"32667","30559"
"32668","61074"
"32669","93920"
"32670","01827"
"32671","07712"
"32672","07430"
"32673","97411"
"32674","03470"
"32675","35005"
"32676","36611"
"32677","35064"
"32678","36111"
"32679","36269"
"32680","92407"
"32681","95460"
"32682","70819"
"32683","66945"
"32684","02191"
"32685","02066"
"32686","43971"
"32687","07422"
"32688","44113"
"32689","12407"
"32690","13754"
"32691","20018"
"32692","35078"
"32693","36512"
"32694","35186"
"32695","94965"
"32696","94501"
"32697","95410"
"32698","67953"
"32699","02559"
"32700","60084"
"32701","20743"
"32702","81326"
"32703","29643"
"32704","12926"
"32705","29501"
"32706","36255"
"32707","35580"
"32708","99835"
"32709","35205"
"32710","99724"
"32711","06820"
"32712","06512"
"32713","85546"
"32714","92040"
"32715","62828"
"32716","21921"
"32717","57026"
"32718","29689"
"32719","02889"
"32720","14898"
"32721","99643"
"32722","85748"
"32723","85323"
"32724","83469"
"32725","85085"
"32726","06378"
"32727","95830"
"32728","06281"
"32729","20621"
"32730","04616"
"32731","42086"
"32732","03253"
"32733","03603"
"32734","02842"
"32735","06510"
"32736","07748"
"32737","85625"
"32738","85345"
"32739","72211"
"32740","93013"
"32741","92266"
"32742","49431"
"32743","49640"
"32744","89039"
"32745","07090"
"32746","83429"
"32747","08109"
"32748","27551"
"32749","71642"
"32750","72157"
"32751","72951"
"32752","95039"
"32753","85340"
"32754","85755"
"32755","80550"
"32756","20637"
"32757","93932"
"32758","04073"
"32759","01247"
"32760","28515"
"32761","38237"
"32762","14069"
"32763","11554"
"32764","38381"
"32765","30467"
"32766","18625"
"32767","45172"
"32768","19806"
"32769","32531"
"32770","15642"
"32771","18814"
"32772","37865"
"32773","17307"
"32774","29634"
"32775","75980"
"32776","76459"
"32777","75650"
"32778","39819"
"32779","33837"
"32780","20016"
"32781","33703"
"32782","01084"
"32783","04664"
"32784","20711"
"32785","65609"
"32786","78336"
"32787","73938"
"32788","77458"
"32789","79239"
"32790","82331"
"32791","95843"
"32792","49852"
"32793","28560"
"32794","05850"
"32795","03444"
"32796","83802"
"32797","69211"
"32798","58752"
"32799","95685"
"32800","95694"
"32801","30525"
"32802","19736"
"32803","30701"
"32804","80759"
"32805","32757"
"32806","06379"
"32807","63834"
"32808","63137"
"32809","20871"
"32810","73844"
"32811","74008"
"32812","42133"
"32813","31419"
"32814","56516"
"32815","08205"
"32816","63673"
"32817","03592"
"32818","82321"
"32819","99588"
"32820","15033"
"32821","99771"
"32822","93446"
"32823","80214"
"32824","47713"
"32825","99362"
"32826","95981"
"32827","96001"
"32828","96021"
"32829","96032"
"32830","96051"
"32831","96064"
"32832","32346"
"32833","92553"
"32834","62341"
"32835","70344"
"32836","60093"
"32837","56143"
"32838","55806"
"32839","10987"
"32840","55073"
"32841","43021"
"32842","28615"
"32843","33172"
"32844","60165"
"32845","99613"
"32846","04742"
"32847","33155"
"32848","96120"
"32849","67001"
"32850","02148"
"32851","39635"
"32852","01452"
"32853","56401"
"32854","78726"
"32855","78834"
"32856","78950"
"32857","04108"
"32858","63629"
"32859","30087"
"32860","32112"
"32861","01201"
"32862","02346"
"32863","01469"
"32864","48094"
"32865","03049"
"32866","23601"
"32867","45011"
"32868","62931"
"32869","45424"
"32870","44104"
"32871","11005"
"32872","07661"
"32873","46260"
"32874","79092"
"32875","79111"
"32876","74464"
"32877","43330"
"32878","16213"
"32879","32430"
"32880","40823"
"32881","15717"
"32882","29338"
"32883","01740"
"32884","49663"
"32885","79353"
"32886","78006"
"32887","60942"
"32888","61001"
"32889","08324"
"32890","02493"
"32891","41503"
"32892","01730"
"32893","02324"
"32894","08010"
"32895","43777"
"32896","97230"
"32897","25530"
"32898","25637"
"32899","26710"
"32900","99614"
"32901","38632"
"32902","21777"
"32903","69301"
"32904","88344"
"32905","08829"
"32906","87943"
"32907","59713"
"32908","68980"
"32909","27985"
"32910","44626"
"32911","97434"
"32912","30241"
"32913","21540"
"32914","46637"
"32915","32224"
"32916","07462"
"32917","27959"
"32918","64088"
"32919","18202"
"32920","19134"
"32921","97110"
"32922","16854"
"32923","45111"
"32924","55043"
"32925","29687"
"32926","29475"
"32927","38008"
"32928","15014"
"32929","75440"
"32930","79546"
"32931","79720"
"32932","24502"
"32933","24328"
"32934","24073"
"32935","55612"
"32936","84604"
"32937","82334"
"32938","53502"
"32939","06160"
"32940","33301"
"32941","04606"
"32942","62441"
"32943","55964"
"32944","56654"
"32945","63129"
"32946","42171"
"32947","54814"
"32948","15946"
"32949","16940"
"32950","31027"
"32951","61569"
"32952","47551"
"32953","46074"
"32954","47598"
"32955","42629"
"32956","40337"
"32957","02647"
"32958","93202"
"32959","96035"
"32960","95935"
"32961","95443"
"32962","30572"
"32963","30030"
"32964","47577"
"32965","46974"
"32966","47305"
"32967","50070"
"32968","59736"
"32969","40350"
"32970","49307"
"32971","48346"
"32972","95032"
"32973","94519"
"32974","92249"
"32975","91108"
"32976","90810"
"32977","96725"
"32978","83632"
"32979","04010"
"32980","50239"
"32981","50066"
"32982","50118"
"32983","51521"
"32984","40218"
"32985","41039"
"32986","70458"
"32987","91104"
"32988","91708"
"32989","90034"
